phr_id,mobile_number_hash
6298ea3253c65bae2e73eca4,2a1500161ba41e7c7396d8d3864527ac4a5fd2ffbb124d6385db6f92de1d9b52
69d0bcf891996e05c09c0b1e,663d546f5b0711b0c7b57090aa6cac1f93ef5e278dd706c57a59bc5b98dabd3f
62c44ff653c65bae2ecb9ce3,cf337272fa92fc0d93c2bebeda15464f9282c14cfaef2f9f93ed2082cbba02a6
69d2093e91996e05c049c0bf,c48c842d0c79cbdf8a1ccebbae2e38c1548563bd59612f9bbe44c026d3a40c86
6a1fec1091996e05c0fa830e,b0f73c55494145e1fa1021a92242e0a874c56d64b68b4e51b576597683a11e71
6a1fef9091996e05c00b7e35,12f694ba0e0b97f05ee093a0b2d327f667e18ded4f4f2efd7b996871d486e6d2
64afe3efcf21b2948d616336,fa70f532c8b5dd47d2ce4b38627c429c5477cb4bd5f99ad68f27ed4f8bf37e02
69dfc5c491996e05c0c8930b,a07f83c571703ddbdc87d0b1b8854a30bc761d7fafda03e6c4525ecb0fc71bbe
6a1fef3891996e05c009ec69,6b318cb22a237b47b1896c55da2bc76f774ce02bab94cca99ba648c765537cf4
68527bd4ab7e60756efa423d,817534b72883f1b2fb1b2b3b83d43dd4d752771af211a0313422f43e04b2df10
624c032b7bee9c5d5a223ba6,08973cf21f9e582b0a7b55de98567b753caa284ca678c01cb2484ae79e95fc84
69bd4c4b91996e05c045231f,95ae4e79d3e39d8d66c04fe46014f3f17f35a628da6cc83998e3927b162d59f1
628f45a67bee9c5d5a886746,d67717ed7d6d98cf8e9997dd4c396e8da6c9514c8f2be85ec6dde3ded3496ba3
65dc814ccf21b2948d562592,8c07b2d4651b169e85fcccfe147e835da1cb09d26bccfe2a3e52eece0ceb5cee
62271bba7bee9c5d5a344004,c6de5e8c4bf70bad65ed1996329c73e36e464afcb40478fb1c043415475b210b
6294de6b7bee9c5d5a63e3d9,215def4c95b6d7951ba0055dd82e33968ff5187c9837835914dd44457afddb7e
6a1fedcf91996e05c00312fa,9d10df2398ed5f0efbdbcb3d97f5f9251e997c91cf41247d9ce8cedab6abdf89
6a5f2d1e91996e05c0e877f2,6598fa59d835e7defb938cfcafd9b401aabdde23c125614d299b111d01ad3822
6a1fec1a91996e05c0fab172,821eb21d10aecd20637c47cd272166ad9c447936838d9630f403cd2376739ef8
6a1fee4691996e05c005620f,3d705778c774977a641d8a14bb51cbef90847fe72b109a404b70fd30860df645
6a1fec2091996e05c0facb75,a65cdfad49df7a7fd1dc3eb9f606c4c431fe380ebd927a6f6826b6ca0332fcac
6a1fedc091996e05c002cc13,3966f88f5c10713a4f2720f29b5470de035fbc249976165fc9701ac70ee50176
641aea0e7bee9c5d5a392ed8,27a6c609ac2896fd5dbf17b61e5669ae242eff2e806776f06ed0e93a405c9c47
67135c31ab7e60756e06c744,bcbfaaa677ffb8536992b26108019ee2e19e455610d753f7a6c31c748eb45a92
6a1feb5991996e05c0f6ca9b,26163004905e31cbba77277c06e1039d148bdf6e585caf71e82959edfbbfc903
641aea8d7bee9c5d5a3a47aa,60cb51c50595646dd305e9b89c5a090a2adcf6c0944e81112050bcfafc508a4d
6298eae653c65bae2e746b24,4cd028c7cdaaf89e4274782794a12058279ea59202b9c381dd4c324d5591186c
680fb55bab7e60756e418be0,900dee6f811e4a8e57e38d3afce2aa1100ae29e574f05b7cde3564eb4a965a09
68527accab7e60756ef806dc,be1ae688d49d74f5ae5ffa6616d2ee9032ff3d9153b21e562dd7dff3c12d8dae
6294df517bee9c5d5a64d51f,fc1b0e4ab57d353cce07b2194fbe74c11bfe0b6195d3af4e5a3ec414ef97736f
68878f0ae3ec279a5508737c,d22c400b0175c14641d5995dbb20eb4acbfd45e944b9d0413d65592b99f94436
64afe4accf21b2948d6374ae,7bc7daa455da9f8522cc477d3d801f80610c4a9a6afeb6d59400af79b1943f9f
6713597cab7e60756e01d891,f9c68600f32578074a406be56d4d1cffec68952cdcfece31b1cde0026cbe6584
613a1d03ee3b0993ea7ba760,47a088c6e29b86ccf4c3365bbdc910d854fd7de52906c976b24965a1ced5306f
67ee831fab7e60756ed47b1f,4deb5b0178b80187fdc3469c0c35373ff4c45ec2f27834b162a04850f404ade8
621e0123ee3b0993ea0329bd,5f64f6812dc0930d22a39ce94af1defecf1f8fe7f8ab13b2aee0f8b58bb61c66
64be45d6cf21b2948d0f62b0,f0675fc43a410ac1786e95ee23010c93cbc81978323f611ff988ca84e2114a6c
6a1fefd691996e05c00cd3f1,d3f8d1a7a4c64fddd5da6eda45c90abb3f3fe4e4aec4d3ba7bd52e6e6b307dad
6a1fedd491996e05c0032ea7,bae01157b1e2f0546cf4e7c4a335b712af351da977800585aa29deeb62db49c9
64e4860bcf21b2948d0777f2,1b880f1570bee375f2a06c69077dc96a996309ff4d9c60bf5f20ad246f7317f1
6a1fec4391996e05c0fb7ddb,bcbe9a214af2d65241ccc6f918468225ed54b97fb9b78961407bf7061329c46c
6a1fed1191996e05c0ff560e,0d0ae2476d65e29ad8e16ab06ee7bd923584d256e965a0e870292bb9e70943b0
6298fffd53c65bae2e81676e,ab912c4734d12cbce46b9685991196a87d36b2434423b4a2dc04cb15e300a13d
6a5f2ea491996e05c0ed384d,f3b528ba1a4d6821c8093c5a4accc8b3b9345605e0340b2f96d01ebc1361d546
63298ed47bee9c5d5a6e2610,bcc7ea215bac011d3e123d7006cd7fc61ca5e377570ebeb3ddfb172dabe8aba8
6a5f2dee91996e05c0eaef43,a45dcfe187b29d2bcc7b6500cb46557e2d5c9da44bab5c5831209689a5de37e2
67134f38ab7e60756eef6bf2,f9da05c6c63005c6d9122a15dd83fa5ea3c66b42b1154cafd6378dc57f5d18fe
61e182bd813bb28a90124a01,cf04805dc7824b1b2574c440118d95b6b446f68254c4404a0374ddee976d2e03
69bd7f8e91996e05c0e309f1,0e695c2f16b4dc0c300964f384f939c7b53cc9bee716503dc9c9f7fde71942a0
6299110153c65bae2e885693,2f83617c036bbf25fe678b87f9ebaac595a6b3256203eb5ac47559e63dade083
6a5f2d6c91996e05c0e95f9d,8521d6b2cf1cca7e9f30ee7d7bc1b218a26dde0a22acd973fe12aadd1d0eae3d
6294e43d7bee9c5d5a6994d6,32a8460da6c75d551741d071dbd529383179d42738a4174d84a07aea364197eb
6a1fefe191996e05c00d0763,3cf25810ab90b4e76cccc017a6a1ad6533543a05d512fbb3d8d312d54a60c7db
64f0017ccf21b2948dbe873d,38c456c6ebff9248a10aa88de5642ee084affc456d2a463416d53e65bd56b0da
6298e29353c65bae2e6e1a16,6df49745d439f53d3144ba291ff42083e45ff1197a87c79957a3f529e7ccab87
6298d68153c65bae2e623cad,31803270ac6805c59f2f3b7b88ebae8be18f0d9ce2ce8a1df360adf9a3f477a6
69be071f91996e05c05e1d3e,31e33ce71fd9cdbdbccf0147f122cb8ddb001f37b8804089fe79cb9c0770218f
6a1d79e191996e05c0e3eb99,c01588850914620dd383ca28dd4687b9fad226d383e11904a2efbb1f63ca53ff
6a1fede191996e05c003681c,ddabb551a0dff92898a617692924ae8b04e971a14c2cb9e68139ef49345c6cde
6a5f2ee491996e05c0ee05fe,0e7c4532efbf80c543b62817cfbde127525779d7b4d33bc84abceb09b09be5e4
69522c1fe3ec279a554337d4,7fb902f0e192c35bdcf328d479267b7a5b365ecbfebe5237965c08f767219f46
65782f178c12ebd66f95087a,10342c403974374e81185c27ad3e6083508d40950be30fec3e047e60dcf92db5
6a5f29d891996e05c0ddbaaf,3bc9315786b318d0ecfa755ac6d2143b0ca5b5fc860c6e75fe7baeca882bfadf
624d61f07bee9c5d5ac4edde,5b01de3acbf18ebc725a6fdc078b8bb4fa1bdf0ef8f7dde9119095ed3b7e4718
6a1fefd591996e05c00ccfe1,1cc42c824178a1e9c35606edd3f6ac358b986458ab959bfeb62b18c497955045
6a1fec4291996e05c0fb7526,7f9a30ac09427ed3d2e4a83100e5766cb7dd1bfd35b196c320794bd3e6419396
6298e3a253c65bae2e6ef6c4,34d9a83c11755efa8fe9f43a95889668d341c9317b9421aa5baa9d43657a8f36
660a87f1cf21b2948dab1f5c,4f942d968bdc76400dcfa749e7fc960759caa0cdd4dd34d367f6780d2675c72f
6a1e1c1e91996e05c02cc022,2951bdb264235299248c9063b4f5ec059a114f608298d9ca242ba42ae1d20d73
67ee7e54ab7e60756ec4e134,d3cdabf15a31dd67397fd9ceca518bd9ca0f906896da86c0abe97dee4c641a3a
6a1fee9891996e05c006e0b0,13dd70cfaad05f568d192169465c7ad6fbdbfa1cc6b677b95ea19dd951837860
6a1feaf891996e05c0f4d7ad,e78ad3401c41fbd4b3636bf8e3498aad48c1a594de0c7c93ed005ee27b0cf92b
6a1fefa091996e05c00bc83f,0ab0740cd86332c9b3bf24e57a8ba97c211155c99691916409b1bb9ff696e242
6a1feedc91996e05c0082e51,3f9618d7be58edebc7dca0e5d750d39cde945751f79074d3a4e81437f407ade3
6a1fea8c91996e05c0f2a74e,2f7c69553ee02ab7a7eb68279ed1017a772b55cbdf657a150f49bb56053c05ec
6a1fef6191996e05c00aa5d9,cbe481ce654612f78b5bc243cf1aca0111a944a5e3f3e21f7f48d274afd53523
6a5f304891996e05c0f20e11,6d5f4f8c257d3c3ea32e5e7a8f8456b60fd40504dbfab1cf6ac9bb4ebdb0995a
661fd95acf21b2948d874143,ed6cf14bee5d0f8b911d5a57d8da5670a35dc8c53f10d3f999ba5b2e6cdf2e49
624eb1eb7bee9c5d5a5f2280,6e0a27a7556a8a8c753ab70f5f1d562ad64cb0eb33410a109534a7bee1fb7aec
6a1fec2c91996e05c0fb0d91,b232fbf3aa7279ac72517dc53cb336014cceee9f7660dd88f7ff68789ae1cfba
6298c11953c65bae2e4ceb9f,088dbfbf63ba0b073063e372f6559ba2bd61f82bc076cf64740f849d6daea090
68db6fe0e3ec279a55b29e1e,a23a69f53aeab51f1e7ad8794c1e763c39d306a3ee127a4024b8f6d2dd8b6e37
69bdf95b91996e05c04b2a5c,2bd8d6c831e60778ce8ddf563d6c18061d04a1c6165972f860b02c6a77c9c18d
69cfb71a91996e05c0460973,9510b3f73e033bb362e242ec4db05988f387147b2230e1e40cf9f83e6a862e99
628720a67bee9c5d5a684653,52cc60e7080c0afbbcae9380f7bdab7889de4ca5dd66e9b22bbcb5104e4fdb99
6a1fec6891996e05c0fc28b6,47cd339c5355abc13e072359933124660b7301d0da82dca40b574aa995a26a16
6a1fef0391996e05c008f637,53105e6487a6b82f4618c80c56f4e1986191689013da25d81681df0f3cdc4660
68bece2de3ec279a558b940e,f32ce100c9a556018e43c3ba6a8ed25d6e7edf4c656bbc73435410507ad68f6d
6294e7357bee9c5d5a6c390f,ebe24008dfc67725b54cb02798bd9df5af4ff8d660087f7b5f089bcc1e1cc663
641aea157bee9c5d5a396f48,5bfa87d0d60e150f21efa3ee84dc1fb777d75219dff92638c2e428508a27ba20
65df3078cf21b2948d2bdea9,be3edf640f3888feed422de5621eddca43e9b1532cd1498057e9a449c439de99
660a8846cf21b2948dabd839,7c04fb90cc176e4d536cdcba5124b8f3152709707b70a80cfb8039bdc112abf0
6a1fedb691996e05c0029351,f342b2e1784dc9dbfb862392b768e4a287d2f5f64c228685fabe0e2c30a2f926
6a1feeda91996e05c0082b05,6d720542e9d75e6757bb29fa43ae4df0fc0b3b48ba3b76d00eda8ff7b4fdfd79
6a5f33f991996e05c0fdcfac,30ccb55e2d4c85e0b626a3772dedc2403c78d22f4ba951bb1d0e97bd5add8042
6294daf17bee9c5d5a608b46,4951c910412dbcde911c967228610cf5261ea345acc918a7b47281745fab3ae1
67b86415ab7e60756e72f951,e1954ce31a706776d98bd7bc92af0b26648fcc6d49265886419f035e4b43f4ba
642675dd7bee9c5d5abc1867,4153f03d0b1d4ac59874a2a75d53da26bdf32067676373cdfd97b8ac39f9b027
641aed357bee9c5d5a3efadf,19339bc84a0cdbe567ff7bcb7be38d33283d0c75e8f709062be8f62a0f063372
6a1fed5a91996e05c000b677,5b14c1e3bf180eb8682ae66f71be9ab49dfd8ceeef566d0ca3d28b1dd7459313
6a5f2dad91996e05c0ea2271,946d75d7f4cb50fff937897ec868b128c8df966b06901be8b06fa5585d9b1b0d
67ea256bab7e60756e767ad0,a64d761891898fb86f4326ec4fdcb20a67f9a200947fa855fd9814efeebd1a71
6697862aab7e60756eeb373a,c1822a61c4f3e211adf490aa7bd987645102f827071bee466ffde5dfc39edb52
69bdda0b91996e05c0352df7,9adba0ce7b23cb60ec7178f2bfa057addad5237082fbf20c9e06dd78628d6992
6874eac0e3ec279a55e6bbe6,361fd39dc1be302e86cab70028c4d2d9e1635de69bb7cad72eef9f37ac49f194
65df4818cf21b2948d684cb9,255418753556a0a3bb0ee927513f3b62f1296a550ee82fe9d6ff8ef58af2aa67
69bd4e6391996e05c04ee925,0aafae377316648c383b1bcd4ffab11d6f04a3e97968483e856d2e1b0359b895
671350a3ab7e60756ef249aa,d9e8d4afe5d61dacb7a1a737e86a9103fa5a9ea81ac29d2fe865547cdf9d9310
65df4504cf21b2948d6040ee,7eba7ded06a16fdd98f9cc39fcc069c972dbba1933982e37f5151285da203822
6a1fedc691996e05c002e7a8,c9cd2f8faea55fd1f185675527bca1520fd9e1a0f70f6af8f73b759db18cafce
6229c1827bee9c5d5a32d1b9,b2f466f5e297782b4c244a5531ded441fae2480d9674a78f560c9a4a23248176
66978924ab7e60756eef44c2,5e745ad8d0fef3b03642d263aaf0ea571eaf20cac1d527e5fe7f12abce73ff09
67f116a9ab7e60756ed9a29f,0e8277734442e14469c6c701eb269425f8cbfc9270f209861b8aae670268d02d
69d0b9d291996e05c0901b51,536d439db4503f5c24ac30a4d7e06bb1f36444cc7b9a91354d89686e2f12c075
6a1fec2791996e05c0faf1ce,f35c26b8012a1e641eb1797e2a910f6dec9e0bb60bcedaf2a231ac55dd4e07a0
641aea137bee9c5d5a395b32,5e9b550beec245c10995b9cbf9358f6b4f4c00476c7707daaa5ff01a4e8e4914
6a1fedfa91996e05c003ebeb,d1fddd6268eb6c9016066ac12418ac2c10c895bd722a5ee47495fc2674854302
6298be1953c65bae2e498a22,a62b60fda674b881d3bb0c8687fdffa7328be3f8a5e0df0e78db7f44c65ffeb4
6a1fed1091996e05c0ff53f6,46a5ec719820ae6fbb0768b69f3217a2280ee50174c0225eb6ae559c54ef3931
6a709a48a8ff762f0d74e836,0e33827a1f3b59ac55bf864b3ee1682c0e0b60c62ef30248e2785cf52a42163d
6298ffdf53c65bae2e8158d0,5a63c7e07b8c34fcb288626b8ece7cf2ea6fffd0bd83b70f09b006db160d6968
6a1fedfd91996e05c003fb18,7cd809d6afcaf1bd02f10d1fe81b525a9e09dde2a8ab67e11659522348fe4f55
6a1fec7d91996e05c0fc8c25,5d571b23b0e8a1b47afc91cff6a9d5671d2199d804f50ee47a07ee03763c1dee
67220eabab7e60756e6d9235,6ca89753d93b9049e2f21c0635b05caac8be9c50ddd8667c1d90a4435f1cc91a
67135855ab7e60756eff685f,740e5c764682af5b6c4985191cceaddccce1fccdf5df763bef9c9b150be4c534
65dc9739cf21b2948d88cd99,7055320a8289d202a8be9b786e6b83599969460c9ff74105198f75632dbb48d1
6a1feb6891996e05c0f7215e,5742dcb4ab47b77975f7c02c1676900f3edc0e3d22d9fb8cb13b61efd2b453f7
65dc7f0acf21b2948d50c8b2,68e5a1aa6f886bfebd6f696f28a67187b3011f821f5a108a6d1d4c0e42096c5d
6a5f2ca291996e05c0e6e697,34fccc4c35271dfce781a8e277b8476eea1e67ad8dbc90bcc6c9ebeecd04e41e
6a5f310191996e05c0f4534e,b49c4be75ca7752e8e26089128758d219ebd1974e8aafdb414b6859c5c379171
6298f48b53c65bae2e7b2f0f,beb99e9969955aa347f7592920a66aea0570219442640673cf7d8ec6d2806709
6a1d777e91996e05c0db79a9,fcf065d1f35b4eeb4b7ec795c99ecf2ff57d46add60210205adfcf9ab230b9fc
6294def87bee9c5d5a647a46,aad8cdf3692b2b6df9305e0be63106a444868b5d9201baae37fac540f38f964c
6a1feef691996e05c008acfe,b54056e1b6de486d17b67e360dffa0d7e6f67d54d2c589ed05919f96c316e923
6a1fee9b91996e05c006ed72,93be1833fd4a8fe54b212ee52d37679dd145c62949f7717706603afe3d0322c5
624c0cde7bee9c5d5a2b9b34,bb8105907098bc376aa0791783f20cce383e615a5e177ce14aedd34d1fd2fcb6
6a5f34a391996e05c0ffbf56,5338aefd30bc1f4bed07f237312562c3ce883527a444edde25d79fbe3232a620
69e1258b91996e05c07016fb,0b853572880cff84fd0bf52469e7901681231ef7e52d5a865da255d854df37aa
67135cc3ab7e60756e07fbbc,b001c6a66241f5cda52524ac00a05bb79406de2069a8e455a24ce0067daa29b8
6a1e198b91996e05c02ab04a,8465e48bb227f2c4be0eaae35ebab0caca956aa33301439c6b3dcca3c308ecc0
68527bb8ab7e60756ef9fdf2,c500383ce463a7d687ad6b1c6c383225d78156960217cbac4c4eb31ec677b36d
6a1fee5891996e05c005bd61,2cd6417dfde9eedae25af792101a0f2977169da9d65b8440cd6cd624c5e43fe5
6a5f264f91996e05c0d1d9cd,98542f2851fe7926d9be716b7ced4ff19588d7f4a4514df8609e221dfda8903d
62305aa57bee9c5d5a42f909,ce6d005b52e139cf9ea57817c7994f7f5148de4522da1a1540d92eba8c8486f4
6294e29a7bee9c5d5a681081,395bd63a419b88e8d74b165a11638caee1c5c49c22f215997df396dc01796167
68c905e2e3ec279a55bdba1a,b574d9f46dafb4afd4d5035ccc2aea439b88c9991f20e2ce15ee12fb0efbb794
6a1fecb291996e05c0fd9a6a,76cad1902ade26ef980803528cff919b5228ed888fbe5ae2b6a0493c279147cf
6a1de2d991996e05c0fff43d,6b49bd439b2fdfb43886803498127c29fe40d9f6b64bac070a9e30b74075bf03
65df1d35cf21b2948dfe952b,abe700dbdacf129b0bd91052f1cf12096f667faa31ee06375aa62ab3ca8546a5
6a1febb991996e05c0f8c7b6,3c1b799fdac54306e477f5040711fc7d01f19eb25c7a937ea6b8dfad9597bf9d
6298e91953c65bae2e731fdb,d36da59030d7d2b3b779520b7981f83a813efe7e24b3d99a8814db467bd59a81
6a1fec5091996e05c0fbb99d,80fb65261f0132ed6ed535de4f368b8e0eb7fc7ea8827b81eb028d8a07f939ae
69d00c4891996e05c04785f8,9f895feb83324ff016fade470f4175f1c8396adf2c11175ebae5f0c5d0d453ec
65df4b77cf21b2948d703233,e9d1de5a2c3ec7fc22bf2804f1143c83f159f640d92321188143c2d3a687ba76
6a1febf291996e05c0f9efa5,86e3b3346d76becb31f057b7d648f105fbbf87f21c032670ffc4af44093feae9
65df3692cf21b2948d3ae3a3,2651b987747bdf9ceb6acc418a78c13ad32f614c4769477337615e102baf597d
67ea3a3aab7e60756e9b23fb,92f464b8346bc568febbe96cae636ca2be55a53830bcfa7d04c8605b56f9fcda
69bd6dcd91996e05c0bbb5bb,a3d766ab4b108a7c2c7bfdc5a7a2cf498ac0016fc0605064b94b2ce96feb195b
689afef3e3ec279a5540e1cf,a7a70535df117610c10e3cc53322ef4ece58a797191b1ab829fa451d5f455168
65df3918cf21b2948d418858,6799201d2c0a409b60138dcfacaacfb4a46fc5e5dce79b20c9b91f646d7d2f2b
69d207ef91996e05c045f3f0,0834f12e480e4a0248b0d78a6907146f6065b8daba0192e03ae4fe882a5eba62
65df4262cf21b2948d599a83,ff0a30e9fc9e1f154bd6aa70dde15aa42a79fa19675971fcce1594ede395aba0
6a1fed4a91996e05c0006a46,90cb02ebc40581659ba8cbe0dc8c5a9b32c71cde81e785ca804dee736ce0cc3d
6a1feb9b91996e05c0f82ed2,e04029a85760b931ac0ef315b6c6a6dba1d81ada8d0b30dcca4b862231e91c91
633e8ad17bee9c5d5a07fc7b,0f0e573e4eb075368ec6f912ff30e4b118bb818365ab7d3656ce645300ed32ba
6a1fedcb91996e05c002ff7f,6241c04991f5d65039ca8c290a1f23d0ef6f43d2444e52d83ad38b0a9f1d6dd2
65291df5cf21b2948d5d36e2,d9f50ecca84fc62e77a11bbaa0447dd47dddda0792ba33ba60cd32ae9b4b7639
61f73d23ee3b0993ea1bb803,a786d5271044dbc2f4ba99bfb3a6d7b21cc877c9d3d652ea3396990ef7d53765
6a30ee4e91996e05c04f22b2,1df53a634098a86bc8ffcee5565bc0298a8a977c0cadc97bffe1be4de5dfedef
6a1feb7991996e05c0f77a7d,478fc8e53d609e7daad1393a1eed3a31180aa2282c4e53157f54562cdb9e8e37
6a1ff01891996e05c00e0a77,4b36ce2fb2b3a565fac7b47ea502d462595a6b2f0412d37acaa66a6b4095fa7b
65df1ac7cf21b2948df8d2d8,bac0cd7e7181557f064faaa00a7931b15415d1859458067c9ed239293100c2e1
641aea137bee9c5d5a395a9f,999d213878b1b824badc1c548d29408992bec9d2fb99c0dbd81878222c1b9d49
6a1ff02491996e05c00e42c5,b4a0dfff7f9dfb42f70007788203c2c01cf5ad44673a14f4536e81fc82eb18bd
6a1ff08991996e05c0101827,f48cae1958cc2215f4a1d331c0c49e58a443639c3c1518bacc385004929996df
69d0b54391996e05c07ead93,26f867df2ce3cb04b390ce5430cfcd0e81ab5baffb1118a563045d6d43b4e9f8
6a68873fa8ff762f0dc10f6b,67b7d67826d55cbf95ffd79a8e8daa3c5d2d5cd4bbdc59b573972954fdb6a186
69bd4c6691996e05c04589f1,f9070596cb6bc687d44651f02a56b0d25b4da6193c725cc9bb6994064697c61a
63cacf3c7bee9c5d5a680f25,9742b7807b91bfdbd87eaeda8d406f8e374e6e438038fbc1c238d4ccb437ef91
697cdc3b91996e05c0f2cfaa,b2c3e6a5a6c25057c7a71b897fb3cabf5cb8eee5e1b0be0b7211d4921f825042
6a1fecf291996e05c0fec898,d49777c03b2719e2d47de835ed9fdd6b7907d238427bc2f64e46d07ab64a8c29
673bb2d6ab7e60756e3367e8,faddb60f7ded0ad6e33d29dc644e9fd013ab31357dda21ccfe2cdee0c0ff4bd9
65dc7ba3cf21b2948d48de81,6a6d8bfec1c45b96f429408aaac93bec933e98c19c32fb7abb0ca5445b914132
6a1fed8391996e05c0018bcd,6e45cb1f775d96a5dc4864056a9d1ccb12754978a5d6da211d15aae309bfe766
6298fa4a53c65bae2e7e514c,9f53a71f8859c96f4b3f9a9b751daf5a723c8319ba8653c9ffeaa62f5ccccf9e
6012dd477e23857eeab16112,fae9c65c6dbd1c808f1397467f97c81ca59ff06ba180d1dc5be3576e6f573896
671350a4ab7e60756ef24d83,d9e5ea6c21ee867f76277d0c87cf1bf384f44d44c4fd2e6f5a0d2199b98d6b85
6a1de2b191996e05c0ffcf9b,493ca3c57d7dfb2329b4f683cb4f193080f9ddd7b30766c80a60dec4c6bb9916
69bd4d9791996e05c04a639f,cd553dfdc3ffffb1ba9342cb43e09c002dd09a79e83c7915fbfeee051a4a9b57
67ea3929ab7e60756e98d620,5b01508b55300ca450c890ca4421a43e4e930cb91506b73d4b2a2c92964d490e
6a1fe97f91996e05c0ecdd63,02ecd147a35da48791fa2d74d4ab77d58d18dd2adb61e83fb25b4625f19edb1d
64be45dccf21b2948d0f7faf,ce894a1d16c77cb0307f821d4b8ca8c6553cefe8ba477829af0152a9c6bc95cf
5f8e4155610faaf7fb451f99,b296a4e057d4511c599df10750c5017f4e9c470dc07f82095f65cf4e7fce84bf
68db704de3ec279a55b3b0a4,654f35067cd54ec6a648d8f88ef6943b699ce93f258dba9bbf4db627779d92c3
5e492d677dfca5a87a256851,d1574dc906c5bdc12b738f6fb36c177404fbb99c0350ac2ab5a10416d475513c
6a1fee1291996e05c0046734,43246c2a4751a6ccf73bcb4c857cabcb54a6614e61e06a6fee7728f1cca1b1d6
68db7043e3ec279a55b394ab,9f52e20f5beb4e5714f4b7d8c24835c4099a071af978b4974844021b1b564314
65dca76ccf21b2948db239de,d35407cfb6938a00977be8eeeaa9c358562ed1f256da3fde2907a12991422a98
69bd53a091996e05c0678108,2006fbd457ee1ffca16d4b9db7b1dd2fc0aa8a10bcf0dca21ac909ac693c9a35
6298e00a53c65bae2e6b8c29,5f5d5a6c46aec82656e9565e583fb0a8750903dbbcfcd99f26a2316286ad4ef0
6a1ff05b91996e05c00f4345,4b4b9f558a917b875a8d6dc918272fa5e00c99e4b3e15d092d586e1248273d53
65dc8caacf21b2948d703c85,fe153d87b5d289db9a4aaa13254e0b559b6d9d3e310fa2aaa5cbcb57de7f7729
68527b8eab7e60756ef9a11e,a0f34c003b8ff80ec55928cca6f150cddab396797a075209df369e21584449eb
6a18320a91996e05c04aa5e2,fdd1936935dfb3480a08f1085542e9570f324a39cbeab6713c979382b9d49b83
682f1cbdab7e60756e322a82,7e682c3c77eefe8ef41a23d8642bb86c46d6fd855cee9bd211996c8073caf8a8
68db7040e3ec279a55b390b0,4260b771cfb55706580f4d6119d3e2c6d141620f4bb79c064144bb36ad7c0944
6672bdb9ab7e60756e1f5864,2995a75b9b67227be2ed1d806dbdb702bfc7feab24699ed734a957933d1f317d
69bdc83291996e05c02cc816,3395315e2a7625b63a7fd6eaef8e27cacfc9fb05acccd4cb024682ede1f08fc5
6a1d74b391996e05c0d1cfd7,ed9abe8b2add2308a09c6532a5d2c139db3b41fc439494116b3b3f39c7eb5cf6
6a6c0944a8ff762f0d1300f2,37215c2b7dab170c033be992ee8d70f4bb9e3f7e9c382b5a5435ce006f2593af
6a1fee5191996e05c005a18d,0c167f34e2bf452111eafd0e75d6a5a16e3c08dd50801286e210738e6e511a49
64f0016fcf21b2948dbe4915,f1c8d42df0958ff4941cd11efe8fc9876acb7b40433041e472b520e2993a85ac
628f3e617bee9c5d5a825a14,9c2935e031d82bb47bfa9e2f8b8ad106484286164f0002244f2a79056937a829
64e4864acf21b2948d08be6d,ee1c83718a8f02afa7dd9db4e7a7c4772ad29dc8a8c126eba741a76bd164f1e6
646c659acf21b2948d3921da,0f2d2bbf2bdf55fd691110ac7523c43452cbaaa2a82766e80753a0c711d8b7e0
67134f41ab7e60756eef8ce5,5bebc8a594551b734c57cb00284d2c4981f856c4fc9796791ff426fff6276cc8
6a1fef0a91996e05c0091c40,e92958a441ec3b0ae4aa188222b51286443a90c818655c4374da1d4fa07266de
6197d53b813bb28a904058ef,ecc59c7dab89f646c0c9e66c20502a8ed633fe599c454d6ae4278c7dc7b6867d
6a1fef2d91996e05c009ba0a,ec952d94c163233a26c7fc3edfe32aff447d6ff2c2c6af41894483ca18c499c5
65df18c0cf21b2948df41526,f886e260c645427b5e0425b0a9deed4e299808f8af4b528f8fe910ee2a1739ce
6a1feced91996e05c0feb242,ede5eaa25c31441945596fb3c31f116d90b0c7ff7f62a013a14eda66946344fd
6298fb8a53c65bae2e7efc8d,d9caf615b2171b17a53df4e6d0580cc300ec3d0e2120656d9ba1bf4b2fea32e3
6a1de67f91996e05c0047866,e3c6c59dea2d66b8f9ad24d037a2c50369bbe8dd474fedc998a552aceafec305
6a1ff01991996e05c00e0cf0,ac969797a5576a383b875b166514641c958748f3e16c5a1b2fbca5f77580f6a5
671357bbab7e60756efd6138,e152a21ad5898a0aaba57902e86a5837898e8430030509dda80bd05955f78c39
6229940c7bee9c5d5a1ee214,f94e9b5a671fdc743f19f95113edeac4b6c7ead99ea34c64d2fa7cadc59d3c35
69d01e0091996e05c05c5e77,dd55ee05118a65c62be0dea1b00392549bb422d0557cde03a9b0ab0e830575bc
64afec11cf21b2948d75d6ce,a732ee93124f345e7ed5a598d033de556d5337a9b886ec4a2934f5e4488e6fa5
6a1feb7791996e05c0f770b9,cf47224cfa53ed4599e55081c91956c9e7424ab942493bd0f5fc0a13b6cfe5ae
6a1fef6b91996e05c00ad0f2,f684f138585bbea84fa76b4745ffcba9337ac6aab0b70d6680325dc7e20163c7
69bd862f91996e05c0eeaf12,a272f7296d6d136e991539f5b600bb0dc73325b63f430cbc3d1328f7dc003f46
5f2526ec146a9f17ffb78120,e0b790b63e3ab0a57b435fc776d3a64f299b9b9d52a9f0592a24ef0bffd43b6f
6a6d0671a8ff762f0d04953d,8e91979bda5ecaf24202deeb7b22a8a6b06a046e0fbeaee9c36aafc72aefca89
65dcb2cbcf21b2948dcb6659,741fba2457e820d7feb6f285255571f504decaa9687ecc6f290dddcbf2a6d6df
6a1feff191996e05c00d55a0,9122191e070e1b74d545eb2c1c85e482a1e9b2ce4289b9b682563545d7599ffa
628f402d7bee9c5d5a83c88e,b70211341801bffd458ab1ba08b013b8386957f4fe09e4e7724d3a8e4aa42323
67efdbb0ab7e60756eac7305,6dbcb8c05b67e614240e481a36c202975b287a2804479b9045f444b97782a5f1
65df5220cf21b2948d80705f,7a3b18c9b4b503f0c13a640be0408c945a4e36ebc8a6f375b07463dce4ace856
67ea3a60ab7e60756e9b6faf,5913de870a63c071d0dfe30689e6e77fb5b83358b3f39d42e6b1ef1a3abc56d0
6a1feb6891996e05c0f724e5,2da0de5ef335f81f4ea117374f583687c7400cb5809e7066f41c6bc35df18959
60935cc2d5cc35459055a1a0,4708a8d2ecd049ca7b6db772f2d8fb264857c4e1f9399306e3bce35c460c448e
6a1fef5991996e05c00a85de,bc1a14516fc45d66d6b06ec2b325035dfef8c606427b0cc396407ef099bd3f9d
6a1fef9c91996e05c00bb356,34f39d9bba3c009186b3d9ab6c56457588d8221db160d04f89931c91116598ac
6a1ff03f91996e05c00ec1de,3330bfff1ba9bc46ac62ebb675104769318e8737fa4addb8a958e145bce2ae7f
6835b37dab7e60756ead8b13,3db69c10037fa1ab21168f9a29e2051b2528ab8975745e78694b58032c00c892
6a1dd22391996e05c0e961cd,9f7cf6da1a3a0233efdadebe441f6f5f6e6c6cdcca3a3a209f22a2299c84c3da
624c08017bee9c5d5a278723,2a6cc273a26ff06c3e1e2712d15289013ec9aea6ee21072981e25a2fdcb735d9
6298f75b53c65bae2e7cc2de,92001802885c3bebafd3a1667dc68531fd1a99e458b1ee2646eb6e4e26dbb828
64f00161cf21b2948dbdfbbf,d385081d758be5c9f0c70e1ed1354973cd5ea6621bd292fe8aca40f1ffa8dea0
65dca546cf21b2948dad87ec,e5753391eeb79dc476fcb3fe89c0435b0e06f9d7c707fc7c650f11ded7d0d6be
6a1fed6791996e05c000fc25,be7ee00f9e87b14c98b94aa14d5479c3b43d5e1c643d05e82082b40fe754f773
67ee82d8ab7e60756ed39b4f,8f2186c3021f4733523772bbe9cf8f72efafbb7576ba8dfc59e0b7c9f5dd83f7
64afe4aacf21b2948d6362de,3f7a509c1366358e9ccb51a09ffaf1ce56f3b1940a3c8d049c4224b40f386bb1
6a1fee0a91996e05c0043d6f,9b8979c2c4dbca823634268ee95b07f67cb3192352d1f41d5298626ccf07e9fe
628f43607bee9c5d5a86825e,e8bff1305ed9eb45c2386b1f1e6d06304bcd4a4c882570f5c06225479f6837a9
6a1fed3e91996e05c000316e,2539a7717768c99ceb3bc5ee3cdaaba85ed846bef8e1d82d399203351e85bf25
69d2097791996e05c04a6877,c6e3cc06d3bb828ed3b2a60f5e9ebfdff39cd6b075a569e1eca05bbe3b14fc11
6835b3aeab7e60756eae0145,26976dab1d25d09f61a8797a58c0782569762de3283a61e0b5ef1d5f6e5f4af6
6a1ff08f91996e05c0103540,4392042a01060174b3f37dc043a190989a91259f999e40e6915a8818920fe401
67135bf8ab7e60756e0605c3,206d706c7f929dd7c3a9673e540cc0ea70cdca652cea9940349c7e03b5fd47a9
64afe4a7cf21b2948d634ae9,3940e43042b83c9478a24582536a641725b56f1936a59085c6525a87f69edc0b
6874ead8e3ec279a55e6e60e,85e1f2136a21be378ffdc8b9b0f7a20815392b85a985a37442565fdf08a4eed0
65dcabe0cf21b2948dbc54bd,094372952293cafc50bc69c39f398c6f95c26a6ff8cfc1f30977830b70c1f5e4
69bdf92f91996e05c04afbc6,7f6429d852264baaa649f4731f7918aa04cdd321f3c0dd497ad59d6e78679284
69d20d4091996e05c057176d,cd11c22ec37f1d637df97aaec66cd2726a91c389c2c656bb726185633c8da7eb
6a1fefce91996e05c00cac6c,89d907ffa44bb239bd33a0b9c73f8e7104022bc10146229c7b535ea7b56e6dfa
6a1feb8f91996e05c0f7f00d,9624c9c1ae66f035eca1516448c78633f451213994cf1913a2de2969f9a6b755
67f1163bab7e60756ed8ed97,bbe015a2845dd80297363305ce91483958139844eba46e6eee07dec5b4009121
69d20ba091996e05c051df6c,175738a1af9d926662e522c1ec2b47fcac85faa66a1a2a16c4c3ca3cf0efa3c3
6a1fecf791996e05c0fedeee,784f75b9064986a3cf1a2da38b89aab714b5985f565912d6b4ae3c5ac8671660
67ee868fab7e60756ede9896,17360001d899efba0bad480901a426cc7021f5f9b295a557ed7d00f2f0b9457c
69bd8b0191996e05c0f68106,49e8b0f275d6fd2fe9009880cecdef20e8c8db721885dbd8e6417a845ff8ed47
67efba33ab7e60756e6ec58d,f31a469414ab3c87d34b3454f519adb980d1868078cc1407a2b66964f359736e
641aeddf7bee9c5d5a404330,b70c6440177dad8c33bfa51513ce79b17459309dee3c315617a746566bafd862
69bdc74d91996e05c02c5fc4,4c09e02e750dc5c5b3d3ce9150cbf30f9896ea5cce315055df67e85f0d8dd11d
69d203cf91996e05c039acec,3685dfebd7b57d68741ecb9cea3c716fe66297348ffb7307e308d7b86c790a82
6a5f353f91996e05c001bb74,70ff9824d852239bfc89dbe624f66a4e58d28b7ffd60875d8f19af43ff9c4138
6a1fee1a91996e05c0048c2d,f59f2078861ab94cd25f65916eb4c247458fca33cdc97eb69003de5874c8c903
629908db53c65bae2e8544ad,915ea4c60203074a84497e201ab84a05556d4f4ce46f897f2359d7c91b625718
6299024153c65bae2e828128,8d35156736773e34cfe3fc751e474507f1b8b9cc86876142dcb7eb5b58c59888
6720d98eab7e60756e7a399b,5dab1ad365d47fa84de25e1c66328150f444cebac04c0ddf8affd81e9a0486b1
6a5f2f0191996e05c0ee5a84,269aabb480aee728a2c14a163e45a5bfc1467f954cd60072076821748f018ed8
6a1feb7091996e05c0f74c31,416e7e47a41fff648fa5b63ddabc1819ebd0cb2eacaa17015f366f5fd4ac18be
6a1fed9b91996e05c00205c7,fe37dd38dfa3386de19e00c93189c130542a44ebdde06f290e868fcc259b5bab
641aea147bee9c5d5a396963,f75c3498975a1e093bd0bd0157eeb1f77991f7a98f7b951b4e19fb11a8076df4
67f116f4ab7e60756eda16c2,81f42c28abb56ae23b7d0b691d0f7c046d6b8573f88b4dcf8b075452a15223a1
6298b52f53c65bae2e3fa4fe,dc7fc528599d44769e3efe918f8c279a5b677a6520f6e5fed423851e92b6c43a
6298eaf953c65bae2e74758e,8598ae36affd8e2b6ac114f4758f4b1d238f74d35281225cd7a871e424fb8cfd
64afe69fcf21b2948d68f379,cb8bf22461c2fe03cbaea60706e3633b452e42e41007d322d115d784272ece25
6a5f2a7191996e05c0dfc1b7,65eab90d9e8fc1d4dd744e627571eae4dd113a847546202e2028fc58ea22826b
67ea3a6fab7e60756e9b9297,f6f9579424508e1a15c3c4075a2c570b98bb7275e37e3bec7017d0bb03479476
64afe3a6cf21b2948d60a75b,1ddc5b83849537d7e1c4ac1483d11b9aed7dd417d65268fda7dcf801ba61d96d
67135855ab7e60756eff67da,6135669a1477f691a868599d0f7507c027a4ec87de683e33e0a1ae24087514e3
6a1fea3091996e05c0f0bbc0,84ef772bc1c8690bb7db1413a3a07826e0ab7dd2bfbc83678a9956817e96977c
6a1feb5791996e05c0f6bef9,4e8e560efa191bd93880cd118040b073420a1a4db0a056f8426d4a33dee82021
6a1fe9e791996e05c0ef16e2,818b0492eb9a5e44ee8108436a77c4eea1db71dbcb3f57e9ae3d18bcea981cf3
6a1fef8591996e05c00b4a11,ac624e8818f662406bb747e4f2a734df2261ac76ac37efc64eb24cf77e143c63
6a1ff04791996e05c00ee791,5fa33dad1e1e80d9c72e46a8185896bd6257a34bbbb1ebc3041c3a9a920e4e33
6a1feede91996e05c0083896,995b4fc504d0590c37ca7cc2882a0198a9e56e61643a4f0a126a80fd486196c3
614ae96aee3b0993ea09534d,e3a878fca28319e43b54338d7bd53d11c31b70239d5ae1f065615a70c3df9fdc
65df53d1cf21b2948d848a35,3502fb125893314994f193638f266ea30419ab87d69be2ba92ed49fa9e6dddef
67ee8284ab7e60756ed260e8,440f0ce9394a376cd9dcc2d2243317702ccd305dc57214240d1ffeced039a78e
64be45d7cf21b2948d0f66ed,c41e3e361e17d43a521f4f37c318fbadbe62365a256a898a81e6904b07f338fd
69bd7a2791996e05c0d84d57,4aad0460f33dbf3d4aeef314fc8e8f6290f1b4d4227e60abdfa0880a12b3d6c9
6a1fec4b91996e05c0fba404,e07b03558a1819f4c3df4b44b60552cbc156e4b3b059b5c533c6db832fa75ff2
656ef5d68c12ebd66f414250,04aeb29e6c9458a3fa6f8959c95063507738218af99737014e4e241b2cfdb492
65df4fcbcf21b2948d7a9b25,3d306e14b113f8bc1dc9d08964300a9bc970cb627dc3016a046f6f1e7de937a8
63cae9367bee9c5d5a78e4d5,00c96240c79c6b4619eaf8917e65e7d4aa12efaf650c2e4070a906ec306a8fcf
6a1fef1d91996e05c009739a,8c0cb532d6acbd51aad8b471f76611ee006e32d246c4550b14b89dd02a0d95d4
67ea2620ab7e60756e778516,ae562701ef04506a8c70168cd45497e9fa1ec44cb801fbba82e2fc4c6e40954a
67134f3aab7e60756eef73a5,98e5cdc52b8c9e4ff66c9c5809028b07d725e10f2d64a5aa5b4c4a85bfc9ff75
69d020d591996e05c05f63d6,61518e19eb94ca62d7737e784f20685bae6f18104f71d4f3410bd56d4d428628
6a1fefbb91996e05c00c4b72,9b9438e5227fffa93e2b231a0cd54c07483b1280e59157aff5475225de2069b9
6a5f28d991996e05c0da5b1a,ea95b960483889270d4cc86c346aab97f45e8d520f6a9865d7b6e8a0cef86626
6602acfccf21b2948dd4966a,1511c321bfd7a5b679ebd3b6f1ddee76c1739eef35bc18d7f9bee7e2fce01936
64afe3edcf21b2948d6157ed,240eb5da7c092e53d22e2aa9e07b41e423c3449351763e4803d7e77ad7e2e4f6
6a1df49f91996e05c011dead,83bfdee639539d0880e4db72d0cc3a595dd949ab3a3e7c440b97d8321dad00ac
65dcaad2cf21b2948db9f0db,84e8a2dcdae2d029f0d4aaa974032804e50b29b9f79eb6f510b89857ab8371ea
6a1feee591996e05c0085b5b,66f3ab32dd1c6588ceaca9743cc2ac9d652e9acd82a22dfb8d818ac766328b1d
628f48c57bee9c5d5a8af064,b2d2377f300b8f1440c3ae869690c766507d8094b977af474f85f54ef6042bae
6a1feec491996e05c007bc77,20bfee2f50c4b55c6b8f1502ad530ddcd4881dfd65f1844a48e2a89dd8394b4d
65dca8accf21b2948db51976,557c4452deb37ab696def66e1c44502872a65e4e18bf138594c667b4690bce30
67a1bc2fe3ec279a553bd5d3,cb0690ef0ba41d634cabf979aeb81a82af0bf4767e1197909afb94310828b5fd
69e084f191996e05c0d35aac,90d33621b5d960cd67091853c0be67b48055bd3d50b4c3b12e119c0ba83d2507
6298fc3353c65bae2e7f538c,dca93fd8df76bf0c3eeeafcfa709d797b76f8d7950cc7b74ac5f0665bfa1735a
6a1fec7291996e05c0fc5a88,2cbb10154179852cf439b18d70958e3bae6be655117f8151048fea8fbdd82c4d
6a1fee1591996e05c00476f4,4c3032294a4d97ebcca08a3906928bfca9f5f0f6275de8ea4d97de6871fda646
6a1fed9591996e05c001e7d4,8321f7b941d1f341d9ad0347c877b4af50ce436e304beec2d74602fa2a3e5080
6022bf21ccc2678f04e6de7c,6f0e650062ce266856a49bed31a77bc1ab40764e209580f60fe5f7338d5588d3
62e8ddae7bee9c5d5aae4405,e5449f85b4ccb8801317d3488ccc834bf3a8bc2e09d0385a9320db2d630c4856
67ea39b5ab7e60756e9a14f3,70a628134335fbb7ef342b49e4fc2b44212cad2fe8c118a802143e888c09ed70
69bdcc6a91996e05c02ed18c,9e68550a88b88c5dee2bfd1e5b2243d72ceed38b165bb20af0dc033e334a20ee
69bdaaf891996e05c01a2e8f,01b39f0ef7ed5c9e72c4d5074ea0d19416046da13d9b9c749abc51a1bf83baa5
6a1ff10891996e05c01263b6,d4601b12702fb62192e3bb4ebfe55ad16e3c7f9ad90ac3110191b6b3ebcd107f
6a1fece591996e05c0fe85bb,0471cc5109ecf8d06dbca8b8dbbe2794d23ff10908d1232450995732b7b40a92
6a5f2b5f91996e05c0e2f81a,b532aa5f76753476e9a93493a2bfdc589f7d9d4538b95c2ff734fd8b4a06f224
6294e2c07bee9c5d5a6838fd,f139571587f3fb88825fd65ad348f5a0daf381d8e006b1f94e33e84ee4f12140
67ea3153ab7e60756e8a8568,c264d1342074275a09bad4c4e264d86612b113ab3901009390bc178a4e03dc3a
607f912cd5cc354590fbf8dd,0992975041dab844480e2cc527dcf64bc269580dc9284a8097d170e0ccd43b72
61a5c1b2813bb28a909ed41c,db144eb7eb805e3f19d94ac2fd18ca99487922688a75ebd2e0ddac76eab45b29
69d0b51691996e05c07df43b,cb7a0fceba7b917249cba7bff6f4ce868b6d3550c033741a5a682e9425471aa5
6a1fef7e91996e05c00b2c32,50a9e961e80b3dccc7c8e6b4f1624990c6cb4c4af1d1e5286786eb452e25193d
64afe4a9cf21b2948d635a49,1f78e05a55b84640748050a781799570059cc7fd8a68b5c57b990685a72ca433
663a1a63b7e461e1e5130e75,8a49af474287c48f8445e9ed746230d417b970611698c1cf5a300a31df93f426
67ea35dbab7e60756e92771a,2b3c8f3b25a10d25feb20c13b51e07a76f30068f9be7f0a9122955b531a63518
65e2ba33cf21b2948d9de5d0,ef8a83a4dd6969c682c3fec9e49b39951397a8f4ccd9f9e907b220a0ed77f227
67cea2e1ab7e60756e324c1e,cb28e2fd1004fb021b6ff75ab89de3b515374e01c24c9b36ef72b6bc74b71483
62e8ea7c7bee9c5d5ac0f8e0,5258fd7d98362ca42b7a3c11a9f9af278db0b4a6f27663db4571f5d07720a790
6294db377bee9c5d5a60d7a3,f6167b965443fd99ce2d25df91904576e1a934d4abf2ee6d66d262ed76830d12
69cffb3991996e05c0281211,c62a506d5b0ccc3475e7350d51455addb4e748f482467dcb82a7b40ba125ffbf
6a1fec7c91996e05c0fc88f3,4ef56b7fd76f15d5c35d67fad800a4a14b468d4090ea62ab899fee00088d25ff
641aed717bee9c5d5a3f6cb2,e15966be32c837be64733fd9d43163d02f614d17c458aecaa214fb5fa99e26f0
6294e2677bee9c5d5a67dd6e,6353367c70336a3de772f0ae15a48974151694bd54fd83e785dbaf74fa214b8a
67ea37e3ab7e60756e9662fe,01c19722f22e6a2ac7334deeee4b0aa4e746d9cd8eebc0079ff014629a3a9974
67ea27baab7e60756e7a0ee9,5ed170f0fc2ce7f0a871687c9daf7d4e9680bee6480485c76eee496f16b7971b
69bdf97391996e05c04b3b84,a1cfcfb1300253f672420ebd4aee9f6a54000e7712f4174c9b583400b5f55376
65df1501cf21b2948deb6fa6,41e05ec9847ec88901618d57f0657bd5b189d0919e461934882e1ed7d6a3fe27
62e8e0e07bee9c5d5ab23724,a4b7740530a40c9aa50d7207050e249a59c2ee09a6b6851b4795e3942958e829
64afe3edcf21b2948d6158cb,17c50be92b8a7158f2087b6b4dea6c133f7f17adb2115b674413b98c6737dc6f
69bdfaa991996e05c04c7f78,72a5c081d2767a6b067228ed3bd5e36b9b72168ee43ba79701f713c9c849bd2b
68eff871e3ec279a554ebb63,04fede0cd1a467fb6164f93c7da443fdd45c978ccb9b824d4b10728bf49ea49d
6a1feb9b91996e05c0f83133,d687b71a961ececb3fa0bb080820b5bd7570237eae96c5bf2b00807cbfce7435
6a1fea8991996e05c0f29aec,96872d74678109f93fb3da83af0391c73242d4b8a2d411f21ee7113e45825935
6a1fec6d91996e05c0fc42e8,a9c845408b5a3597f3a5776962107db5b862dc94ab31112a952375bf0f0faf77
64afe3ebcf21b2948d614adb,dcbcf5c36b01384e3be14f00af4eaed5975577648d608bb8cf288e63387c590a
6a1fef4f91996e05c00a4e00,4e8a8b76bf447eee2b0d45e528cf06f7bb2df7aed22cb1afdf4f1bbcd2d219e9
6a1fef7291996e05c00af5fa,8b1f76aaf858e0963abcc1980f06f5a79b3fb56844daf88a951b78bbf20193ca
69e0c62f91996e05c088d57c,65d4896f09196fc770e1271bce40083dc45235dd13a8b6f1e70a024c6d6c054f
624fae1f7bee9c5d5ac4d3e1,889d807a10e4f4e10b1dbb958ab26de7143be19b9d12ada4f503ebb7d264a2a6
6a1fe9c891996e05c0ee73d0,3d98ebd4a64dfab2d49162870db51c5a2c15e00368f17dfa077f896db6a3b065
6a1fee0091996e05c0040890,a7ac2d7a0a091376019d632430ef422fd65d53c3db166eeb6b30f691fc2a4bd4
6299193d53c65bae2e8b1598,e1a68c8ef2d86db717966494b782272d1afdaadc09c2e13f90d9d3b2a8807270
5f3cd38e146a9f17ff15367b,011a0892545b04dd865db0471b3451c694b75e280e0934c65ec5be3b8517a2f2
6a1fee3d91996e05c0053660,d8a4289178d72188c513dfbf1586e562f854ade58ce10fe6e2fe42105affd317
6a1fea6c91996e05c0f1ff9c,0633a52d094947c9a03292f1677333c02d96d6a7ae080f140f1b4ec9b0aee4f0
69d20aa691996e05c04ecaa2,3f73777da7777d004875ae2b80110a96937a3b99680cf45814e49d0527945661
6a1fef4091996e05c00a0e09,0e2512490690ae34ba90d373cb7125f85df12e4bb5d3117b9b8cfcd525ff55dd
6298d4bf53c65bae2e609513,dda19b6186c6f9039122033b35721e377f047577b2bf395d4324f994fc858f45
624ec5e37bee9c5d5a6d06ce,d771d1a4023e2fd9039460d1fd8f97a42217efb18f007e8d1f1cc49c7ecf7583
671357afab7e60756efd322e,be99883e359c8df9048a52b9e14857e6cab3925b8997ade0f210ae61f55c2d86
6a1df24091996e05c0102b11,e8163819c675bdb2fc2052a8855aca197bc0f071127ea077634f9c34c471e520
62990ad153c65bae2e86112e,f9da2fc80f25bbc2b1837042280058f4cdb5a49e50b47399c20600fd172edfee
6a1fec4091996e05c0fb6bbf,aba9f14f6334f1e049b11dcee5120a872e9bee1fc55870caf8aa094e1290a80f
641aef337bee9c5d5a42a1a4,83a997cdbbec5ea0da952a18303602faf07ea8924840c8d2dc65d0c0984db59a
65df4a04cf21b2948d6cb87b,f9e175beecdc6bf8695f7a316b13b6e17f7c61d98d2f1b465b1d04260e2b2d7b
6a031f9991996e05c007c40e,17b28a626a1790c1bf1ec8aa57eb642b1986ac1e47e0c9ca05715909806d69ea
6a2d3ef391996e05c0501728,6f9c0d10ec39c235cadf68200c2f2878229c0aff1ad5b1cbb1468c952d56f476
6298e8f253c65bae2e7304a4,09d5077c0f1d33a32f32347bedcab5fdcd20d041f54a0442cf3dc1e9518793a2
628f3c087bee9c5d5a80b2dd,f8224e6551c68dc16ffc7839ea94119ea44a5eb0ed9f5aa6fd4b67be882b8e45
641aea177bee9c5d5a397680,ad1c6045177950b09003a7190ba2078e9ecac6697539d93c3d2517d4d4b0cb74
65df45bfcf21b2948d6244b2,844e6a49489ef284351bf636b7e2dbb95dda795d1c475afd22443b27a79ca0d2
628f41457bee9c5d5a84a568,366ae7d1a002a15a975c9cf23e84dcb612e600acd273df60d2e949e3ae1fde89
6697886cab7e60756eee57a6,9404b701f278e6d6d74b16eae6c934cb96f67460ee911f10d9e7e0921f486a6c
6a1fecb891996e05c0fdafa8,ec0a48bef7d8b787bf09bced3efdbcb2831c9afe7e7b3a590299938fa5c40b95
68db707de3ec279a55b42c88,604605eb82044940b76561ccb6d7ce3dc5332984ff85ebec1e74c02bd29743d6
6294d9577bee9c5d5a5f0ae7,febe5c260ec9732270faaf9103b150adcec21f406542fa3df5412e7e8f7db8ce
6a1fefcc91996e05c00ca08e,cb95ff6377682878d2499fb2a44cbc9dec1b1213f7b7119487996c180f38847b
6a1feeb791996e05c0077e4e,3236ea1c9fc0682bd08d7bafa333c5b97feafc3fd8270714f86773ab616a82c5
671357deab7e60756efdd637,ba3eb9b997b1b477d53004997a2fcfd03229804172102ebe7d0360cba944507e
62990db853c65bae2e87383f,b389026850be734e32c2e2388c6ee86b4cbc4834cfb53221ead4bd0ef4154154
6a1fee4991996e05c0057159,2d0e5c7b3daefb65ab232d76057077d3d3147408a2bd248ba8472ab7acebccd0
6a1febe191996e05c0f995f8,f3cd953e9aa0c999e4ae9c63e55a59b575f766e1ef2d5e2e86d36ab05c3e9c97
6a1feeeb91996e05c008789f,1961ae8a6e463dad8f65d34c799edc142ee7fab7f0623221d08e35bf9befab76
6a1ff09a91996e05c0106705,8a17c42027faace35bdf2e12ae2cb06346711653a7d4a554ee48f39373b85888
6713581bab7e60756efea4e9,6cf4770682499f1ca9ed69d443d805f356faac91d768ccca969e678f73aadea8
6a1ff02191996e05c00e339b,8d4c0b1288825bb4d24cfb6cbdb1f0595e2c0380aa60af0b66e01b1a514c6d98
6815eefdab7e60756ea3eac8,ad26e76d7449514d8aa8fe934435a1cba80528af37d90a2a31c1f08bd3261b45
6a1feebe91996e05c007a139,7d830fdb1fed8a14a778356862bbcf123cc65bcf0b34f1e8d90cee17b03525bd
6298af4b53c65bae2e3a3ab9,3326b55cfdd708888ccbf0d2e7e8288187ce24bf414e934d71bcac0cf4dca552
6a723071a8ff762f0def6e70,9ca6a431a42670425b263ab765165703d9767f7e2bfc6f147bd71f516eb7b034
65dcab40cf21b2948dbaeabe,687cc6f3c6b734505aa36423b08663cea8ef3c8663259a5f118d2fd4ce606062
6a1feec191996e05c007adf5,b1d9a190db1f919b2003f1b04dd4106d3e8e88f2b38aaa1a149f1c5f1194616e
69bdc31d91996e05c02a3609,451062e93a129f3565964879388c890cd166e1f4b567d6ed954b7feafb6d0345
625d8e777bee9c5d5ac02232,0ef5c63162f38030ba8d30ffe19c1a66c991a2195aa7717c14bb3d1a31148b28
6a1fee8a91996e05c0069ed6,64845100e647a17620f0a33f7f10d5275e83eec66083315debc04bed47269cdc
67ee83bbab7e60756ed63695,a62d819c98be328c0d86204ae51b22835832e0c3bc28485490417fe998804486
6a5f2d1491996e05c0e85caa,640187cc30a55aff118424ce8642c7e287c1929f39598b700130e63dc9ea0126
6a1fef2691996e05c0099b87,6d01b000a599136fc6a6056646287f8690c0a5ba53dadc35311d54722250a72b
6a1fecc691996e05c0fdf778,749c7fabe45ac56ac9dd74bae9cd6660fd6179b04cdd4ae1248e0035cecf6d84
67f11764ab7e60756edad36e,3588f45ae49a90d65ce5712f6e660fb0b02a5ff26318d404a20a4657e93af9c2
63fdb75f7bee9c5d5a125adb,ce9001c83ccb2b373ef4e4f55679e8134a62d8e8a994822cdc7ccc7f15029233
684d3a7bab7e60756e3652c5,ee3be4b7315324414edee8ec191d65c1737a0336a4f74bece3ef63312478bd33
65dcaff0cf21b2948dc59e1f,c20069ba4e7726ce821dfee39bf600b2c9feb18cb49ecb7178be93f1f9dc93f3
64be45ebcf21b2948d0fcb13,ef634531b9ae9a3414553d77365e329e1db2640c97aeb46d21b4653b031c3ced
62991f8853c65bae2e8cf24e,98b922fdbe6b7261cfb564630e6e0b266dabe6c928aea06f58adb98c389e720a
65dcb2d4cf21b2948dcb77ff,8efdc5af026e556d8232ca94101b215bbaed972a1564fbcbf78ceb3210424a1f
6a1fed2c91996e05c0ffda94,3456953b1e901abdb7c78c89e36a08569dacef4b99912a1f20bf8803e7337d2e
6a5f344d91996e05c0febfed,45559f3ad2966afe5ca8d9972ea52596cb41ce50fc5eca74fecded7320b3b5bb
6a1fed6e91996e05c0011b7a,f872c7d248c1487fe5ed520f674a4f49a643f04bc2ad7397b32ce74aec5989e5
6a1fee8291996e05c0067a8a,a7f9bc3a2a9cf8b16e03fc5c2c90f94e12d24b5e78bfe90a6d57c41ac2686a53
6a1fecf991996e05c0fee62a,e497468dff15342ed508cda89db742a6b63049840ede1b090a782cbbd8e9f13a
68527abaab7e60756ef7dabf,fb183897fe6573631177c83bd2ab29b8289d7a6d4474bbfe0fed1aa2aa660d68
6a1fec3091996e05c0fb23ab,f4ed702f03b1b0de71f0580636a6273c557fb75533b57801a533edc3f6b10bd4
6a1fec5b91996e05c0fbed00,b4346c6cf39ff36338a8daeee6051307d15cd0c86469c156f2bcf7d918c6843b
6a1ff0fb91996e05c0122586,093d768c780eb66d76525e4164183dec1e251cd27a5205f5f9b5db1d2e6783b3
6a1def6491996e05c00e07b8,55f912801b48ef91ad4288a1153c30d0de06eb2ac3268364972f2f2e7513a0e8
65dca6dbcf21b2948db0f804,12baf799486217a23fc6523d21beeba5a2d8c893e9993555bd2c08f5c8664583
69bd56e891996e05c0753c4c,68023f04339a5b0311c2fc26035c9f74642a598ca7477a5d1beda073f859c756
67220e94ab7e60756e6d4507,a1d902b21052e8b2f2f57e3ab89ef317d1f80bd5c507c763587adf1aae5e4ad8
6a1fed2c91996e05c0ffd817,3f56a45a485fabda9c045143af70de4620a7aa74fba02d15fafd13cc8810ad87
6374b5f47bee9c5d5ac69e8b,9a26218215b79f7003e85aa586d16f5905eced7d3d7ea0c9bd532597e8b39f73
660fcab7cf21b2948da41c64,98d14e6cdbfb243a97b1510b23c77538380e2614dc0548c1a1a4352c2463b677
64afe4abcf21b2948d636ddb,ff6e2abf54f176fdc5ea765d60f5d3e0a37ed261480377031d458481a53cbc5a
65dcae62cf21b2948dc271f9,152ae348241dca5e9eac983ef617277a8597846444386c577df1ee3c1c15724b
6294d38e7bee9c5d5a580967,606785c7ce6c54ac3343fa63a558b97d34b2664d405d25da7ff3a48dc6daee4a
6a1fedc591996e05c002e2e4,15466daa740930092abbd0eada7f57ee826379540da20b3cc3e6ba07d12ffec7
68c41489e3ec279a55ef78bb,79e5cd04aac407c596c2de3d9b8fac944097ea32ff44e41bd599ff10d9edba80
6299130853c65bae2e890ef8,387fae2e4033dd4fe6256c7e6df8aa480912f7908ad433622daa395df79c6207
6a1fedb491996e05c0028911,8ab67897d3a9f4a1ed4a7fda64af757974f7da6a71f6378a338dcfebb4610064
65dcae08cf21b2948dc1a47a,018ed68097394411eb1d6b6625afc37fffb60ae8cdb8abb24037cd6a0c85fdb7
6298e29353c65bae2e6e1938,9692dc2e19721f438add2fe160dedca8c324d1045742e13614712bde0ba828c5
6a1fefb491996e05c00c2a49,61a5dbb123dd6b25c1b0f4a8714308d7aa0fe9ead8eb2398f0fdbd080607ece6
6a1fedda91996e05c0034cf1,76c929162a84650a36d83db4a260dffaa1ff0d18153dd14449537b256ec28396
69bdec6d91996e05c03fc736,8b7619867aa2c8b7f863b3415691e4e4dd360dfc08e46c058afb83c2df6ec01a
64afe4a7cf21b2948d634bd4,cd8e7ebc2a3ce4bbe1dcf96720e4726f35e4312ca70f2421f4a2c734e7c3a673
6a1fef1291996e05c0094435,434eef85d6f55e174174cc1368c9573e6453b48a174fb05b4dacf4d6ed684aac
6298db8b53c65bae2e6707b1,e052677904cfaf340102e94774809ba02dc426ae5843e484da7bd6ccdf740399
641aea707bee9c5d5a3a15e6,4af4fd8f6a069b83946f57c0c627fd49f0450d999d5f5f51026c7dffeecf3d35
6a1fefac91996e05c00c024c,87d463b5fe14cdd139232cd85eab817bf4bf6069a8f9ff2cf29b89ad5028c1c4
628273ee7bee9c5d5a0ac01d,ff33bfd272fefecb88b28703c58f5f025027cbf82b45c44a6363c8dce1f8c17c
6a1fef9191996e05c00b834e,9af03786dfe301df0660c89b2797da043be8f320c6c76c5637357c2a065618ab
6298b94953c65bae2e43e09c,e766e7fdd3eb3474977a4a7f3cb6f68f37cc26199866eb8a9904ed984da6ee87
69cfb37791996e05c0351751,a7a404101ec1436a68e21b5d5f135d95b008eb97a485b894974894e527cd6001
6a1fefc891996e05c00c8f59,f7b609f22d7b00e6152e39c7635f7e406b884ecffc4903c1513fe0352b21e22d
628f3ddf7bee9c5d5a81f38a,7a6ec09a49709428bdcb02b0e590afc3016c3d6fb316f73b982e46f7af9eee4a
6a1ff22e91996e05c01793a5,b3c8f7879fdf769502744163f1472b4c7357f90c8a44ec56957500f026b75dc0
641aee1b7bee9c5d5a40bd0a,6b2b63e85ee4130367de7d0090565d3fff9955dd9b4ead9376b17300ae5bad6c
6a1fedd491996e05c0033034,104ad30ddea0e3ca1da78e515ba23506b42e67d9f552bd6ed45b21f88d00eb5d
65df21e3cf21b2948d09644e,66913e898f6f7baefcf8df0e6774f74cf5337bb5abc97cb5a50ecacda042265a
6a1fecc991996e05c0fe08ba,5404ec5d9427e3de8b76eceeadf2d063dd3a73fe2272efe74d5776c1ca43998e
6a1fee1f91996e05c004a673,a28370c8c08cb401e2866054533139dfd29ca851c005bab51212892cbc8b9cc1
6a1feb7391996e05c0f75a78,91645f791a6bb23624d664136455d108a40bc5f94bb81fa36375668bf34d58a2
69f0900291996e05c0836218,8431d06ba994fc607bc01a4447e4e8b7719a4aac51de4b07c6fa43963f351e42
6a1fedb391996e05c0028500,5d869a81d937af279a691433863f701c40367c879330157cd4988dfd1513cfd5
6a5f2da891996e05c0ea1219,942fc1c5eba58708e94963869ab1f4db8f6534f5756d0fa30853ece0cb9589b5
67135c39ab7e60756e06e1ea,79d4d694012b77f21fcb5bca6a007f6a929c87677926c0de76c21bbc1577df91
64e48637cf21b2948d0860e8,796b89b55dd5b0f2a587eb06e1c2b26052914a679f2db8807a41f0decff5422c
671357cdab7e60756efd9f11,3e7caa839eb09e7ce6f974eca62b7a863b4c601f350833370939d0fce6d109fd
60f7027bee3b0993ea9a287f,bf48f0188f74fdbdcb81a940347cfa3132978c3bf845f77b72d29edba08a224f
67f10c9bab7e60756eca5b36,bd36068fd30042fd55358c369c15a9ce3950595513346179a402b06896b5e664
65df3c8acf21b2948d4a8ead,48f13e49a235ce7e5a0f8e3b17413e0c479f167b98c1628cd5c51f28d5740c6c
624298a57bee9c5d5a4ad71f,3a2b1be16fb3066111ab63a24dbcaac2b1e5d7cf942f8f8a9c6c17eb722d7dd1
6a1feb9f91996e05c0f845de,e3de744c8f24dea6bd150f42e2b0735768e3d18ef07a51f40779b9c4cd1cb3e7
6a1ff02591996e05c00e473e,7a7810767d201b5ac4a2b668498d591cf3447c09318403c5f87ddaf8615faca1
6a1fee2091996e05c004a898,7f3beac680572041692b0205e66c1817a791bff8f9f206dcb7d739ef62334ca0
65dca564cf21b2948dadcd86,71f68a145e34c0be05186f14038ec1b7d6fd8e84e7e2fd6054ca6bc34beb05b2
6a1fed2691996e05c0ffbd32,be2803a4ea202ad97ec81a9b57319da769790561d496eb03bb3d52db120e0787
67ea381eab7e60756e96d78f,46fe05d15da72b9078a6c5ffedad5d683eb4a525bb5cbbc87c6687d5358b6cd3
69e079c291996e05c0aa3348,e57a365d09380531d62a6406d5f13f34ee8845b9d2195b5c6392e47880119e2a
6299079153c65bae2e84b638,768d5d8f6367faeb876b1d77601ef73747215db6e963da23a5f3c6daadf9f0bd
6a5f264591996e05c0d1bc38,5e3beed974e541d05c501e1cab641f408e42fa5cf8206fa52fbc5cde2f5dd4da
65dc8246cf21b2948d586a3c,0075bd0d349f65d5915691c62c4e5f624002d5585fa50c58b75606661c51a436
67ea3917ab7e60756e98acbc,a7fd383e6730c94089171432104848ff7ee0d246d0c4f1513386ecf91b365e33
6a5f285c91996e05c0d8ad7f,c0cf491769700c2460291e68db2b7f7e4519828e4d2d228bdf1452076dd3807a
6a1fef0f91996e05c00933db,6b4049fe6a27fa0410adba4995cfe363e095d9f46e7c478c1893e546082f5885
641aea217bee9c5d5a39875c,58243e12a61a71b9aaccdb7487cc75a21c0658c01cc378fc81d860872310c0c6
68242a73ab7e60756ef7144a,f27505317535761fdaaec54335a349796ef3f749e0aab99e0fc5ec4eb366ecc9
65dcace6cf21b2948dbef034,d29b0d17a75608a6a43ca4c1ec54883733eb12a03f81f36f33917235db981b97
67135826ab7e60756efec83c,e37840ffc9f555008b71a1d49f2a94b49d1edd1148aa4ef8d1d42094bf127ed4
67135c08ab7e60756e063e76,af259bda20008a493f1e0f992830881b479214a682f81417c89d467f19728746
67ea372dab7e60756e94fbfe,e8c9e1808b27abf730963e57f9f9a61ce4ebd36e48f4f629de58efe98c3b7b8d
64afe4aacf21b2948d6361a7,a8d3654ef1467a97f3be818807087cb10f8be41780e708aacb2fe4bdadfc76dd
628f4aec7bee9c5d5a8ccf75,5c346d3f9e74adfaaaea08558f3015c1a243b0cb88a96b4d26e8fd1f0083e7cd
65dc8ce0cf21b2948d70b8cd,5851d5c44e9703dfbeb5cef7a5edb4c16c8eca7fa5314b52aae3b9e35f73373e
6298e74353c65bae2e71af25,51c9b706827716d10abf33e16f24e54bd274dea965b09dcc4cf98af55231fecf
65df2291cf21b2948d0ae851,1f3fd29b4b4b9427a46e1d85128029622550eedab99401b7cd89a272e934f6bb
6298e0a053c65bae2e6c2637,d0cf648c991e99d03314b593d1b21f036cc4f9f17f0383ad70195e2d221204b8
68c9057ae3ec279a55bcb426,8e4fa7b0af0ff6716cde1c60d5df356e19c5fdda914d8135cd7b1421207b0254
67f1177cab7e60756edaf675,b5e33aad440db6275d8c767f696f2458ab3cfe16084736584d336f202930cc61
67135985ab7e60756e01f395,ef8660519dcb6c1bcd591d1e42d7e50dcaa6404f3ebd090f13ba5b134086ea7c
6a1fef1091996e05c0093a1c,2d8823856da627cf2e459989aacb6e09eb49362909a56595bc94b470b568a75c
6a1fec2691996e05c0faf004,debc10a59f6d734e697d2a47cbc3c072f721761728af7ee03c9443e2bff2da92
6a1feff491996e05c00d64fd,d2d993e640d465c447be1765eda2ebac115ce19864d174eeed6c83bf205a4538
69bd7a2991996e05c0d850d3,d5fd1fd30f619c15ab991e2ad8d08861237e5f0f8984d22adb86dc986ddeb911
5ff47ac4bc808b925f6c8000,0138f065026eabf6473618dd201997a56034cfa6a9992abfed750705e8b48b88
6a5f2a7f91996e05c0dfef0a,69aebed6e748d0e2e1fb921a73c708c56a1c0125bb988128f2f1037a9c436dd8
6a1fef5d91996e05c00a9607,6a0bebc3a0dd6db1edb02c5f71129fc89c45ed7c8baca2d963c164f4cebc2b95
68060a89ab7e60756e53cb3b,290586feedc71ee02d53107e2b1c770bd6817a526e723d0fabf4c9f0f65be920
6859491de3ec279a551e436e,ffd8611a2373a9e5b5ce0862ff8c4247520a6892f174e9061daaffd24d90f4db
67ee77bcab7e60756eb336cc,722a8904684d7246bf155ecd6d7dee60613d3a276689d1d2193929fff66466ea
6a1fec5b91996e05c0fbec5c,6eb2b10a1b913e7dbbb1153c5739639519f962f65e86b3cc575766887657b4b1
646340d8cf21b2948d39bcd6,d0d94fd6015f8edf73b4162177d52fd9774712713b25d3c6200a6e3434e978c2
6a1feeba91996e05c0078cbf,6d9bf6809f3126792e79817155ac9bb3bf4d42af42b24e46b3173e0d5d38fa0b
602911b3ccc2678f042e1152,37cabf4d238f29a164ef18baace5638a969c2776229be35056897aa0c3b3df42
6a1fef4691996e05c00a2a05,d12cccd4f4aae3f69fc23ce4484b7e71cad6a0b593632ae329f86fa2dcf0d061
67ea3997ab7e60756e99d91c,eb90a94bd92eacfdd4ee05d2714652f7ba08a4b5a21ffa5e0e060f1ccf40e6e1
6a1ff02991996e05c00e56b6,86cb5293ef62209fb39ff171641302b236229a258767a7eb01001f221e7934e3
67135993ab7e60756e0226e0,7082b4ef7a3d0da99f46278e73199b66cb18334565b459127dccf2e80519ba56
6a1e120391996e05c025352b,1b20b748fa10fc9c8c17573d651dbd4860ba3054fcf3bbb7dfd8d15b840ed23c
63caebea7bee9c5d5a7a1d75,253368c56c6650e883b5871e3e80d4c3bc06caabf248c170a65df1c5fb6b32bc
629909cd53c65bae2e85aa21,5cf622e05433fa63372ec9feedb2387a401cbe4ec472d7f58c8c763a76757695
67efdafcab7e60756eaae1ab,a27a7774e150b7208b58a57a5e9d1f73ce26d3ace992297db728a1ec4c18392a
68becec7e3ec279a558d0de1,c2ea8353d4cce2511bde9d51b3c8cc8e159e567b1226519eb0a947608fe88876
64e4860bcf21b2948d077919,c21751ad3038548812e836e0055d2d9ad0a36c02be9c6e1736b037a453f34391
69e0c64b91996e05c08926dd,b177f22070eea98a09f100af72043c3f1e7c4d439fd8d98d7c0f117da82e8289
6864bf8ae3ec279a5500983c,aadffff35d064bb1b48bcb00309d9056ee1fc9e766ca20e5ce1dbfe87ed773f7
6a5f2a9f91996e05c0e0630c,6ddc12cc17738b2e0b355a955207af6d4fc27acaa6116b36f2cc4f4e44dde818
69d1f70791996e05c00f1f0d,3ada975e984e4f8eb69aed3f134116ed48ef1fa70eddc187b5bcd900af09d09a
67134f29ab7e60756eef3396,7336b7b3ce5df9bad2ef0e3dc0ab087776d154c1eb408694abdb18f5dc8162a4
6a1fece291996e05c0fe7aef,2ca459e85c187b1ac319730345dd57707423fa88f70fe37329f05e2c6330d172
6a1ff01691996e05c00e023c,7c876869268b475d92b699b8057b9e46c0cdaf8959d18de4171b41ce41de88a0
629912e953c65bae2e8902c1,12ef7d01451d74d56e4ee481e30f3fc3e690c781467671568be03b82a7685ac7
6a1fef5491996e05c00a69a4,1dabcff5248ad51264010c05f530f0d2a0dd24a2a3ac8535b67b6b08ece25de5
6298c17d53c65bae2e4d7403,ee4e22ff7dd70fde5c390f57aa37dcbe781386f095cffb46d038199b78bd72f6
6a1fef0e91996e05c0092e6d,69dca292e2453af7a25d457dec7a247e1dbc2e13913df41ab3bda2e9b64e664f
6a1feffb91996e05c00d85d2,caea8e607828b73761de1ba58ec9cccad2f6e4a8b457fe55ad428baf4e2d41f0
69d0a3c991996e05c031b9e0,51b7c2d32119cea1dad58888f5d520acc966c444ef6371ca93eba3a3e3facfd8
6a1fed4391996e05c00049e8,0ea5cd31a07cc5cc62959081379d8d916751f2ed52d7aa840b63717325d12713
64afe49acf21b2948d631e48,245076d81f740763cf42cabfec6e9258f3d41ddac0eb4ebc022ba2f0ac7471dc
6298ec8953c65bae2e758ab6,d073a5af7409adb744a5a1afa5d6d5e0f06802be3a54b0cc139bd7f68b3c2a2c
6a1fee5891996e05c005bd19,8943f12db4117cb7c9be4cf36a30809a45c85683bb9a828a448ba420ad78fe74
641aea127bee9c5d5a395895,d1f5f8be7a18ea2d1857aa17d1426b43f79b29aa049ccbe97d763be0241cd8cc
6a1feff991996e05c00d7cf1,a2a5e2ab68b6544157c71921ed589b18e732e7d51477d23aa283990e4b8b7ebf
67f1168cab7e60756ed97374,97c0e1ded42698f1c1db180b40a2d919295d05e4f15f467cc02a667ef7b03ec7
628f47df7bee9c5d5a8a2f01,77af3fcbaad94f7a978f776ffaad0eb88a108960ee4fae8e35e5130c65dbb7d7
69e0c53291996e05c0861d9b,8e197d483d26995f2e3f11e806e445224fb3132de5843b99798cd64168190df4
6a5f2de591996e05c0ead2a1,9c5eb2f64cad27f492581cbab8e4ffc7bcaac187f44194baf7a9e5d39b894968
628f38c17bee9c5d5a7e19a2,68ba08429f4e6acbf9ff6fa32a71ecbe9f1e39561492bb33be589aec82dc97cf
66965af4ab7e60756e14bb36,8df50f04a32eaec5b5d6583e915c7831494e9257dc5bc7c1de0172298eb78a61
6a1fef2791996e05c009a25e,e2b35e9acda82ed2171afc734790a43a98679f6ec6a99050c11a9769b17f2945
69bdf5d891996e05c0479555,6a3d8d90b2aa193905cc45cef2bb4d1278503d34245d9549028af357a870e33f
629913cf53c65bae2e894e42,87672b0ebf329c159b8513e1b2e1a400f3738d7a04e422a80007fe3514812df6
6a1feba491996e05c0f8652b,5b0a2c59a325f3b85c525270dea667af8b65a994af3094310e8f606bb0e05fc7
6a1fed5591996e05c0009c2b,c41c30137019b7974952927ad683bae6b563c7bae94e2925bf072793cd994fd8
627b4d0a7bee9c5d5aa502bc,ea03a29b72077d3f9ce4e95a7134d7774116d1e0463f2d2fceb3373f2b5b82eb
671357c8ab7e60756efd9087,e823a3320e630bb01eacb230c6d0da0f513e27ff8bad292b82c1b99d317efa63
69bdbac291996e05c025dc6a,039409958f3f692d69f7f164b3a7680f3f37caff94311e2910f401a44165a5a3
64be45dbcf21b2948d0f76bc,3d0480f2ad914f496da7693d660b4a4b43b1a819acd090200a67ae8d9fce8646
625234a47bee9c5d5ae9eab6,5d93a106454889a5ae4381252025818a7257e4af8e56d274bab80c48e07dba49
64afe4aecf21b2948d6388d7,e9553088b38d0198552a6ce3ef81b2694d150a26d2eefa24d3a3c96403eb14b7
67efdb8aab7e60756eac1efc,82ddc76d56c71c8b31f11cc158905bc8ee79bdcb5df822242c94745c6b28911e
65df439acf21b2948d5c93fe,d43841e96650b64a077c3ca6914cbcfd19a809aff1d3b0500503fa9e9b0c228d
67ee8481ab7e60756ed87f1b,331d9fcba927e5f0f4fbce313d0466d572eac4de7c9b37c1028167c4973aacd6
65dc88a8cf21b2948d66c18d,21b977aeb7892c9d52160f04a3392da7170584cacc6ecd930b5afa5ad9d85970
63cae5447bee9c5d5a7710fa,0fa08cf3fbc3df3aace944216552de6284832635b9bf450ae6b135115920e66a
67135973ab7e60756e01b9a9,17fda81dcf7083131143c3a8d128d4fc11efcce81868e70bdda8d51092f0fafb
6a5f34df91996e05c00083e2,62024d69e31f15077e25c0ab405b7cb31672fdb3374eab6d2c5dd9c2506ea6c5
69e133e991996e05c08211d5,ea2e9c5c526805c3662ad9d4b54f6bc980f94fff181756a0543d53de0046a217
6a1fedea91996e05c0039a3c,16d1fad4496ebd5f1ce7e4a2b1458e95e5c249494bffe50cfa868474823d225d
6a5f354991996e05c001da64,737b53646b39bbfb2d6bf91de6381e085287f846ccb04f09b643e427e7e3e5b7
6a1fefb691996e05c00c317d,ff78783fe2fdf10ec49156974e25850d96670d7550c28caa29b03fc40c088786
67ea26bdab7e60756e787bf0,80cb0eebfbfd8c89dec5b4d25d44aaf4cbbd90abdd7bd3f71535bedb560bb0fc
669787a6ab7e60756eed3f98,7d678ef7c19dc5585f06081f3e880709649a674bcdb90fd6835a361525878492
61c21c8a813bb28a908f4964,2d6a25324222c04fd755b0eade2e82801d3b07a97fe3a72fc9b72aae2c6714df
67ea2599ab7e60756e76bb9f,e09b41686f192d4509997990638cef98307f6849269c0a00f7861693e3257d8d
671357f7ab7e60756efe30a7,ba6e9d727e97876b3ffe5de6445d1d1721f3d6c3e9743cf21325bd13d4775755
69bd4f5c91996e05c053e081,f700622061ec7eee9ada2d37337ece2876f009e29c2cc0effbdb904c32903e81
63cada4a7bee9c5d5a70cbd2,17e72140efc5f2610a81717569bdc903525ed03d61786d0eb443020532bbd8a9
6a1fee5d91996e05c005d61e,c229ae8056ed3a7ae1dc06f784a9e61f043b7d26d5356e4a6fcc5df0ce176e69
671350bfab7e60756ef2a293,9e49af834f27fe85dc594fe4cd517371793b59b751b77208f10e4a954ec91c29
6a1fec3591996e05c0fb36cf,bf1c1793779d2e20e83307b10c2ce6fe17fbb9ca9fb1bb53e80da862324c280a
65df2104cf21b2948d074e80,7dbc7fc8882236ed5a2d3aa15bbf9d96aea14f5fc8f5e84b20518df5b740b84f
6891d949e3ec279a5585e26d,6f25c7ee63c4309f5113aa743e885995006f88ba83c0d6c61296a657944d5504
6227060d7bee9c5d5a29cced,2a645b85ab1a204fe7c1b3417a0f1d22d82f8e30407b40e12224ac3257cf0748
67ea2af6ab7e60756e7f543b,687f5c436e6dbb9953297f90425cacafc1163878edf7244cc77fc218cd072d4f
6a1fef3b91996e05c009f976,629d9838310da70294ca6e6c156ef081ac4dca3ea355da5593759ad14b0d7f25
6a5f343e91996e05c0fe9a89,4174d2360b05aaf1b6175dfe92f33a7df0760d0c36064c2fd38a857828a2c2af
64afe4b0cf21b2948d639a39,81814c41c99c0f16f54da3b01d6c8e7e935c600f700fac6f756b98f559017a74
6294d7bd7bee9c5d5a5d48f1,765dfa8f3b9f95f3a01aa1d4b6c7f9633b2ae4de7420dbd8528dd35b2ff55e36
69cfff3d91996e05c0301bb5,8a5d3aaa224a3ba1d37ae8ac019c3c8432db95cb52713b5cdbf8398486c591fd
64afe4b3cf21b2948d63bbcc,3439eab3f39c47031e416809624b5648035bd9a66094ba1bcd3f33f35273b790
67ea380aab7e60756e96b11b,8cf6a3d476910f2c4f075d2ccd5cf8160ff695f6b73373719a60515c8eb9c304
64be45d3cf21b2948d0f4de3,ebaa0a20728a89f90f9963410b31654a6bc58a725e722e58270594f9d119af12
65df528ccf21b2948d8181ea,3e68917cb3bd8cd8d1d6982cfbafe7cd9a4ca48ac281d5ab9040f165b783df84
6a1fed2491996e05c0ffb05f,dd4811cbb840b69bf5b6e21cf8be28e8ace3063ffaccae8d26bce6b3bcfc83b2
6a1feb1891996e05c0f57917,504209cb39deb1a6d0278db6166d9b83bfd3170e15c0a814fdde54b326c133c8
6a1fec2591996e05c0fae98d,da868cbc9b3d91d252a6e33ee4f4bef2de49d66087f68126bf36fef92f65a8b7
6298dfaf53c65bae2e6b22a2,3500db95c4a8cc417b1db5e8f26e20c296f8987782c4b06ef4c84b8a2627f113
5ed2662de7380c3b5ac0d3a6,325f53332a67a44e457f59c7ced5b703927603c4cfe40b7f6309eb62a22191f7
641aeb4b7bee9c5d5a3b83dc,14222e8ec52701d86468048c64b78aa10b8c0a43f6064a25fe5033025ea89606
641aea127bee9c5d5a394f0f,f705cf160efc649d552f8ad0a1e809aff81cf5d1a705655a391678bcbf9c308e
6a1fed7c91996e05c0016801,8ea1f1da6024d6fd5bf55572c8916fea340a22807118dc624627f7a4258cc201
6a1fed9591996e05c001e684,618c9dc7c8b57b967c2afd7e28e26b73f35e822d259d2eec3ff89fd9d25df01c
6667dd92ab7e60756e6e338d,441cd82fa9f52e5db5a11ec1044cae8f0b19cbf4f1242829604a0af943693960
62990eb153c65bae2e878db0,8e0b1e01ad444a65754df259c9c3ed472af75fc679fdbf3174b66b88392c66f4
6a1ff07b91996e05c00fd0a8,9bc498f5336df502ed9c63104653365d8402694399900de52bed060fe285377b
6a1fee9d91996e05c006fc46,1cf1a0bf4f89e62a02431e41809304b0b8c90edd5836a93dcfad33cbd2f67868
6a1feeb691996e05c00776bc,db7021162568956ba744d12c2743895c1ee0daa276421a6d7d25e206e3e77536
65dcb158cf21b2948dc866ff,6fa0555ec2ed4c6f5020ef1d9227f41bbe947d9a58f9713e9ed0169dd8a42933
6a1febab91996e05c0f88467,b2d0f1541b5b878bd1271a5d5d384929874718977038591591b7eb41ffec6903
6299059453c65bae2e83efda,d3fc97d879869863696726368a4b426585000eae81c3a13b314d182f87f6ff51
69f0902891996e05c083d09f,99d2f9ef3ebe9c597ddc44ed4355bf6c3a6b825087892f514a9b84728a60b83f
6a1febc091996e05c0f8ece3,d5972792be43c59e43e4a0292db43c1dfa86800517e32aa2945a796959381969
69bdb28e91996e05c020ff3a,6aaac9d4ad76c8ac998bcf9e26a8ab666f752d538837d399c86da6936b96d83b
68c9058ee3ec279a55bce614,cdab76e8ea51218c8f097444d6cf1431aab930f051e08675a5413d8a95d8d601
62991bdc53c65bae2e8be3e7,4ef33c655e17c9d8afb7d84f5bdcb1e930a0a34c2bd54a96be1853f982315bd9
6298fc7953c65bae2e7f7af5,c1e9beb6005eabccde2ac1459cc33a4c37f31d7ef8d7b6fb44d29c9be242a750
6697892eab7e60756eef4d54,ffa137115a1212c6e3699aefe6a2eb9bf09fd8bb67a326c6f490a6dbda90ef96
5ee328eb16d97489fef1f55a,b44eafe45eefe091fb3dbb47da3b7f47b5aed1c64975ad8d49503dc81efdfbbd
67135cbbab7e60756e07e22a,2b3b21b8c3ab216f2f07ef314bc002d55637a09790ca3501caebc3d503d357e8
623ea8ef7bee9c5d5a0a5af8,21dfaea64d810fac591c94d3e99cca3b18b08341cc6c8d31c2e5306f3cde183d
69d0be2491996e05c0a05f9a,2042425d5a37287b602bb247b4383f65023dfc219ae8963d313763636a166d9d
60a1de64d5cc35459053b4da,bc7babb28e927cd4b2526ef2ed6c2878a0d608ab87925c024434e3550aa4c424
6a2fdcbb91996e05c069e654,a9958d6cdade0c8b504e80586bb5dd4ddbc5c0d92ca6e1187dc4a6c448aa7d87
6298e5e553c65bae2e70b83c,0272f52c0f6b98c13699e22449f7ad94750d962438cf2204135e78d23ba891b0
6835b38dab7e60756eadb4f9,463a5c699358ee3e5504b2a9a16c120f0053c3ff8831e9b3e7194ac732e83971
6a1feb2c91996e05c0f5dc91,568b4f01affd565f9755975fe60532088b072dae32bbfe9f021dd852847a774b
64f00160cf21b2948dbdf87a,61742102166889b315d897f6fae55afc0b8efc49a763aa970ab983ed9383d8ac
64afe4a8cf21b2948d634c8d,c72e117c11af52bc961c9adc2456f840b09b19f0e0a8beaa4e3f5a7c526c83d7
65dc6bc6cf21b2948d28e613,88420fc9ca14c9d1408b4a1efe59270489c5c373e6aa274f0e2ad49bab907dc2
6294d8df7bee9c5d5a5e8da7,55db12eda000f0af6d4ff42463430638d1ebbf8f4a0621e52c8304215914cce9
67ea395eab7e60756e995d8d,9002802801737c6a75069b6cc74e5ec2aa336b18668fc4fa33b468f9f30d6940
6a1fee2891996e05c004cfd1,06d699f43e58e7cd0c3b6f80080bc35185fe9abaa8daefd9198c4a1ada049aba
6a1fedf691996e05c003d907,a38d1f21490a4636350ef1e127f8380b39ba89ba9abcb534db9d00f3a02351fa
628f42677bee9c5d5a85973d,2cc7e0f453a800fa37ad83e9831203050522c59ed3a46497d17eb2b198da6c0b
69cfee3891996e05c00a4b63,43ca31c17914b26bca7475754a781527b56878bd3e0833ec2e9344d73759cd05
6a5f33ad91996e05c0fcb529,211eb4ee649bea5d554faef4b18935fdc7b5b383b70c20c957fa55f08743d99b
6a1fede191996e05c00368e0,7997f697aca7e13a808875e821ac6d6e92b1c07ecd5e54eea4a2ada52d172abf
6294d97f7bee9c5d5a5f34d0,223d480814bb854d2517ae1b3cd32a116c5a8fad273267cddf7bbc489e378157
69d2036191996e05c03854b9,ff84e75a859cc37366797f429f64103dc7a4726559528f865b628fa8d28fdd90
67ea3950ab7e60756e993e59,bad978b4a8a7e17de52891d27090fd8173cd2c1ac51e1294d33c3d1e0cd2def2
641aed717bee9c5d5a3f6eb7,aa8b65b96388378d7465be30cd9f28a332052421e240d558cf61ae30ff947e7a
6a1feb3991996e05c0f6212e,75476bfcf65f734773621f15b6c0d280ebaac23eea4dc3e80f46cebde96e28e1
6294d42f7bee9c5d5a59114a,c33182390114ed69f8c549de1ab973faef82340175c052be1306d908927c81cc
65dc9786cf21b2948d89758a,979d17c02953aa3f2f015ba8512759f107b6cab8ed64cfec433feaa4a7eb176e
6a27ec0191996e05c0615215,06acd9d8083cb74b650861ab65835513189444146ea982ab752af28a4d2be59f
6874ea01e3ec279a55e57ba9,c19269538ec6b0b68004813dc6cad981cf487e8414a4d2dfacbbec4d868be0e3
6298af3553c65bae2e3a265b,d49211628a740105fbf2a2b5d681649c79c58247d271cd1c94a9146de78a7dc9
67f1149fab7e60756ed6518c,ef2da64bca1442ee7d17f7c229067d28e29057152bf5fc0f20cda7c199337c0c
6a1feeee91996e05c008893d,6b5646cbee71fd485dc42a412ad8ec9db4d01b4d084a483c984ed9d3cf5c5a69
6a1febd591996e05c0f95c16,5c9343196210c12fe63dc604cf4c15835578b95260fc5c2228ddbd5abd0d4737
65df48e1cf21b2948d6a17f2,fb02ebf617cb198f8bfbf39460c9a42e8fa0f38f44573bb408d8801edb3946f1
64be45d6cf21b2948d0f6196,9e9ce02a30b94b5fd12026cac270d66dce57a1d7722ac867720414cd3d7bda91
6a1fec4691996e05c0fb8c5e,0de44ff61f52542aa2333f447eabacfb50d312c9303aeb59c55b92e9691f9db9
67135828ab7e60756efecb83,02b7d6f1dc6e439ee180117dd1ce1365c152fee682661e72778c03d0796a4236
6a031fc991996e05c0084e13,82db96e6695cb43ceb731bedbb244dcbd6923e93e76b6f9697e982991bf82a35
6298ded353c65bae2e69f953,8ee03ed077b92e73fca1c5d42ab5ad1e5395cc785aac48c79f14ee8cd7100a99
6a1fef4f91996e05c00a51b9,68be4043da099945ea55b82308a2cdd60ed1f9e434b80ba473f3642fa252c606
62444da67bee9c5d5a0a4940,2329fcde0c39e64792680d1f2302214a328768001e6a7a52d4d38a1fc98d58ee
6a1fef2891996e05c009a783,758d70c382c512214a1722298aa73a3b5d7e25aa0ae7aa7fd1038e7a83bf5266
6a1fee6391996e05c005f027,f52ceb30b5a548d12a686c29383c061ee7b7544d5759fe13aa5f11a5feb8f656
6a30f2df91996e05c05e7a97,3fb14117167a9a3d71c8ac92125044649a96c60e4a7d2db6c78a52b9699b36c7
671357fdab7e60756efe43a0,18aa1675ebe711fd27d8dc74910c34aba6769127f19bca64f67c721b9fb6b243
6a1fef7191996e05c00af20b,a3b11a625007bf86916ffc5b1f6794898e0c9d7d0b86d2c7c6310ea79dabbdfd
6a1fec8491996e05c0fcb41d,85e5f8bf8514c529f8f6e022d273a79f218c73acd34449593077a4e7f39a6c56
64be45e8cf21b2948d0fbb8f,578a1b85b9a49e65213c4d6e4d1c5ad5c6115ef3bf3426b7f0c8a706529af61b
624c0b167bee9c5d5a2a3351,0d2d9a8fce86638c4739bed50b8b410cfead63a02a89ab2203c1170f40cdb0e2
627603f07bee9c5d5a3f6f00,0349fdb1fdb3b4bcd403b6c063e58ec879c351096534339ebe5edf4292ce8fce
67135bf9ab7e60756e060a47,b8b7b4d54cddf312679f212bb4e1d1c5272c608b4ce121ad847b049d4a6b851f
6a1fed9991996e05c001f9f0,426fc558f24dbd689f8a025ca29f831909127717bf7a95982c0da100ec7be954
6874eaf4e3ec279a55e71a4c,5659506a9ea06b78c30153143772d5e1d36f405d4e59ead75c34f42552a509b2
624d13f27bee9c5d5a93caa0,fa3817b921c47a2fec546ccc0960fc35011699a130bb53ddf3096a5a3ed87ba2
69e0c73f91996e05c08bc0a0,938779ffcec2e263b0dda904aa308b3212896a48dba7a115e0c147c004ba6b92
63cadee67bee9c5d5a73b489,d549198e018b57354304a85f48b1b3cc4068f42357bf795de24ac8e5a8a5b286
6298f11a53c65bae2e790006,045d830cca34c37dfa36d5db3455c13615eee701fa381ccc19073c43d0e1fced
6870adc6e3ec279a55183eef,8d947b52d02fe539d3672557879eb20ee323b316533faf902af43ea6b0456323
6a1febaf91996e05c0f89591,81ea0e0101753fafab08d85c7f946d408f6e4b2902590e8df26aa43a11893b69
6a1fef7191996e05c00aef4e,00b1841ee7b0151aafd08904045bd1f5f73a397b6dacaa992e4efad734ff236b
65dc880ecf21b2948d65665d,c5f20724cb9a1284e5b59aea97b62463805848fb9ff176c980142b08e0af3841
65dcaef9cf21b2948dc3b330,f07ecd84a799766844831f24e355e7b67372530aa537c6a6af6c7235a0c515bc
628f472b7bee9c5d5a8994f7,d259b78ae15597d8295707a0c0cd9df610966addf15db7a6af8eb7201fe492ce
676cfd4fe3ec279a55934beb,fd693878d360d373636395c8ed20f82823da2d2a90c25fe04848422f246d9122
6a1fefd191996e05c00cb942,1ccf131a80c4735b62d77c2b4c32722e4401c10411756429ebf4592301212a38
647de1ddcf21b2948de8dd76,6dbefaf613c6e9e594d14eb06be9cbe9fce4312a618435165f628f52e9c45d62
685a54fce3ec279a55182244,4d791931f709946a898f865fb2d79c966d79bd623ab1b427684bf50bcecaebac
69d1f6b691996e05c00df425,54d84ca31dd91e9814b2ba9e68a80b0737355cbef36b2cfa3dc133a68e4b42b3
64be460ecf21b2948d10836a,173fe5496961f9f311bed797b25079e93dbe21d1ae920d6ef42c682ddb746f82
628f36f57bee9c5d5a7cb2a1,f7c812c5dc77c4825cc12df055a06de9d70017c2a47466b9f534375bc44053b7
67ee7421ab7e60756ea95d7c,2504d8650858bf4a039a6e424170b48194cb75ebe0df1a24670359213a728d27
6a1fed9e91996e05c0021693,3f0bc67bee451bbf47194ab3038e5201fbce403767de8145f38bff0423e4ee5b
628f418a7bee9c5d5a84e5b7,787419d0af55044843d27f27b51dd7fb1aebb505cf24bb563cd7fa857e1e9f46
6a1feb8a91996e05c0f7d4d5,6a7aa2ddbdc20cca93244f5de9082793bbbbb34969b58340d714c958025291b8
6a6bad85a8ff762f0db472ab,b0ade4bd96c979cb6e2b19b6ee2c5994c0a33999fb7450ba9c99841dbc8079af
6a1febac91996e05c0f88b25,5fcf20e9f90e16bf34549c4b23c3ccc95a8e37935b46620e0978f37049e23ebc
63cad8ce7bee9c5d5a6fc8e5,c4d6a82c1e00c1ee78f697edcbf9eaecf4713708f5c7d0395eaed1293d6f83d7
629902ba53c65bae2e82ada4,70b0ea50cbcaa5ce62d82356f59b1157559f743c36e94bbeb7bcdde1c2f257a4
6a1fefe391996e05c00d0fff,da3a61b259b597cc0a99e3ad781ec1fe513ae3c22e62f335302682628beed170
64afe4b0cf21b2948d639c06,7bf35ce0171069930898e6517eeb535af426d7cc7086f084a4a5bc9ad6aa580f
64bd555bcf21b2948d3f43ba,b168cc1d5df9d087c93158f7cd923ce35b0e87d096c9c8a693198321df1fdb25
65dc7102cf21b2948d333448,04f6865e556f2e1b15251e3a99750ce11f4b690a81d0d6a738510a1a21be8a28
6a1fef8c91996e05c00b6cd0,e556639f2340fcaa5b084b8666b5820f9af462c476e5ea5e4119e4ecc782c267
65dc780acf21b2948d41a15f,4aee29a81446426ca0fcdab2a3cc7e3fa283be91d5120771a13b24c3b94d2d5d
69dfb54a91996e05c0a6fcdf,f1b959ed5862b8d2f9bc664e0086c38e3aac1a2393a84917f53940408d0173b7
68060a44ab7e60756e531313,b1ce0621a5320da69ca99d3dc390fe2537b7abe5a91fad36d76983a255f9f86c
6a5f2f9591996e05c0f02554,3c27cf695f72dd929fcb2b5ee200891e2451664f8d3e9dd31534190e02f2ab20
624c0ffb7bee9c5d5a2d9a6c,c78601ba3440f8dc924bbc134e19046086aa1e43a25b5087bbb69e3293a7ca57
6298cc8b53c65bae2e594701,fb9f3f4609c16f581c1e5eb034f3974cfeffe929ad8079d76dd6e67ac5579621
69bdb9da91996e05c02563da,311687763e3dfe7ceec555bbadd081ebb3ce880e9adf0606acf76c93296bc406
64afec12cf21b2948d75dd2f,13d51c76d08acf2afa653397ba0764bad924410613ddaf10c3a4130ed94b6ce6
66978668ab7e60756eeb8f18,491585af38ee12ec841746e60126fe0be460978603189fafd6d464e76625d32a
68638a9fe3ec279a55601e17,7b5d0e1352ae74bad23a9438a9abbb56ad0db3a83e2db1ffbdfdf3035be336ad
6a1fec9591996e05c0fd0bcb,fe5b6806103f8dd88c61e4c366f2c6b3f58052d3c61f17cbd8cd3fca1228c092
6a1fec1291996e05c0fa8c13,d70d7d8bd0a6a94f057667c962035d3dc631c606fad9a195d752a4e4590c7e87
628f3fdd7bee9c5d5a838c8f,989daead838ca0d9a1f26d88ad8e31445c7ee206241eb9fd26388c1f1d2ef8d1
6717c2d0ab7e60756eb9e58d,8864bcbdc465e4d37f3231a2bbfa9d13ff062445f165446b777e6a1ecb34b0da
65dc6809cf21b2948d20a61b,3537838576597c8bc0afeaea013067f2aab3323169421b7ecb25b548e5b231d4
6333f6107bee9c5d5aeb627b,62ef9bba52870d692ba636fd20fc37798bca3c93d7f693d2ca87650be26ebcbf
61cc0a00813bb28a90a8e838,1f521d662115fef624bfbcadd87efd7af59f5e4af1338bc7ab3ff822afcb8ccf
6a1fedca91996e05c002fc8d,f20fccf30469ad046e4fbd4e2982093fbe6f3569f1381a32d2600d5de674fc7c
6a1febc591996e05c0f90718,e0b82e6761937c9a8f338936a4d61eac22f8cd7879252521a4f7d5de257b10c2
69bd4fa491996e05c055550e,62621ca29da03756904fe9a60e450378cfaf24b898a6815a0750f1b3a47092ca
65df4946cf21b2948d6af8ac,5ebb95bde1a38086de3c68a5c3d10fbc6f59484af5ff09cd4c89a48de9132c04
68c90617e3ec279a55be3e12,6be3a72592cc6cc15fdbf36466090ddbee66dab36172de01938de50c4959933f
6298e4b953c65bae2e6fce4c,c47d68df659823619ffd96bc48b2d85b053985d9ef8753a6f7d8adeb00e1d188
67134f14ab7e60756eeeeb34,b8a1a1ebf2839b2b20fd56dcecdcede88b0b74bb8ca361c709a764bf744a1602
6a1feb7191996e05c0f75062,d919e08ccdad00bc2e6d513aa05047a02c7da5ead1e1cbc9490ee053a2fd2b72
628f44a27bee9c5d5a8797c4,6c9ffa6462f191c3887b5f9bb014832aa7d8a6ecf2509ec12052e29d3817c60d
600aac6e7e23857eea62f2b1,3d47f2fb321219e5344f35c158d4684054cabf639c6221824ba64cf4a9502b46
64afe4a8cf21b2948d634d4f,0c9fd60d5e6bafd559629cda7600c9ed1ec795c677cb844864d089e0af5132fe
6a5f262d91996e05c0d175ae,fa955c658058e131d26ac213dfd3cb8dca04ca9169218be0f0e432bf3947727a
67f1172aab7e60756eda72e8,3a6025625184b10523dd559abc29ef7a4ef562d739e4f85117eb82c142744348
689aff02e3ec279a554103dd,e39cae0ddbf489a3bd4e53eed8ab9427227bc761bde72be82c9ef944c87adaf6
6a1fed5d91996e05c000c4fb,5437996a870bdf30b5d805dc0d25abca81e2d3c767df6292dce0566f64684682
69dfc33a91996e05c0c3c7db,0f3235ebeb916069f003fa605c645f51658d54fb77ff8dc7e72e1a42395931ff
6a1fefc591996e05c00c8123,54005097b7b2e1bc7520ec96f3c427f166d8cc78bfd23e65190ceaeec3b3a9b2
6a3e2f3291996e05c0afb600,23eff9e8feae72c02e4971743408c4b1fa984ba33a1f4eb09ab5d7e23f4e7511
6a1fef5691996e05c00a761e,9d54c4a7bc3782af45d64c1d699fe3ee8b085053c36446545309f9480c93e4f7
6a1febf391996e05c0f9f4cd,59acbfcb3d075cec7fd5fc51db7b210f08e878ed7cc51d8d401f24c985a4653a
6a5f256491996e05c0cef06b,7f1b2fb4fe5b15b466292a0353cb5c506c429ee472f13730829876dae30bc1e1
65df5170cf21b2948d7ea01e,5b00ffe97fbb1b2088a2b37768be4e8fb15c33b06e3f156d375903829d10f64a
6a5f34b291996e05c0ffea6c,56374a411d0470cacb047c9c6088c7502221c4eddeb008682f4528378d273b68
6a5f2fdf91996e05c0f0ea84,56b8dd35191866000a07975a2c6bf4fc165900a7ba54f73e14af4ee05e52ece7
6a1feb8d91996e05c0f7e776,ed3ad7e77ded27402dd3a3eb5346cbd74df072464a3db84f522c0f2bbaa42f4f
6a1feffa91996e05c00d82be,5e870735278c5d9f70cb86cda1b121706e8277064c9019024b69cd8264d496ea
6a1fef2491996e05c0099482,bc72c335820d1a7ffd831a39d08ffe8153c6ba2cffdcb2599ac6f8a770ecdaab
687e263ae3ec279a5567b410,4ae4cdc9c1598bbab248935a4e6fd34a0f0272315067fd865404d496cf3d044b
67ee813dab7e60756ece2076,09d7ae587f4b50b09c1de019d7d59eaf0dd5efeb0839739932f1447a84fec4a7
6a1feec191996e05c007b05c,edc81b8cd6560b67af03cbdd8cd66992b6f4e4f0f645d6229c30ce28bc85f67c
65dca7becf21b2948db2f21a,3969cde86c801265df76e44687e61a182bcb5491cef79a5b4b1216ebb3da1065
67ea2a56ab7e60756e7e3bca,9668844bce63608e3f57d7bb013f777f76ccf6cab308efd1e7c7f757f02a2c25
65df2035cf21b2948d05756e,1bb00c96189345795340a8e72f93359dc56687b230fc85723ab8dd30bce52007
65df1c81cf21b2948dfd0687,0d0321d6917838982b3220696d2f9c10df2bbf91b3ff5469c228ebece6a5a543
65df40c2cf21b2948d553e1a,87b4335c0689d8a8ffad7749e5446b22b3b473c5d280209266f8ebd9290e6c84
64be45e5cf21b2948d0fadab,f5d41c7f330ab6250a616795c18d0d4d32fcae9213bc434b027307e46d1f9dc8
6a5f326c91996e05c0f8c04a,db309ddcf8e83d89c80e22021221b21ac6c72a245bb83392809cf1960936081e
6a1fecdc91996e05c0fe6119,6d5f32857d7e34153e5272f9445fbd796b6f71c462d96dff134bccd3b0e2c677
6a1fef7891996e05c00b13c0,431cd336cdedbf24e80932598177efa073f8b109e75ac8c07c5a125aae6107d2
6a1593f391996e05c067e1bf,934c4eee319c785c452b813404279ec474eddd9f9cd8e4896d40dccadf5a8af3
63bfe27e7bee9c5d5af1879a,4046fa7ffae1df12a2707c0c919035068fd31df6ae50a51821a9fb8a0b048ba3
609120aed5cc3545900c4f7c,db265ec1407ea94be12d5964ad4bc4a781f83a3850e423188d514b18b8a4cbc1
65dcae2ecf21b2948dc1fecc,6974ca6158973ce54d53c928cd77806a26a2ac8e16ae6bbaf19f7079e01bfe19
6a1fee7c91996e05c0066018,45e825f5b309b8272153e60bb2dfe1c493d0db1eff72bb1d20e5eea29f6e52e2
6a5f283991996e05c0d843a6,ab450ca95b560563763e19fa56d23b9ebf4b99ec33d90d41186299d452b456b8
65dc6978cf21b2948d23c55f,28294d52317fc65ade23351ed0fa887f51b9b34160d09f8d4935c68e2ff4eb2c
60d194b2ee3b0993ea17b09c,e8abe0abde1b89cd2aa1eaedb003e133148b667402250b33b5fbed04f18db1f4
6a1ff02091996e05c00e2d06,f52782395f53b9208848d16c3908ae6402d1fa1f91f1674e077c58121b89a8b2
5f7ab2ea4b61bb08c232e559,f4cfa9681a768df9b5e404436fc2cbaffe54a9b8426ca3cd047e9aa4e6cbf079
628f47027bee9c5d5a89752f,5569a7e4f5ed686137a6864811599d3c20ab2048177d064baafc62f05ffe70ae
6a1fee1091996e05c0045fbd,7ab33b66fd39d3dfac1070aee600b4122a30b53c1f618351d71fef009b0305ca
6a1ff10591996e05c01256ee,1ecf24c65010b9f839e0369026f873d85a2ff7860babf9de6fba100f38c8b363
67f117e8ab7e60756edbabd3,381c65f3f1e47004efb968ad47b9f2754d16026ebc66eda2bdca82a166418d9d
62990fb553c65bae2e87e523,c2f38a83e1db98ad3b096db1ef09167b6b0e178e916f50f32fa4c748f7af12dd
67ee7761ab7e60756eb23613,0597563caa3efe1b7d7aeb9ae7158a720bab93d55055e5ec16496807146960e4
67ea36a3ab7e60756e93e4b3,e7e7b74f7080c321ffd8c5da2272329759ba27dd93e66a955deb90bda878e06d
69d0be2e91996e05c0a08a8d,ca4655310b305147fa7a30b5a6b2e6392b940d8c20f084c1c330e337928ed53e
69d0b4e691996e05c07d2d03,8a8d7edb2d26098d8ec4931e7762f6d7246827eb8794eb498331f260c3fdea1b
64be45d6cf21b2948d0f6340,c5d0cb012a8a40ba86f26c344a869c6f144994add368804c086c48259d411aeb
629900a853c65bae2e81ba3f,6931c68d1ddbd3288ad0bb5e9e4f5ec817f36e137e9b0d2c4efb1aa28030a5ec
628f44797bee9c5d5a876e9f,676b098d1823dad4cb3ab492dc8e51e7729d71aeb70067fc771f267082616d0e
660a880dcf21b2948dab5ce5,6f43db5c87e65d9ea8a42a9b01209af04eb0b246e8e4cfacb2eeb8247785abc0
67135847ab7e60756eff3730,a1e61da3afb8b7524537cb32ecb0f461e9184111cb3b01a99179df15a3122aa0
6a1fefae91996e05c00c0c49,2dadb6df48a73558db58d1478e8d87f3ed6253f8df63516f00d43670006354e9
67134f8cab7e60756ef08719,227d508490139291d31c9aa0c748e32562c595663ca6037117ddf96b3cd43775
6a5f28ed91996e05c0da9cc8,f4ef05e7198934e4c142a330f4e7e90e813e5148709ddab25a2a429098a3b35f
65df3a4dcf21b2948d44b463,31d8602797511e0d54ffe90718e7ac1930f4914d22c7ae79f2ba84874750d0f7
628f3f977bee9c5d5a8352cf,77c6711057aeb5e672977d91ba565c8fcb54b7f946f3ca8c49e20e817fa91304
6a1ded7291996e05c00c6f7f,047c4df36deaa2d339d60e8777061676ad8c3f2363f1b571b5d3ac30859127d5
6298f1cf53c65bae2e796963,50a4012d0c197465d46e67dda01f88065e4c44f2fbe40278485398d372a3a0f7
65df3eb9cf21b2948d501201,35dd978f8b49cc591ebf0106165200940032ebd122454bd0f463f0952dae427c
6a1fee7d91996e05c006615c,77aad810d7d6d99013bc0fb945645c8d3bf05f2b42e54b7caccdc677a8a94277
68df5971e3ec279a557c71b2,416217f0682c4847d367412635b128cecef8dec5d4d7d42e61794cdb93a37a66
661c2147cf21b2948d5c4a6a,21e717c7d6a30776a69a289e5572e8fe267747882b9961141e7bcd05d91c1bfb
6a1fec8691996e05c0fcbf90,f9ee34ac554466b3e85766238f81e6ca21791bf4bec6dd10421c00f7089b0cb7
69cfb7b791996e05c048a422,898a4ecc067a6d3166bb7ce03da4677e1e82f22d8b6e6c0d5262131f2d9c6b79
6294e4007bee9c5d5a69611d,8768944e28c4ce92767a88c2dc78fcd572323a882529c0403405054dca57de22
64afe4b2cf21b2948d63ae96,c0ce19400b6235b8dd2144303296561511fc5d42337185b432cd46591c0eb1b3
63cae8327bee9c5d5a785f18,4da518721e74b4433483045fbf86377da74888266e30f84c92e43d6b3b689397
69d01c9391996e05c05acd2b,f5fed8ddbca943cb48431a5aa5641392a1871608079fe958bacf0bdb26719340
64afe4b1cf21b2948d63a52b,85d8bda2a83665dbea7eecd20d7657cd43fcf22adb06f3cdc3af33375dd99ad8
67fcb667ab7e60756ed463b8,93c58a618838945141be1747bbdf7304673bb629cbc821ab2d327a8befd041da
69d0b5a291996e05c0803203,2dffc5249d8146638a49a1d01e975079598639aa9cbabfd40be4af18049810d4
650e83d2cf21b2948d9acae7,131540b782444ac85271283559a9b1c7d175d392926e1423c8935780cdb445ac
69cfbc8591996e05c05e411c,27b94d3dfea34820c190f36b2ac5cbb7d9e7399e98031cca2521dfd38f61bd4c
6a1fedbd91996e05c002b824,c31fb4244df65aa947759a4dc8ac36071ccf9dd1357bc3250a0dfbf570aea74e
6a1fee1d91996e05c0049ab1,25fb147557f4967231f6a290e8fb78da7212b0208275ae8adb562f809fe94e45
6a1fed5e91996e05c000cdbb,36fc966cfae42bf9607b15c7a3637580fe5664e8784c1af793507cbe99b72bf8
6a1fee3791996e05c0051c19,c0a349faafb5fe96a043e03d9d612a5314fcad515d67265e467c456aa41ede4d
64fc05ffcf21b2948d143f31,376675c39e46a3df637d2b4bbb1ddac0118e4cee726bb23ae27e4a8165a4f23a
6a5f2c9c91996e05c0e6d44b,3184538daf56dfa3d22d140d0c6e4d1422425a762365b92e1ea7b16757456049
6a1fecb991996e05c0fdb485,84d4cb9508da4a2d9ce3bde38a8a8c51f7980bf2b125ae81cfd6b2a7017ba9d8
6a1fec0d91996e05c0fa7297,72b013c47b27627e2398e8be2b1d334fa05fc59bf308641bfefac241a6d43e88
6a1fee9191996e05c006c138,4029cbfd3d9e7c4c4a7a9a60295d3025972c1520793bdbf417109bddaa187ddf
69d01ede91996e05c05d57b3,617ae0367dde575439cb11c9ff0509b23310b30bd3d154b4e2dc3617ffa8c547
6294d1af7bee9c5d5a54f76e,99009b602f2e2651dcd435f9fce6b3c70c7de5344d2e3a326529656ceb51abd6
6a5f2ff891996e05c0f12b60,5fe9bd4676cf1962d7473ab7814e921525e6779ded00d3e7d4391c0c7597323b
6a1fef9c91996e05c00bb675,441661190db324083085ff23cf0fc8037b0b9edd0ac921be8a360ba55bc458b2
6a1fed6891996e05c00101f4,c8f655abe235b6a5c4811d809fa830d3d82c51cebab9fdb86e5e055cbf65ac14
6a5f2f5091996e05c0ef4bcf,38914646d55746bd191c51d16abd29f2e5de44c4a7fbcfc7febb69849ae2e367
6a1fef8a91996e05c00b6144,f817cce4aaf013ba1598ddc0c26a446cb8d3694e0faeef8e7af7ed8680d8632b
6a1fedeb91996e05c0039d30,4928d0c03740c8a88d070667a0e3a85a59ccbfee895e27087dce24898fa1f545
64afe4a9cf21b2948d635aa8,4c2554403ec630fec275801464c19f5ecd0499d0de35be3508bd0862929c8df3
6713587cab7e60756efff0e9,35afd96e8c349dca5918dbcf7541e6d287e8feda9d5c714d07ab9a30f30b4370
64e48623cf21b2948d07f61e,810b308cebc1781834a6c6a7469334b45e6d8c04ad41e13de1f91a493bf18d4c
6a1ff07b91996e05c00fd1ab,3fb0d8a392e0a8278d5b936a2f092bd9bc239f2ef68150fe56e53e6716815b04
669788e5ab7e60756eeef6eb,597630deae603100d5dc8e742d4e2bbe150f950d5515ca4caa0c819687f12845
69d20d2591996e05c056bf42,a81779c488d11db07f6acf01327f43c35e844055c4e4c2ca4fb0c53e645c6aca
6294e1db7bee9c5d5a67484e,70937ee0bc2086c6fa4b25687b24685a34d27a8024019a2a69fbe0c164d1d073
69bdac3e91996e05c01b2d9c,ce284dfbe750758a4f7cdb1b7b826f958cc2de0cc67320b8e9936b95adb5e627
66c35935ab7e60756ec17a83,96642510980313763430a5706d504823438e0ee83c468aab7d8955c64aa528e2
6a1fec5491996e05c0fbcb6c,5b06b68c5a6a32579a587af490f04996e55e989d2ca50506b91b363265aee49b
65df4c8fcf21b2948d72e2ef,f0f078882c2372f5fd98272834b5e2ab74138cbff488e0dee592b8074eaab940
6294d1927bee9c5d5a54d26d,4f4dfaa8f449cc58ec3416659dbf8cfbfe266d96541f71770f5b4c61f9af057d
654cd3ea8c12ebd66f931df0,dc21fc39da6b33f55be87455e664bd46224db31f39ac675d5d0113bee43dc847
628f3bcd7bee9c5d5a80859c,1e2da80010437ab9de166d1ae5429bf02678d6dffbcedcda23d505eb96d0072b
6a1fee6391996e05c005ee28,015e4e5f385200b56fa95629eb0d8aa0d1b501ba8c3a6897ac36d2e637c5be80
6a1feff291996e05c00d5943,d4c5429a45c7862f542d270a3b68d13797b46aecfb741e1e0c83020e6ae47fff
6a1ff01d91996e05c00e20b8,e562e3e86d289e71e1bbee0bf6b91833abb19d94b002ed753afe28821076949a
6a1feb5391996e05c0f6ad97,afe5b7508bee2a7fc81d25238082b4510962f6db73ff21cd3da35a9483088974
6a1feb2191996e05c0f5a5b4,d8305d76b52fc9d55b59ba9717177136173c636ab1d21771b1b969ef90f566ae
5f8c724e4b61bb08c28cbb0d,ba4a6c3508ad0494b9d5b9018f06c134aa27d7bff3326efd4f8cc10ae1d338d4
68bece71e3ec279a558c3d62,1f9e6351fbc679ef972e5a3c56b6e75276ef301e879d40d733c95fddd13dcecf
69cfb9d591996e05c0511ae3,b6caccd917b944c1bc4c494e7495a2538e2c4dcb590aa8dadcdb21949d94d0d5
6a1feca591996e05c0fd594d,3d84f1c63cf7d897ed72c702d44de9e6312b58d5dca937a5d263716427042a2b
64afe69ccf21b2948d68e644,3ce84f485835465e0e13dcebd828cd5b6b30bf43f7052e08e10728e946a3696a
6a5f2a3591996e05c0def348,5e1ae4553c1a614604e9de44629d575589f0e37aa14af10e6910ea88ea767f2b
6a1fed1691996e05c0ff71f1,77902c1905bc145de95e68c783d3fab8cb445129e26315e534df2d9f26e9646e
6a1fec4e91996e05c0fbb2b4,abf3a6839f5ccb77b7632ec4edc0c96b649d3d1a8ee6eb5d0f86fb81668badc6
642e47437bee9c5d5a533e9a,f254c142e929ff7a81a5ade5f8b74e7b5fce97c85a2ea473eee107ac928d604e
6a1fed5991996e05c000b2fd,2a79805a3b45a16f544184f435ed86434c8ae9ea19033597a9a440a382622577
69d0b80e91996e05c0896625,620e6b776cf7364c44fd7d97fef2c6ddd51fa15bfc26ed2a9f9511277102460d
65dcb270cf21b2948dcab221,f313f423725004a8fb47ef586adbb305e3c033958a12d42a634d9da7d3dac48c
6298e30153c65bae2e6e6d3f,0f3da1a74d818831403ba24976c2385f5e34c3879bf71ee243feda999e4bbe48
67ee8657ab7e60756eddec43,0918191cdf6c8f718376d8cd43fdfa7fe7c97297ea79f2144c339bc4a541ae19
6a1fed7e91996e05c0016f26,e2061e4fb652f6a9bab9b354f94ee0fe6bc6c61f8f14ebbbb638cd61f07155bf
6a1fed0891996e05c0ff3065,0ad6b105cda60e277c44cd8e216a2e2235738424fd0fecc60cc7a8711d5f7589
6a1fecc091996e05c0fdd9f3,56980f8293679bf7d7deab3af0049fd1b1c1bdc0c288d0491203a5d7a2fdc624
6a1de4ac91996e05c00230cc,570794c4d1e283a799d0823b2c4262a1b332b50d5703a2e4f9da1b8b33dc17cd
61863a8e813bb28a90bd5ba4,21e269442efba9489df28afc74f54369288cc187b85824b4de357970bd10779f
6294da5b7bee9c5d5a6003ab,90924a478b8f6ac2217d528b55236745e20bc7c8d0201f6a795a7f161d108bc6
67f4f4ffab7e60756e2bfbf3,314768ad855cd47c0f8cd78a299de832610b22cd6b0f00d6c180f039ff584a21
660fca98cf21b2948da39389,dc5003db4feb568ee413633cdb539726dd92bbcdd233b80fd572e057b0a958ae
67ea2c7fab7e60756e821fc6,c4355b8ee7dac7ff3d076754bad2457b35e1c87343c40ad03b5728f2255bd6e6
6a1febe691996e05c0f9ae0f,e116786b44da8565c58027199ad1a30413fe2cde4dc94d4023858f6a0bf95bc5
628f44987bee9c5d5a878db7,27d257c37a344c29eaffb664be8f03b4718d67865f27ec807a2a1a7a022a7228
67b5765dab7e60756eab94f9,2de5bce539959225b35645975e36be2b0061979edea5da49592a3a2f20a7a5b7
6a1fef8291996e05c00b3d07,101d537303203be364f1a6df8bece09305daacbce344ca9d601efa70d6ba1e4a
6a1fed4c91996e05c0006ffb,8aae7b1cc9ee1c7f4b20821bda74ac6ae12fa06163e9977cfd7ddcc512253b6b
628f3b557bee9c5d5a802f05,020764e83302e4ba90871b29e5f13bf3fa759d2f3de58ef928bc6edb77f591a2
628f49657bee9c5d5a8b8e80,8899463cc453a35cb93dcc8cd475bd7e6d12358619db7090f5afceb3768f84bb
69e0c78391996e05c08c7954,97f449d6e2ea20d982c72e6e6d5f33503fd9acf14c075f88d52c9fc9ff477406
69cfb9c491996e05c050d666,7d48230ad4d7e37bfddf2318f89ba6b650686c18bd03b1a22e99659d9fbe42db
6294e3c47bee9c5d5a6928fd,f08b1cbbd5744cd7776e7000d193ee8e165400eadb2241341a8e9f1ef7ad0b8b
628f48a97bee9c5d5a8ad9ae,47502fb88154892a9d6fe4074b5985dc3d108241cd0711468f779c364b847746
65dc8796cf21b2948d644337,116ed1118f6fff733e0c3bbfa26a2c387fbd91a106019a027be09a28bb0885c2
6a1fef9591996e05c00b93aa,743422ced20f1cca9a6ca9c97d9e2f27432424101beddf6a9e3442095105c3a0
60bc3f3bee3b0993eadb0868,c1a0982723bf2f6172e25b652f8a38772dbf486f3db15a6390f44b520904eaae
67efda62ab7e60756ea9902d,f0db2c93a7ae75abe9765483aa5a79f64519c1157d5184bfe4faf61761dc77ce
6a1fee6d91996e05c0061bca,43c43dea948e510498ccec3699fde7a165fb6b98b48b379d34bf0a00387dfc19
64f00169cf21b2948dbe2bc1,888abf3aaef446f4c0ed823e3230eaaba5bb241fc4e92041011a88b5a9001eeb
65df40e8cf21b2948d559ec1,573e4f48309792aa722824bf7d695745f26e8a7c8a640e0936a594f707ec1f1c
6a1feb9c91996e05c0f83717,521585c45bf9cfcc9fbbf605e40e959f88b6989c10a6113f5ff05a107c7e5747
6a1fed0691996e05c0ff278b,46aadc9f53c1d80a583bb18c95a817dbbcf1693798534f7fb7c90e9be53ee422
6a1fee9591996e05c006d354,1b5b021f2b1b85122e1c58f7992a5939725678d97a368737bf8436fe8e577907
69d2033f91996e05c037e2f0,36f7ac13a45e2de769d4b0fb9e46bbab4a06820778b0805efbfa1a02955877fe
6a1fedc691996e05c002e4f9,f184c78331d4a6d2002a0817077efeb6af4ed421706deb64090284c890776546
6a1febc691996e05c0f90bda,728d17cbbac6ada4c0afcff444aa1fb41361cfdfc5c07e4c9ca7748906055c4d
67220eb7ab7e60756e6dbe29,d49b22fedcd8edef0db1daa268896f19adf2642a283993c11645d64a8b0ea629
63cad6127bee9c5d5a6dd63a,4b7e1b636db17665b1d7c8b4a2b7e977dbed1e27016968eb517995ad2463c608
6a1fed4791996e05c000596e,ebab4b58302c001d29d349f5cf466305b58165d30677fb42db5d677fbe0e768c
6a1feb5691996e05c0f6bcf1,f5d2a2089c355ef215e165098447af3c29f8ba44a4ca526dd29629952b08d6ce
6a1ff01e91996e05c00e26d6,f7200f4eb3595f0e882f17a1dd06c6b7252c8ae265f2aa0cab91196b3330fb16
6a031f2991996e05c006704c,1f24776b207fcd2746584745a2cddf05c221f290c3e173a2e2429932366620d3
64ca3943cf21b2948d8b56c1,0dcdf8c316345b468bcfe94f42971babf6a8ced0d8635a33105a37c0293f7b7d
67ea3990ab7e60756e99caf2,09be4d87384d5dead4b910448803599c90e604261399fe18f259f1b1ab40ebc8
6a5f263c91996e05c0d1a17e,48d3193e56437dd770b89dd480e926df86db4861aa7f77a49900c7fea35c9e47
6a1ff07391996e05c00fab8d,3b9c16555a62a49e3c81d0ac818edab95fa583c0663538a2addb584436204287
623b063f7bee9c5d5ac74074,a617795447ef4e52f793ad60808d222da733a61a3c3da24439644aff426986e5
66584a3dab7e60756e713fe4,2e86c36d6bfa1234c5f10ee5990b28bcb297a96f2668eb244532f4153e2ce261
68db7067e3ec279a55b3f621,488aee014fe38d475c991a8ef722d1ad4b8cde84126e01fb8b70f8efc40e4ffe
67135bf9ab7e60756e06091f,e3ccfca0e05ab3582296f233415f88ac436c68ac6050f8843a93d64ed7cb12a7
6713584fab7e60756eff5208,7b9d8dd607dff93db0392c4aec336a0fbf6e20be0d9685c13534ac5230615c2e
6a1fee5791996e05c005b8ae,d435e13bb7f58961703503c1a8d9ec8ab695a83ea9cf64ecf9fcb02d6baefdc5
6a1fec7291996e05c0fc57ca,55e30a424b0cf1d032a4f5f221ba7b8812cb398873661139bbf8a5f5f8ab79e5
624c1d367bee9c5d5a373811,b1bbe89995c8d7214272382557594fa8bf13378713a82d4aa396c4e305ef2beb
6a1fed4691996e05c00056ad,2d07ecb34cfa034f6279b784bbc6508ec74ddb6cfae260f87ff1a400bc93af38
6a1fedf991996e05c003e7fc,e33f44673e1ecf8a8083fde5415afbb6ccb68d1bb6e83e4d6109f38e53c75a3b
6a1fefe691996e05c00d1b48,20a5e81d9898d7034de4b665a413228538b9c494a611b329c0321c7528d16aab
6a1fee7491996e05c00639c4,90d69e580b58928bd5ec8e9430493c5baf278bdf60b09aaf0cad6fe3c30d1564
6a1ff01391996e05c00df6c3,ac3b8dc161cc3483a551972bd6369cfa0d119abae9ba9b9a32f59d26d7f41eec
6a1fece991996e05c0fe9c51,a0c99992d566d2e47bb0b23846221f729629b296cf9fc291908b54b354fe12e5
6298d52d53c65bae2e610d19,bb6495f207fd8a666de77e99046afcd14ffe3de1da5b4ec3d7592d77c5c7b434
6a5f272b91996e05c0d4c366,5bcfcad634a56bad61a10830cdade31ef3ef93e41ae1218d8e0c6026d7813732
69d1f5cf91996e05c00a4dc9,4381e099d560d0e59a2cff93d093642e0e22e166657c0a1603549480db662505
65df47becf21b2948d676322,cac2755dcb861ff4fc2cc7581a11d907eb8cf3ed3198aaf33c5a280560eaa897
62e8e52d7bee9c5d5ab9258e,cccc9c4dc0660313230e5e28d2f7015b5794e853c0449b8dd2167ef925e211bc
6a5f285891996e05c0d8a040,bd7d31423a3ec8ad388915b171c2bcaa577b9b2126463bac05a7dda8d3e97ffb
6a1fea7991996e05c0f2452a,d76b47aeed7a1f50c2fd594258999ec850953cd7dcaa19a0cac65636d3ebcc48
65dcb112cf21b2948dc7e84b,cbf8be7467661e4f7d63a9d28b811f2c89a84fb6432f9118765b6ed0b520a5d6
65dc7959cf21b2948d442b48,b68fb75462ce4835e8ea0ef89a394afba29b5bc9bc64606acc5e1f592575d0dd
64f0016ecf21b2948dbe44f2,e56ade9e47782c3f7aeff9c1bd9c8dd39045b5351a4bf06b55f8bae851422fb8
6a1fee6091996e05c005e1f8,c02b0a8c0fbbcbd7b42ee3927cdbbfd8f1b63e08492e0b685ce457c4905ac3bd
68bece84e3ec279a558c6b5b,82896c8a7847f24e998dfa117305d9db484068248e0fb60466e31b8f2f1b860d
6a30f32d91996e05c05f8c4e,d045a27b5b501110dc804c5f33c80b84ebc8a763bd5471082e53cd585d76707a
6a5f2be991996e05c0e4acb7,e5391f1986627d854e7275a67cdb932fa1800a19d0c94caaa3001b7a99fad1c1
6298eb2253c65bae2e748e99,20eab2a38cc64f95a710b88150681fe3783ee539bb789a5725abc23fb50c793c
65115a20cf21b2948d40041f,c8d79ef66aad001e83bc6ee5aa6e738df174e950973ae6c87ae67ac14d1e48b3
67135becab7e60756e05d670,10644ad964ca25b2b417cc4001ce2c110d3a68708dcadbfa47ebf080fe45ff7c
67ea38c9ab7e60756e98295a,9eef8ea8e963c3652c1439ccfcb29c97f2ee4bf55d9717f88f738f5c294c5fbc
69d0108a91996e05c04da353,88c39f903b84bc92c4aff81afffdca46c758652988db423140dbee0d3973b93a
68594882e3ec279a551ce542,819d68aa5d66287e865e90760a5c625475c3dae5568389087b60f63590c255d3
64be45d7cf21b2948d0f6523,92e1db83e822fa85dc5c582eda88ab797315201f716409170bb5cc6dd02fb8a5
6a1febca91996e05c0f92199,d225076528439d66ef210716a617cc8f80d7fd88d5be10b0b859673edcc1f96a
6a1feecf91996e05c007f430,739b08910a1fc46391da9fc88033c93fba32d7597752fa3eaf1288507ddf487e
6a5f34d991996e05c0007310,5e77c2ae52a087be2d46ff553cf17170a8be0309025e9c774538620cd5e7ee6e
641aeda37bee9c5d5a3fd175,df64e3cf4d808852279a9422eed82e5235102458687f7bbcc1b398f592ab8aab
628f3fab7bee9c5d5a83624e,7c5e9c3b07fae56b5a3a63d44a8076f75f77e4292e1132b00d4c13d50b7763b7
671350b2ab7e60756ef27b44,3f9c48c4b5ea24bf45d03ea053761069798925222f85c6a4f8005077515466c8
6294e3897bee9c5d5a68faef,1c8c13d4ba5785303814d3bf23d43667bafdc34043591da1dbe073b503725842
687e263de3ec279a5567bd02,cb4a68d0e613a210320d4988b8244e4575894524ec06e0eccdaaac9940ad182e
64afec0fcf21b2948d75cd97,73e877701f270b5e482b991de08423653b7efa256058c97e7b9afd13b7403a50
6a1fef3991996e05c009f01b,9b17a94e38b0e05ca75aaf95afe42749ff69f1c6647682254df92cefb4e48de5
67f62013ab7e60756e707d47,9084ffdf37364eaa8a43d6891628fb5169866b9ba36404470a93bcb189f3f7ca
69bdc0ad91996e05c0290122,1f57be199ffde83c84608bb8d7dfe3938d595e26efcdf21ffd0f68826aec45f5
67ea3a23ab7e60756e9aee43,691bd364ecc0107fa1403c6c3b3f7cdf28c0045a7e60ebd4dc631f9f76c99c81
682d7db4ab7e60756e797bb2,520fd0b4ff01572b95102b34ff64e859b1aeb75b636a97f6395a5fb1dc494872
6a1fef6991996e05c00ac9a1,a4a691ac5c270c260a116d5905b123f41d2b1cb165ed31d4ecf01e3ec414d463
69d0035691996e05c0382411,ba6d8045782040075c3b61b299deb94c49ffe3661256e8ea5c5841d4ca10aef4
69bdcc3c91996e05c02eb6dd,89ac76c0eb8d682cb6f65378ff7430d5548b4e0b004a3eb531cdb4c89cadf894
69d0202591996e05c05ebce7,71bcbcf974c8b1c35bb85aff27fc102123373d08fc569391a928b0c1f715540e
6a1fecfa91996e05c0feefd4,1d85f0a38227b22bd6e8f5d245f3927b8ef1f25d5d43c8a6bb0d8d8af5b2bea5
6294d43a7bee9c5d5a59217e,70c09e8ab02006d943cab81ddcefec1f2687f30f5dc49a0f913d62960fbfbafb
6a1ff09591996e05c0105103,1afa3eb5f350953bb709a1aeef3bb430fa6b7845c950b9ab418a74a637582da4
68242ab2ab7e60756ef7994f,ce32bc1cb4c70458085b7bc4be2e8dd2934703bb4a6abcaadd6db825102c90ff
68c905eae3ec279a55bdcc90,bb6f957f97f851ddd7895a56977a25c8d7747d9bf6b65fcbf09fd826232b44fe
6815eec8ab7e60756ea37270,ed3df8c0367a6c13d77d70a7704b90a65bcec7fdeda65314b1891dd54cf88554
6a1fef5191996e05c00a5ad0,9e033e4c330c78959dd5bf1abd1c8da1b383e9454432f5435a66f5a0daee86f9
67ee7448ab7e60756ea9d1fc,c0752840a27224146ab93d7c675b18a72bf2e8b21a21a1de17404542bb8e9baa
6298eee153c65bae2e776168,c8a5c060fefbd4c348cdafaa796c8a564dc4467bc72904a75bfc8009b348aa94
6a1feeb291996e05c00763cc,9845a420f61872a120a548112dc4a6ad7988677e1637cab237fa1d9253db9224
5f730cac146a9f17fffe40e8,26df76001fd03367f84704c9de256f1aee34dc7c4f6f35fa6b41d7fc06a96797
69bdb98291996e05c02536c0,d0386d92a9b3d11c2fa2020a5dda8c5d79afefcdbbc12ab354bb6c42f3cb0c4b
63e1eb2c7bee9c5d5a03d170,79fe519e2c1cb7fefcc51355aa1d3f3aa9220616b1b676b6522f80951928361c
68527b26ab7e60756ef8d176,542605a69c0c6a8258241f20a9ecda76f0e56e8e73a645684d63bf1c7ea93399
6298ec7f53c65bae2e7580f6,c65df5f6fdaf8c608f3efab0129e13157541587c93f4bbd736d37ea5afa7a928
64e48637cf21b2948d085e5c,999ea7a3c567a892210c700e3d78b8f8420f706ce8347a93af942f287ffda668
627336037bee9c5d5acc5771,1fbc4cd5c25b472efd8effc3ba43310e58df1b3a8328be9b647419fcc98e33c4
68878f59e3ec279a55093417,12bb55f436fa0ec83084f0f1ef896b311e54dcbf3797b1d26c45f9dd23706776
63caefd17bee9c5d5a7ff9cc,1031269d2fa6bcfa6846cf170500111793df0c5158dac54d3a1eaa963af58701
6672bddfab7e60756e1f95e0,0dc94be9ddcfed08282fefe5eda09a081ca181a085036c3c1fdb495c59a0f3b5
6298e73a53c65bae2e71a7f7,be27135bbf75b40aaf8b7b1d3e88f1915f156e7bd51d37bfd1d072aad561dbb8
67efdb16ab7e60756eab21a1,ad9af846f8c32ed4f4d6a6ccfc8b8cb0d71d426e46f98e7e27daee1babce0c36
6a1fee7d91996e05c006657e,5db0518da8199778bf3c9ac474d8f939ffcce40c10790b6fc25d227d608cb049
6a1fecb291996e05c0fd969a,d3b1472610ea89af624c41186bc0dc8c1400b55d44458f6031f0dd02b854d8ce
6a1fee9691996e05c006d750,e1e19ab859fb1a56563328bba25eb0a3bbec50135acde8c581df8aa8ed25a10b
68242a75ab7e60756ef7160d,cab42c2e4b7fe29d00914d9d58f137b58a58a4e6b1d65663aeb6ee941506010b
6a1fed7791996e05c0015281,7df6e12705780e8a8f8b84ec6279c278e968d8e855cf823413789c7cec00d869
624c0c5c7bee9c5d5a2b38ee,af933a9a0305934d687b56b452808e5fd39f48b96290f025f9203eabb312612a
6298f44653c65bae2e7b0969,25a557986d0a5193c1104f9208596cc037b39180a0eb5115bf80adbb4a6e1600
69bdd0ae91996e05c030d243,8eed84f0e9269ff06803ee9a377d4c2f6e47d2dad49702f9a16a26d5739a7970
68f938ade3ec279a55d10816,790b9d7d0076ccec0552f328c6865ff39ae301e292ef8e0d98f2a97948016d55
69d0187191996e05c0565f23,afec1c4d25c0f4a8956a20facb71c65dc3542441797b8bfe5930c0b6fa7df3e9
67220ea3ab7e60756e6d79b8,fcb3e48745fa1dbcfa60146b060a9150edb3ebe6f207be7149f9fdaf42aebf42
62e8e0687bee9c5d5ab1a16b,207aff70729cb5c9231e2ca80e54252cf6bf4d01ec11b499c802b7d4f47d6eb0
665845dbab7e60756e6acb45,0817021fc7e96e308c69048aeaf48a33d9e9148f12058f4a14c1d26ac0009c59
6a1fed9391996e05c001de48,b643e3cb1453923b48b2ad6c5e1c35d7d478d18bedd8f7c70d6e2c1a92c10f9e
69d0a30091996e05c02e662e,b9d2d512ab40e919622e4e8a06e7e87dc738048e372c8b4350e43823e47cc74b
65dc6807cf21b2948d20a001,a7f2dd9e56d820d603477409f9971ced81527d28788834fcb88792224818e0b0
65dc6600cf21b2948d1c691b,35a7878f6ef740cc5c5ed890a6028b4c526f66da98d9e62785d9f7c6b305db6f
65dca74ecf21b2948db1f32e,d2c3fd86a820ff4cc2b5eae2920b2cb281774c3641e156a70cfeb61485724063
6815eec0ab7e60756ea35e93,d223b98a89c82391adcd496904101e6b40dca428aa1658cbb7edd28ccfe5e047
64afe4adcf21b2948d637f1e,f13e55682a4b0c09d1b34290e8285f3e70bb2cdd58b33c8df179dfcaf81b77f5
6294e1307bee9c5d5a66a999,a4968be839addc864332df88e1e0b77f90b713dc846ad016e67053c1a481b288
6294d9a77bee9c5d5a5f5ed9,21296a1dfe97ae5eb36dd89cf6754a4cd9ca2be792cba47dde94f523e60f9b6c
6891d958e3ec279a558606e7,17035ed698724d89a40f5a0a1c6e515ba71fad7f767ee40836fcc8082adca6f0
628f478f7bee9c5d5a89e6bb,48e2daa2ce8121b9371ef3f8baedb20185a24c3ae3c5e0f522176ac39638de4c
628f452d7bee9c5d5a88095c,ac4b817d4a08299d7f7ea410cf4fe7600252372b35817ec027827a5e04daa6a9
63cae6a27bee9c5d5a77abc6,f5a503d2ef89c6950c7dcc76ee131d0f8904842d660af8253771f5bd5623e4b3
6a1fef2191996e05c0098411,ea6eb0e80cf3d5320e9c8b6ce6420e053cefa9d3b300a0d978ca4a7e1b766556
6298ba1353c65bae2e44ced7,d333c1380dada4546e4d7cd9a9a4edeaf19d02514542f082f30dec33267071a6
6603ddbfcf21b2948d5430c4,f210e08d74a8c76e3e72d353bb004462e06b9798c7d7da0ba535fab367023cd9
67ea2b24ab7e60756e7fa999,a8a0502d6cc7a811ce383134434a28f9a03a6d17ec979b14b6e065850bb8ec34
64afec10cf21b2948d75d1ff,0a411325f498765ae553aeacfb434744ff56f4dfdce550b02b72b0b323a6b0e3
6a1feebc91996e05c00797b2,17daf2e0375fb3070d3ed215c48e3f0e5d7199d1840f1c81457a159a4888811e
624d682f7bee9c5d5ac97a0a,b9d2cb10a24996b3513e5a2d467385e6a147db1db131508f9701498cbb7d1398
65df23b1cf21b2948d0de022,869f78b2a4270092c219e5fe8bcd3787faee33db1f2af8569c5ce0a95347477f
6a1feb2c91996e05c0f5db70,770c1122ab0715df77b870efc0a7040dc6077d875a3194f2caec11f32d4bacda
6a1ff00a91996e05c00dcbbc,0099d352758fd4418869de2ecdfd61eea1eac63c4fba1859dbe2ed91441460ac
671350d3ab7e60756ef2e2d7,a50917f916b4e36d11158449636a37858d5ea6132c0fde29e8004b605b8d4792
65df518dcf21b2948d7eea74,e62e5e1dbd7cb278c002d726679b82ddcfdb911a54119aaf81eb850489b0b427
63cae3647bee9c5d5a7641ef,2a644bfdf3c139cf6100f5980b18ec048814e056d836e7c602f98e573b6d9242
6a1fee7a91996e05c0065491,2e059ebc3b79ec8f59d1dcc763b6544f7a1c6351055e4b62db40d3fc12ebb69e
6a1feac791996e05c0f3d4b9,5e716f05d297dba3b69ce3cc2e0e5915d33d13eb77f56a98556bfb45cffa7868
6298f71453c65bae2e7c9c6a,e21c8b8a5f37aec1236ab6704324c1b1bc7d330163619e049fafc9bd61031e43
6299103953c65bae2e8814db,5fa75823a2e2c8ac3d0f57e59b054a0b2315afbb57ba0bb3f7ca9816c409dd61
6a1fedc391996e05c002d76e,a42f0804fe8e254e02112bc1954d8dbca8dc65889cdc6192812f7086c906555e
68997575e3ec279a553b48dd,c21f84cabafde1239acdbcf1384fd97c3a9b88843d005da18212f2c36d072c19
65df2fcacf21b2948d2a1fe1,da5910487b01cbb1243894b0cc61f5b8097665ee7e493aca909516b8a5733d59
67ea2af4ab7e60756e7f502f,7c4175d65f0576d31c611181ebb6616ceb3ecb44db3c3f7e441e6ea55bc0bbd0
6a5f2bee91996e05c0e4ba6f,e555a284a4e00ebf3de587a93ee48232b571d93822ee5217698ec73bcb8319fa
6a5f2b6491996e05c0e306fe,b79daecae1bd6066dddbac3e2cfefead313ebcc29efd75959f94b39ca13b040a
6a5f2e0791996e05c0eb3c9d,be04ecebe117e23b6b16f04d6b7e9bb2e435c17f9a9a47853ff67994ee6e3d2b
6298d7a353c65bae2e636587,472d939cf8cff6e68908abaa79e322f4f568aaedf148b60cde3a8dbb6fe5752e
64afe4a9cf21b2948d635b60,32390ca1affaa195b7721ef70aae0e25d5ac8da6cbc5277317b311c07604d24b
68bece53e3ec279a558bf3f6,4987d2ad965ae043206ecd682324f941b835ede93ed5eb6add58c40cc83d553f
6a1fedae91996e05c0026e88,8ad6babbe30edcc0f5d48440d7aa7abf1fece3278545f48cdf42449c0869fc9a
6a1feb6e91996e05c0f740af,49c105adaf4549c4ff6f6f82c6556ed307f1fc7a9b2fdb3afa1e1840f531ef3e
69d0a37491996e05c03054a2,eb88e09c74c39bdbc79a27e3ec70d3a732ce6761e87b4888e22f8d7a25ed3173
69cb50c891996e05c00e6053,9a6ba92e37a3cbe2f3ca64f790ce875ff27974c6142cd31b63b1423078d42623
6a1feeb791996e05c0077b80,6ed3c489d5cbc9de2fbc94329ba5c79e161ba5602493815db80cc648138eb34e
65dc870bcf21b2948d62f5fb,7a1714b1166726f22930bbcbac61224e5c7213ec19d7d3619863ce2dffde6d4b
6a1fec3591996e05c0fb3608,a84c5578fa3f53fced5702f0eb78f075dcc5a1e128e175cf8457d382e6236676
67135be0ab7e60756e05ab5c,d7c63878328a638210ed9e2d86e8e7a66dc7e4813bd1125ae77227f2572360a0
69bda9cf91996e05c01956af,9cde73e41eb3ea974bd208de3addf02b280f28d15b33d7cef5780744a334fcce
62298fbb7bee9c5d5a1cd055,26b5c3807730a56bde6138446032d7e603b8dfe79ddbf2f87d6fba725f115c79
641aea107bee9c5d5a39400c,5a2ea883880bbb3f208d008f6106f5b6a546531ca1b644bcafe1fdbb6c0ab78e
65df25b4cf21b2948d126fb1,df4965bded60517e50c360b18517bf110adba626c2f79177e5c37ab75c896421
62e8e9657bee9c5d5abfbd8b,7db16b04b9f3213808db4b051d4fbf004f3b0357c733d416a9575dd9f4aa1d94
6a1fea8c91996e05c0f2a9d9,c2d73140368438ce740f9f818789ae7f0bff3b8cf6be4dbb0d6159d220ee04a6
670cb694ab7e60756e36243e,654379c56c7653bc3c482c5d695b835b1b9d048b73813f8887eb69a0267b46cb
66f4076bab7e60756ef1c831,9289411f08dbe2782b2811cda40eb91dea38e6ce1b4dd164f9efd985eb124ad2
67ea2588ab7e60756e76a46e,5083f4ff14c0c907b0d5c717f787c8d9c513e36f9f1e39aeae6a2869e2015848
6a1de73191996e05c00554cb,deb880fc3148e9b919e3daa0c047d15be7e987ac9752788c5aef9d6e6488aa66
6a1fecc191996e05c0fde116,66b92d1a650a267cae03113ce2f6c8ee250fc9713e5e6e79a49ae768082206c1
6a1ff00591996e05c00db035,62e53d23a7235b366979957c87cb380a9fb56d8659df02d17578a4fed3072c5b
624c05127bee9c5d5a2430f9,51e5051db5f92b01d7515e12394621517d6c4b32c51148a4ca5e7f05d9e04c7b
65df3da5cf21b2948d4d695d,279f8b21a3a41b20693a8478af525b0d4f9d005aac749280eac5ef74a17e7d3e
65dc92eccf21b2948d7e6f2c,690017d08195fab5bf0f67c55c071e87585e4d24e09414c2cee5e9b27a7b5462
60e734daee3b0993ea0b037c,7cfc2fc5891e7b8229e004b54a5bdd0d65e7d18b37614b00ee3c4d6f389eafb1
6298b10353c65bae2e3bc78f,c883b73b0c04af8950701005295adf434dd89c2e3eb087ad63445bacc3d24c8a
67220e93ab7e60756e6d422a,e002fb077a67a4524a614fcf598627db925067ab83412f28aa2ecc3e5520368a
6a1feda891996e05c0024e9b,5005ad0efabc0ff625d0e0f4b3f75fd95e492b65e486b3649c77aee8cbbf5985
6a1fef1291996e05c0094087,645cdb09648a639a2fe104e4546614196414cdae57523124261205e9ab2512c0
6298e74d53c65bae2e71b800,2002a16c6dc2ae7256c76fc3dd95c733e348b3b944749ebe97e3c2ab0c7c576b
6a1df4f691996e05c0122893,6674190784f466d54b62ccff313654b172796c9a44928e7d173b5326c3d742d1
6a1de02291996e05c0fc61a0,99d6745ee3a297f3291837d4ec9cb4292b548aef3d9d664b5ec791547c9b814e
682d7dddab7e60756e79ce80,a70386d5a91615def77d6e2858b47c28b44d693c050892fa06604e71869c3894
6a1fef2091996e05c0097ed0,e5de9ac957c1d2f2ce95593c3e0d5c274c54f57d9f3bf63c02c503248490fa54
69e079bd91996e05c0aa2141,0a5f3c24efe1d8521b215fb1bb6f438119261e4dd3f6ffc3b05cb6d3dd769dfe
67220e9dab7e60756e6d66a4,89b9f2ab47482c30b7887921cdf9e4e1d0076021f995042c8f8846c145644134
6298f57153c65bae2e7ba914,d4b647bb447ff7c52e61928ab0e645b5ca1ff99a21d367349daadb2370ec7d84
65dc6888cf21b2948d21af1a,543ebc97406b6ad90ec396a3534b436c5c37c1a58dbd0f877b95ff1443a21e42
671350c7ab7e60756ef2bb04,8b7a918a697ce3904659a8eea8f1e012b4fa45d5298e97408c96b7b300e048c1
69e610ba91996e05c0b2f5fe,3291f9bf0a8bc3202cd052ea49b603c2dda96ed00df9c9e7ba9a8eb63e042770
65dcb006cf21b2948dc5c842,1ada326deadc46c802ef195c1f3375fcbcd9190375652ff1f3b6d0f4ce69a525
624cb4e47bee9c5d5a80a496,37a6b748c35bb6e5098311d7c5bbc062c04eebc70d3607c48a365497628645c5
6835b38bab7e60756eadaee8,08679c3ab55eef77858b0feef87c4b08932d87112596fc8f95cae2ac6724a20a
69bdd33091996e05c0320edb,7ae073fd49c44e5c28a37046a05127fe5ffe0dc1694ec4485513e16769d18cfb
67f1149dab7e60756ed64d83,f9ad39cd6a2cb0acb057a00f80005eda666b9af801221ca59053c156a3786f07
5f699463146a9f17ffcc9ca0,7e9b9e0e7d0a99a302fa4fbb3e96ddf3594cc9ef75060d374307db5a32e5b5f5
69e1511891996e05c099be5a,8fdb46ce2500bf6ff84f9fc3809c3f7b83139c04079128dff7def054045b8366
624faab47bee9c5d5ac37507,21a7c52f7448943e5f907ef2088859dec46bc72ce5fc4f1a83009de3fa8e71be
6294e0367bee9c5d5a65b6df,b3eda5e3c121eabbcc5a3b055543db9982b0c791670ea9a030ebe3957e2ba05a
67efd9a0ab7e60756ea7e321,930a5ed4d0fbf3b1d5eb210e37dc02c1f9ef2d1b5f6d52e68dfa60ea9e19e0fc
6a1fee7d91996e05c006640d,1e172cb68494433090173fff03fcdb23540af616666131d823159c9d9ea0828a
6a1fe97391996e05c0eca10a,81dde3de09ac219f36569e89547bb0ee950c9c6f429a212cb92ddd14e74ab59b
64afe4aecf21b2948d6382e5,8399cb8bda974f6e0da818448815003fc7f870568aced441fb3b78ef04616074
6a1fef7091996e05c00aece3,6a708031fc50d3e5597e9fc0a50d5013b8b25dacb781443dc9726a1b04e67df9
6298dcfe53c65bae2e683831,a58ae9af468d5805beb5df8a1a665eb550dc927c5b999679c1884e194429b029
603b7cb4d5cc354590d2cbcb,7b3675b1c4473ec75c362e7140767e4443df3d5fc2284c2bd7b40977c7e138d2
6a1fec1691996e05c0faa03d,84d6de53001f399479085b8716bbecd8731517186e3c4853d3a23206c08e70c8
67ea3a4cab7e60756e9b47c0,a170d442e3271452192781b3b2a7c7070c6b7b5658e589dc71b3f9d6a552021a
628f40d87bee9c5d5a844b86,edee9a1504df1c830ebaacab46218a84c8f9224daa74462e345681d70f4d2e9b
6055677cd5cc35459012df64,ff2aa5ce58259b18cbcb09303103a6f1685e260bc8981c7ca0e4a63435db7de2
6a1feea291996e05c0071521,3f272244733941c8ad18063f2bd16b6c7ae255e58248086caa6f278feb7a1661
6298e08153c65bae2e6c0b9a,9492ac9af8d81977401f326239026642f38b075c87547f5421db5834ff7c077e
69bd734d91996e05c0c94c1f,e8eeefd16d0e0799fe053980d8bcd85986078675f21bbf7a01767ebeeb09f30f
6a5f329e91996e05c0f961d3,df8ab8b3b6219983f8721d01a7a07953a230051f419ec9c658513e86daf97271
6a1fedcf91996e05c0031623,b446233d2cf621031ed7279e8f9002323ca50fae398bad71d88899bb8bccfa77
624c18637bee9c5d5a335502,bc5c85d13ab95febd4f9e3f0abfb741826607e3f4cc033c75d313daa064f4a5a
67efd969ab7e60756ea768d0,b2d82d3806274a0ef70c50f17a4b461bca49b0a77d49082ad21ca870b22c6f03
6a1febd591996e05c0f95b2d,5372b5fb12707eb3b2509cfa7a712b35cb5b85788c37839e779935b6b65b4d29
65df2440cf21b2948d0f54a8,683def632c2676d30a59e73c9d69e0e06ca9d3947553782f15bf2f75bf3babd8
6a1fee4291996e05c0054f7b,fa8c3ead513d22396ee08221e178cc26f5e0de1f1d29c112e3838c6dc190c076
62e8df0a7bee9c5d5aaff88c,a84354b8b4d7b9d0f4d4fe37940a1ec47388fdc1308fb8dc55f5be41c4cac9b1
69e0c76491996e05c08c1c3f,8f2ff8d9b8048e202bdadc7e22ca476cebab6611ffebadc5b5912da9505e4652
63cad6b37bee9c5d5a6e576d,d38a11b97c8be2cdfc0508f6d84b256c9b5346411e979b95f96fd17bd8be593a
67ee7c9cab7e60756ec03a4c,69d7b3e1cbac2f265eb2d4730716be518c89b6ffae031a767f5168dee7830bac
641aea0f7bee9c5d5a3935aa,18c9152b4ff19a7320611bade4ae3d89a46b20aa8c4017f5bd06d3436cd176ac
6a1feb6c91996e05c0f735c6,396c37d14fcaa38925c8c15e935710071f10d754c66564d70340e97a4e3e326d
628f3d0d7bee9c5d5a816823,32c6e30d994aca4650eb1bb48e42c0a270e4cea90414dfc8a9232e8d6f07dc8a
69dfb36791996e05c0a2e97c,9ec571df660f5a561c480e4b1536c43822c72fcd0697184499fb80ba47a577b4
64afe44bcf21b2948d624f7b,f2c59ba52ce1cf6b0a6fd910a62eb67fd6946bb1fcf101468904a326112eba1d
69be03b991996e05c058319b,4296bf2bdf428749bb17338e447458c18d836f68ee06346cafcd554ffd980edb
61469a15ee3b0993ead52fe4,632211c99e0c428fcbc1a74fe4cebf9ed5e237dff0479d3e9f2f6ca8b9842226
6294d5b57bee9c5d5a5b109e,aebd87acda69c71b25bb40349075692d052c1495f2a180f81211a745d0a05f24
6a1feef191996e05c0089542,34eea0ef36437de37911bbb9a6bf37d9dfacaee1f23d5e6ba1eb3f5e037b87fd
69bd693d91996e05c0b00726,bfd68b765ce466c3f54aff986918aa5dffc12c10c1323a36a6f1eab865140f6c
65df1581cf21b2948decb462,9d5105ba596a93e78a031a55d0e5f3755782bfdbd7cc7a486e316a1ef2264dcf
6a1fec3791996e05c0fb3ee4,673a21fe12609b2a626ae81a0eee975e475095b11d336c550a723b551d4a6d20
63c7a0be7bee9c5d5a6ab913,c957e9e176f0e0d86723e198deace32b5d7beb681e4371d81471a3213c989d60
6a1fed7891996e05c00155dd,793f309e87c4f20bf589f060f6d1e59a2561bf834ddfa2599658b720dd1e9419
6a1feea791996e05c0072fe1,b09973a70c5f0041bc9f7da5d776602696dfe417d5f199a760c6e7c3b73fcee9
6299012953c65bae2e81f4b0,a31b8d1918d9ff19b3777a925dbd103dd6baa249628c16a0fc510d986142247f
671350beab7e60756ef29fbd,9692a6e115b3e7629a80b540087c6b46a75fdc544279e8ba3c5ec61db8bbdef9
6a1fed2191996e05c0ffa800,a57ab140944e94d29ce4373542a15dc1eecfea3d576f5529fc4432fe5d2a1e62
6a1feedf91996e05c0083daf,798c005a161f1b71c520cf63a9af04bbe75fb80d47552657c2a8fbeb81fd641c
6a1feecc91996e05c007e3af,1509b56aecd78856c447b5c3ac4865f4ef48647fd71b3fd42bfb419287076d4a
61f954f0ee3b0993ead7c74a,243717f95159d54654552b80c423d881d92a820eb32d7f30cb91a566da7bdb9a
64f00177cf21b2948dbe7140,f5d714041936bec74f9afd9256b018954dd706bd46391cd6c32de86295c9aa7b
6a1fece591996e05c0fe8684,fb39189d3d147de0821c9b3b08feefce94fd6bd3de1a56fbb85e1f2f8ea7ffe2
608d4ca5d5cc3545908ff311,965eeb97801a78dae0ea1f004d2494b2dfe07379f5412e066335404a7e290c1f
660a87e8cf21b2948dab094d,2605e3a98f865ae7f277beee5c62a5abb69848636480e6331778a515d93758ea
69d20ce991996e05c055f8fb,1d95bb985f862561dae02c6b5cf4bc71527da20971504348629e20d7b7460aae
67f61f5cab7e60756e6eaeeb,603d54f7ef66ea1768054de468230433acb02e6defc467e34bdee5d250ae46b1
65dc6ef0cf21b2948d2f2344,a2841f1051a1803e83dd458e1bcc14963c5969c568bcbc860ca175a314d87ba1
671350a2ab7e60756ef245ed,f74102a6ed3d64b1e39bf729cc02e0f2295b146c1313a4fae41eb26b8c90033a
6a1fef9091996e05c00b7b56,2032ceb4e5f967e318a4ec2b734bca28ebbf61ea18a61a56e85be46f43d2dd97
6a1fee1291996e05c00466aa,c5e6504af5f83231cc8d0df42a83aaeface0c1e7d9756dfa5d9291f0ba82f192
63cacd037bee9c5d5a661121,1f11173444fd7981a003876b57a924a2730fffacd19f6360b60d730fb30a649f
67ea3960ab7e60756e996158,f1115a734e1680fd139f858c124638e2b81cd1d1fe5e7243c4da369b67f6e2c9
641aebd87bee9c5d5a3c872e,2e25060d67c09fe8031d2d2707c489468d09e708d92b4118a0d30f8097a157ed
6294e2187bee9c5d5a678d72,554c866b06bd7fa27f0b8aa707b46f062d1778c3d3d319dacab75d8db547a2dc
6a1ff04e91996e05c00f035b,75abbb20b3069d6ebc0d8b66aba1801c726617334e837c0a7dd149ae23cccf40
6298db4553c65bae2e66cf80,96962bf35b8ea1005a371233559503cff5de46074ae9d20e4b33149a33a56fad
65df3ba3cf21b2948d481615,cf709d1d638ec68aa67a463a78e820bae111328454ff24b831ed42a9dd712e72
6294e0747bee9c5d5a65f319,9ce49d879ceef487832e705edd791f077c463445ee4d7ebfabbefbb74702a44e
6a1fed8991996e05c001a868,dde01711d8e2602d5e4d62f3a0063e3d5a496a2ea7db0d044a60341ed7afce34
6a1fedcd91996e05c0030b64,0dcc3b7e4c0e29b24a0d00fad92eaba2813ed556aa5762d8c5a181e71c6a3010
6298b3a053c65bae2e3e424e,de4993922909132a0b594c09cd50a0601802fe4433161db30406192862f2dff6
6a1fed1091996e05c0ff53b8,1c7fd6834c74ebfad3c03c241730ee6ed1665827551875c2e6edfd52c4c7dd4b
670c9999ab7e60756e122cca,db24f24a0b83d6f3e586f47e370c02d02df6d64456bec4538ec00107f7239e05
67135867ab7e60756effa557,20621d0aba928ce361fc94d746d15fa3c22a9e7af2e7c17fcbc88b7d5400a698
6a1fe98491996e05c0ed0035,15364f99249112ad7fc33dcd3ed2b29608b9531bdd6532dd1a10c7406724c489
6a5f29a791996e05c0dd13b9,325aadb48470c9a70b34dbc8032db99517a1b298112a2ddf91d2a8e2b5d764b4
6a1fedf091996e05c003b6b7,8673dba387927d29009344138e7bde9e1bb6fd8c784b297a7aafd60a001bc6ef
62a0270d53c65bae2ef05b61,981111849ca1cfe6e9487064716477d50a5a9829b03fa4dc232ca16c244dde7d
6a1fecdd91996e05c0fe62f3,55870d8131a6ef79159eb6f85893c035f501fcbf961a5718c2fe3400b81481ae
60757930d5cc3545902202d7,ff52221e45efefe2d54f26ea6b98913727c6ba70a65dade9083c2c0c7e0e8f79
64afe551cf21b2948d660dd6,8a6375cb54a580fe3150cba3a62e4eb6a85175f81c84abebe4d8b14af0a75eba
67ee862aab7e60756edd6be2,b84e277efe6950a692f5ca57414e5ac52c8fbcbf73aa5f16c8f770a050c8e149
6a1fef5491996e05c00a66c9,4fe3e8bb6eae148332c9801c669a0822e76b30d539a61ee1e41c582db27ab4c5
6672bd8fab7e60756e1f1a32,df04f321cc90ed93ff8907be5b01c78adc96baf048820c5acc6569284821e24b
6a1fefeb91996e05c00d300d,7d37388febc301b648cbdbc886e0a47aa6896302829d2803627256b535e474e5
65dca05ccf21b2948da13401,9c9e24fdb5d6476aca3e973a95ac838562ba340f69e356da8fbc89d394e88b85
69cfb6a991996e05c0442b11,9d197f6bc0a45c88ea63b9e45ad3ffc20eaed4b126f68c4c23f2c16f6cdb9439
682d7e27ab7e60756e7a730c,05148e4857d1d72a9adee542ba65e55d516857a545599b624431543838f192eb
6a5f309691996e05c0f3065d,7452bc0453e1e6c341613e85f829802447262e25326d7cce203aab5d9e8d6d55
6a1fef0891996e05c0090c7d,de8f8dc89ab1ab975e4714849c9792039b6287b50ce1983b320f7e85e95a4e3b
6294dd5c7bee9c5d5a62eec2,e11ebbfdeee5a9b24299b6dd448f094f7a2b8b0c294209ce33d537099a7f4b3e
6a1fea7391996e05c0f22815,931aa4830b6ee7582b5aeb2b34a68cf081b48acec7f788c471ca2095f3299a4b
6298b5a753c65bae2e4011bf,8ebe0f75d5b09f7d07e358c260e8288f149c07b7442e743fabd3ac7dc67fac0e
65dc643acf21b2948d1848b2,e1ae2e732dd0a1cd26506a79bc42fd2db41aacf0f848dd89fe32460684c7480b
65df150bcf21b2948deb8b30,29a2bec4e816cb9ed94865c5863f84449ab2a50d9461d119667c220df7a340c9
66164ad9cf21b2948d532272,139defeafd0cf71b41f0b2b0658ca7edff9fac08a9c33e0795a0da65b08ad5d1
6a1fee6091996e05c005e518,7870ddac61d3ae8b1818917ab244d36a36443c790bfdc15b6a69a7ef62d7fc76
6294e02e7bee9c5d5a65b04b,c2ec103c3de10acd969b60cb7b11cd1803c996bedf8fc31ada99a3f6e529fd88
6a5f2da391996e05c0ea045f,90e8e1d107adc01c8f36eedfd692db9d6a54820e79bf83e136c790428bfc7b31
6299052553c65bae2e83cdb8,531a0fc886abb6bf177f526a8195caac375a4681dd5251c35171806b05d34452
65e03284cf21b2948df62f1e,e5c44e7f7a13a3fdbe662dd4df6a09d2dff6703d841f12927f08b49f78309cfe
69e1283f91996e05c073bd48,40684abc2b81a7767380dcbc6435e1d3f6544333fa60d8e74e4aea6ef4ac9f93
68c90564e3ec279a55bc7ded,1efc6aefe6526d6497281088ac08f55cd205b5c2991f8bdcfe73ff6681be2f69
64afe3efcf21b2948d6166c2,9c7a6d39b3049d1471cdf9d2ce63fa0cc95749f6f41a9112f5fcec08b11395a0
69d0bdc991996e05c09efd5f,cf414bc999cec8641cb17ea0af8381bcc66a686a33839ab8287ec4f4e9f23d62
69e60fab91996e05c0b023e7,3b4810983e70320a1926938eb34691ac9c93842935900f1fa17588b8ba6225a5
6a1fee9291996e05c006c674,4250014221f81013a82118f336536814aa6ed1f1b85a3dbcd919a9f186831a52
67ee83f6ab7e60756ed6d89c,06cd2e3de4436da7cb4f8e51c198d7b22426fc4a8478188d67f9eebdf0bd2096
6a1fee7b91996e05c00659ec,94806c215eb7093bac7810c3a6eca76e366c360cdf253aaf5434381812e8c242
6a1feb0b91996e05c0f5398c,daf3845496fe50f611cafbbc13fd55996205244b17df95dcbe276b3c5ef96a6a
64afe68ccf21b2948d68aec3,4e0ebd209ca39283c0a0ba0f9feebb5d5546581ca1f61d7b82d62f76a25ae409
67135846ab7e60756eff328d,3146ef13826b551673e3ffa9236c85ac2c1f33f45c3fc33e6f0436c4365957a9
6a1fef8591996e05c00b4a53,858ff31c030a47a0babed1ae811444f5cf58b4f53918eadcfa2488b1b8512057
661fd9a1cf21b2948d87c2a7,d0778c82994c5287e29ecbfc10d37b1d903214f4e019d28534d7620551381426
6a1fef9491996e05c00b9293,1c29c83e9bcbe2d52f80c5a9963120e9681c63630174244cf5b5189b2b91e0da
6a1fef4591996e05c00a24ba,25930c75be1f730f5251d05c1e6b06d98945fa2038c8079bbe127f509a31974e
65dc6e7acf21b2948d2e3a8a,0fc0c7e4970bf043f1dd8b2662f2564865647d9ee95d8e1a54ea1c08bf7486e8
6a1ff00191996e05c00d9f39,8886117c74bdc68bf9d20cf4a5b7554bfda1e4f65ccb280b88b051da2dd17890
69d0b6a791996e05c0840be0,35a71258b9dfcd89dc0c7d50de6a304c82983a0c0ee10d28ea502e71cd7cdcdf
67220e9aab7e60756e6d5b17,f86d2ea13bec86ac1cc8ed83b7298c756d7072fadfff4c08e4fd981078d35138
636b73ac7bee9c5d5af26283,e070c24035bd4f3b70dbefc2c0ec61f2ce101844078031847f3c9b04d00be401
69cfb58391996e05c03f0298,dc2965495f4736023d3e48d2e5b9fb1d43d9e614b526330c1ed85ef6f20fe3a9
67135854ab7e60756eff6412,d64052d91460a17f474add03b486fcc387dd5d7048f11db672bb23c7a7401f39
68c414c7e3ec279a55f00b31,423e54ae63976f662a3dd4b4a1e1ef0244d6d84869f7c51c58d0213aa86b6eac
6a1ff02f91996e05c00e72ec,e025301c4e46c8a9c84b7c32a00d48f83bc555ed5f294dec3ab34e8022849cda
67fcb670ab7e60756ed47118,ccd45b635949954c0a281ec3f96e9b4ebdfa31c7c8e35053eb8621a584a98723
6a1feca691996e05c0fd5e88,5dfc438b8c1abf7978a1b89f5e3475526fa434ec6535b17febb11051c7722c38
61e288ed813bb28a9054dc0b,a5695d7cd3ac55f77918770bd3c87f41d1a11b9d039a04f415230455c19f8cd4
642676117bee9c5d5abcb018,482492eba2e1e9542ece59f5a32dc6e47adbfa37f0cd12eb3c0364485256b56c
6a031f3d91996e05c006b456,bd379078681f9d0f66e65c65ebb6cfa584dfca612c525ebd3deed358cb922c26
61ecac7aee3b0993eaefbd29,108e5bb6515ad71d5a55674329e7ca603f96428fd835ffdae4a25f4f4326b8a4
641aecb37bee9c5d5a3e0a2a,6f7f7c2bbac63146657dac1f8c418a6eae6a303e624ecf8d42f797e093df0d8c
64e4864dcf21b2948d08d03b,35f7696205140dc69ef7b0070bd52799f878d3a5975e94dbe39e7070dd41ebd3
6a1fed3191996e05c0ffef80,607d6eb9c45fca0d92323521fea42311fb269a89b6e51d9b80c64794ce882cc1
67efd8b8ab7e60756ea5e3a0,98a3054ec01bb08f5c263666db1d44d447625afc867cbb9ca27889811dd8381f
624d92d37bee9c5d5ae91d44,22d0a9d45e40531f687219e49bfdbe913a2617151aae3e5f17b0f67d8ef2cd74
68db70a1e3ec279a55b47b00,d1383e07963aa41576a07e18079089e4439f2b2c926f0527c2e9cc196ee76c79
68242a94ab7e60756ef7575c,610781751c98df4c46990617712ff566bd603732b8aadffc64fa9c6d10305cea
685948cee3ec279a551d871e,6777c82172c66abc84945b7fef8bbd6bdafc5b99a9e1759a7b8a6af7e089fad7
64afe553cf21b2948d661cd5,e8c30ee9130f71e64bd20b297ca8e50ea8b0f7884b39ebd710fccee6734ff32e
6a1fec2a91996e05c0fb004b,772da871871b39825e729628bbb6da62b214fee7ac1551000b3227bbd7fa4db2
6294d7637bee9c5d5a5cf478,8be2b89362cb02299b72cfe61bbd6e647e25da17b6024966b61253621d196bfc
64afe6a8cf21b2948d693290,b2906b7e2fa59e3b5b3e953720fea669401678e703ac4cd70dd70d41e9e9b5f9
67ee8422ab7e60756ed7680f,8842b358ddd5a85ad83eef75c28394643ecef0ee432666baf3de1af98f3921fa
67f11744ab7e60756edaa1f4,8b31cfa1efc22af72ccaf7b5dee3d18f2a19e856f1390a766059518a32d5f184
63cb01ab7bee9c5d5a85171b,16551ca5d420fa22c9c800842e8e2715136cd5132dd208cd09289245f0cf6d20
6a1febbc91996e05c0f8d6ae,88d744fb5488aa479d7cdc664a749bd6aa8936c77127a685ce2ffa9ac1a6a60b
6298eb3f53c65bae2e74a087,d536534e35f9825ef8f5fa726eb2c666304125ac9c92cba6dad6efbc4f3f70d7
6603dd5acf21b2948d533a94,8fd78f090093f6bf3110a2e972fc5f6cc3f827d4956944a9d3d566e8f129c96b
6a1fed6791996e05c000fc07,09d316e0c680db4038370864150952ca4ed119bce682905f38dc2d735e87d7c8
6670962eab7e60756e786cfe,f60e84e2b5c58766c24850ec211fe46fd090def7748e8910c3f8953aa6dddd4c
6294dde97bee9c5d5a636e80,2d441344f8539be567f6eff6bf3f50e5b24c1cc875008a20080c41923aa5fafe
6a1feff691996e05c00d6c82,f5bf9a1532d41f28414b83ef825599002b5c1a441e7126cc2a21a6de15669023
689aff1ae3ec279a55413f84,d05e754aa8ded11f12683656ed80fdc717db9f54efc63400d3ed20e0d8d1a712
62990d2153c65bae2e86f042,cbe9b66f08594c4f84bb20a75464cdb3304e04376f6107211d2dfecb5e419bee
69d0203e91996e05c05ed618,3575c3e4ad5508498df3b1235db7da41fcae96844a0ae6ee765329853edadf6f
6a1fefbd91996e05c00c573a,e7c68b45b848e62cdc749c2f1eb79b5639eb8bc4a4f2296bbfa7a716a9c4bf9d
68c905f7e3ec279a55bdea23,ff03c1867d327c2078fdf4696f2de7cbae76025b6418cbe8def5baf86175400c
68905c5de3ec279a55d3beef,78360da1ff913fbfa49293eaf9e9ccc36cc1cb698cdf5545fc0781d573610b53
6a1fedda91996e05c0034c92,0985d944be1dd8aa32166e2eb4b996fd123f29833d177c570d4184e407ee482a
6a1fee9f91996e05c00703ad,d5a1398cda525414faf9816f8f1b27c00b40adc032ecf8cdd5a918ceee2fc3e5
69bdb61d91996e05c02361cf,887da7e7ac10e24b046b28a0b8a70a2a5459a95953a99943861b51dc60c957d9
65dcaca9cf21b2948dbe45aa,c4de4d24f88fe82f3d627024a4cae40b59eacb7c0525ac5be2e3c5da2ba89843
6a5f30bd91996e05c0f37e4a,81103ce10a6eedb9a96283673ee6fd20a897836fd4d4e0408bf426e88b89208c
60f9040aee3b0993eae0d25d,dad11f3699bb514d62c7972be5040a0cbc210cdb8413da3356377d95f87f28dd
64afe4a8cf21b2948d634d0e,321a00694c03d3d4937ab140966420775d96d794bec3a4dde024e9df36632917
6294d60e7bee9c5d5a5b81b7,b38cc62e26a054790c01db747bf60a17ba36b4178cc96049323215b5652572ff
6a1fee6991996e05c0060c00,0d37333e689a8113d056ca88eaf571369d3845cedbba2dae64fee8351b822e86
6a1fefab91996e05c00bfaca,e87a24023cd86a9bb554b2742477160ca4a44444cfcf3afaf2607a5771943d34
67e55781ab7e60756ec674ff,5f04042575c835a86f51b54b47d2907225d5d3f8a434491129757d962606ef81
69d0aff491996e05c06929f6,b8cea1133b4aafa5a6fea4c71fe58d0882981e6dee8c030087d0f54792e659a5
6835b38dab7e60756eadb457,78b8785d7b3693c896c618893327a3d6abb2cdd226a9d6432fd903d18ac7a602
6a1fed6f91996e05c0012570,454344a878000b587de558ad93e3786dc0196ad0e12960ffd0a8bb33cbac611f
61fcfa26ee3b0993ead4831b,06fe1cd35beadc070a0aed0d94edd33714a61aba0669cf7d8bf440de768127d5
6a1fee0491996e05c00420b5,60dff4477a3c469583a23f99d169dd8312273d4eb8de37e424420d2322598273
6a1feda991996e05c0025443,d88315916d6da64a1a51506d3d72c903320e99d9887da3bad4be4806578b6de9
6298ff9953c65bae2e8130cf,8c942ca140ccb785a5cb4df5c5e9836ad17b15dc66a0e2a46078bdebf4198bc3
6a1fee4e91996e05c0058dac,d69173d499b7ede51819f0d4f0ee981f3245832ef3efc44ed0d79755ddc539cf
66aa51a8ab7e60756e8e626b,7f053d7412d390749a1a96fb6293e77879aae10db6bc8a41ac39238e8987f2bc
6226fa387bee9c5d5a2307de,5c5c6b41a010b9c07c7f650cac71253cbb528dfc216ba4005e378cc16580c4f2
5efebd394b61bb08c2d81937,dfd3a77386f8476bc9c17e91936bd0d46cc80f38ca15d0f2e7fb40daab51d0bb
6a1fed2f91996e05c0ffe608,46cb45836710c4a572ecdb7f813ab33953bd1c0de1689bc84b1550072ce17e70
65dc8510cf21b2948d5e67ef,2c40b95b1d7bd7837d2f51c3eaea5c8e4fdc9c53cd7a32b1c2b2340f646e75fc
6a1fec0091996e05c0fa370d,f759707c1e80f3019d6191fd9d69b3943b3cee90198a89972d2ca99f1d9b1d36
6a1fee2291996e05c004b2a7,57c5606d693ba4247508a4d1613dba12fa4e92b70efa9d153ead6ec1445a04a9
6a1fed5191996e05c00089c4,a4484fde97ad2faeae095d266e311d9a072263cfa2ad28bb544f7f7373426ebd
6a1fec6a91996e05c0fc3484,cb8e79406e553bb7fdf46689c1fd39208c97ff8f9fd163079b1369d0cff1d1a6
6a5f2ad891996e05c0e12a72,769384ca5d94e191dda1e404b72d721f068cc86999b50dcda2798772fe76b222
6a1fed8891996e05c001a7ed,212579974b27a033b61075bdd0b177f03ac940171018be1fc6acc03e1bb73dd5
6a1fed8791996e05c0019fb9,7328a62cec75499f6e393aa78d7ac5d7e0ffe5252d984a3f86ef8fe8c3c2d9b1
671350b9ab7e60756ef28f4b,f87b30d81a676147af9b3d8f1db8a3597e9f06e1b9d80be0d64830ef587ba407
6a1fed2791996e05c0ffbff1,17f6d1f71feefc2b3a1e3c68e58bc8f1208d069f9917bb69e8be63847e1b6138
69d1ba6891996e05c08b80c6,a7bccfc681270a9b6b885c9e718dc144f0ea97b992083799b902b6290a0a7687
660fca48cf21b2948da232fe,e426cf6651bd4fa4b3023e9f956cb9197dbf728c16df2ed836910f5e6b41e792
6697862dab7e60756eeb3c4b,c9c7dd3c3e461d8f1d40824275c6667feef99b8f001b6ed18a8cf71d4e4055f5
60522ffad5cc354590d71acd,d924e2351f814bba8ef3e576c1f045d1e7ec4fbda117a9d0575e7824320fd423
65dc882fcf21b2948d65b118,44bc0a87338e08ddde368df9ddd5a2b2466c3df7b894d156ac063c946597738a
68c41489e3ec279a55ef78b6,3ee3578046a2b0d34f53bbc24dfc330307febb62ed7258c762468cf50d880e82
69d0219b91996e05c0600dd1,fb6ce456983bda88954967d80572baee6c9a20eb1ab4b19faa1db9906f7dec8c
6a1fef2791996e05c009a1bd,e9b09cea88666cb1c0bfe90d0d648cfc7dd7b46242fa8df608cd040414ed1b63
64afe557cf21b2948d6636c3,5505eface877ba63e82efa96878438bc02ffa10e642dd0e8ae779b1c1abc8333
6a031f0691996e05c00604c8,aad3fe75aeaede908a2e5da3fe3344bb0a47e182de6c923c9db0a38df292c667
65df2b1ccf21b2948d1e5a53,62a18a05b43fb522030e1794197b36f6b315687f5f23b850357f81709f985a5c
64afe49acf21b2948d631b7f,0fe6c12e207ec8f83622db07585d28a9858cc98b80622cd58c3fd0013c7b3474
6a5f34b791996e05c0fffbcc,56437586d7cc330dc71b8ba06383de6c165f358b1a209ddbc093547525f9da87
67ee8294ab7e60756ed2abbd,2d399adac64afc5d2da9412e29118e65042272fbe82a7f6bc776f189d10b956b
6a1fef9e91996e05c00bc016,d512daaceac42c8a6517c81fff332f64b6ba2a08144dea10c7ad4fbf5c5b25ca
6a1fec5d91996e05c0fbf99a,e328f7153f8f06bfa3067884843aec77b71c06316eee95fa851d075a133bd405
69bdceae91996e05c02ff08c,19489932d8f0650d971c7b5bc2e872c6509076270da5b4007d6d447afdf38822
671350b1ab7e60756ef277f8,f0840bfef764223ad00b5eacbe11b43a7286a8791ed196214c2f5cee5f26fb78
6a1feeaa91996e05c007396d,4e9fb7b643e84b88be3fc6af4ec1f7b1aa54c4ead8e16e838a850bef98048038
6a1feba291996e05c0f85ab7,56a1b01e1665761c385c78531eac369f89a2911e531983e0c034f88e4c3ba72a
6a1fef7991996e05c00b15bd,d16b71a151833861b49d00c6c628d20f3e78ce0b4dc1057377c1d8196439ae86
629918c653c65bae2e8ae94f,76b9cb8c844394fc3520f492dba184d01ac0a6d7b81a2e7bbf4e57cc88dd5119
65dc7d5acf21b2948d4cabbb,035c0babd264b818f97dcba9f28b6b42576913c7abc8eff5cb9b198169ac05dc
68060a3aab7e60756e52faeb,b30bf021d045289350bf72599c161feec330bbd2575861089044d2d39a7683e0
65df25c4cf21b2948d129260,dd2fdded43abb837ee9d82b8536966be8c45af2cee62d0b7f1ee21f1656a73b0
6a1fec7891996e05c0fc72ab,65984e7d139e3730315eb107b6afae880c1d12a984a5ce67e714155611bc36e7
69d0b4f591996e05c07d607b,9837c676e2b8cdbdca1afa18158d2e6cc8bdc989d3f4f156472651cf2ecdaaca
6a1fef3891996e05c009eae8,99f05ec825b9978ffd6510b083ccd650144588673e894659ae4e2522924b4b43
6a1fee9791996e05c006db88,8c734584888bc53d7de894f28ec703bbf6233a7563781b9177f5698ca668115f
6a1fefd491996e05c00cc6c8,361d311be8615fd403863967d2469396bbf1b4b177cf6cfd9a050e4fca7b085f
6a1fecbd91996e05c0fdca95,f2fed8e7c6390f929675ee978ba213811513dc2b31b60263cbeeda0a53481da9
6a1fee0291996e05c0041334,d724f9e98c16a36f565fc9dfd7f0ea46b29c1d5bcee2c516a96538d4b37cd9e4
67134f4bab7e60756eefb202,c75a5ddb60e654bfef17ccd2780c8b0b261d31b49589844f3bb82acf904cdf74
628f38167bee9c5d5a7d9bb8,1521475665fa944368fc40b3161aa86d523d0ff2764880b557cd7d07a8adb4dc
6a1fee7791996e05c00645bd,4bf86ecaedac61f37ebd73267e4d5ff69e6abcb1b25208ab96a1ae3379ce36a7
6a1fef6e91996e05c00ae280,c05237099ad3e7a7eebe065fc3df29357ef6b7b299f6a3759eeb6fb3dc105507
64ff54aecf21b2948dbd513d,131d16e2d88b987bf86ab402da85669f63d054107e9f23ece936aeb9fab46bf3
6a1fec6091996e05c0fc0639,f232be15eccd3849398ddf8f32de1357c58cfbec5a4c198728d8cb45053ef5c1
65df3184cf21b2948d2e6f23,5b24740666aad663e06ec78641f73a1fea9565e47694aafc8a5adbf769675036
69d2079a91996e05c0451035,becaefc3ccc197bd0fdb1569d02cc6bff5a2c08de8fc48a66a4aa7107c7a4368
6246f9cc7bee9c5d5a38482e,2097c708eef6fe6b496682313eda724b4c7582ff16e0a842b6ee04b36bb576f8
6713581aab7e60756efea067,c942ae1f3d5901366cfacefe516bb376eef3e1ef1f1dcd6a32154e9d0f7c5209
680f3eb1ab7e60756e8c8c01,f6c42f2b912082103943508f1ce59851877d53d0bf126b1fcf20070f1d0807df
6a1ff05091996e05c00f0fd3,17d31bfdfba77dafba452814912b023e93c5f988a6c777777f8216cb65a79c33
6298ff8653c65bae2e8127b3,00e2d2ade6e42690691f91680ac4099219ecce3cdbc72cbd3d0dd4a1ced782f6
68d10963e3ec279a5585e050,8bdb41638d5000e6216da6b1ff23a229e544e01c499a628f57eee1144c23c92f
6a1feece91996e05c007ef71,d8c49cb6e43e3137e79d5724c4423aae3919064b08b1b16e01e373c4429b9ac4
6a5f344391996e05c0fea780,4338d1b632abba2fc6c04c7a46ee12005a9cb17b8313bffed2fd6ea9320d010c
67f61f46ab7e60756e6e7824,3b1e565b4f056d04506a47b454502658bb6994851c0c8247af371b2b33151bf1
65df31a1cf21b2948d2ebb56,2caa70106fa3afc653998d3ef178c6c58f6a226c51d387e3b35ede7c16a46c58
6a1feca491996e05c0fd544e,ed0b7e856d9fdb0d4c1466ae6bd08c6e094a36ec58707109a7085e3e437b9045
65df25ffcf21b2948d131021,5ba69841719cfeb22dd6296ea50c021c646868f788cfa640887771381d065e84
6299056c53c65bae2e83e1d0,dde013634b91311b3b6582689e3259f59be148ff1b0fed5d57b2a753c251f41b
6a1feedd91996e05c00832b3,bff78e1a54b1be1dc5c9f746733cab9644d31cdfd9b9291c53526fe96713cd12
67135cb3ab7e60756e07c492,1beaeabc28fde949b298874f8f7a98d671cf1ae0bd47064d2af70c0a7e7b1a3c
62470f1b7bee9c5d5a46b938,bb3a9dba2a0884eb54b92af39002af5c805f18966e30764e693a9e3a7fd1cbbe
69bd87d691996e05c0f1a688,a6b6a63795e8286d539ed65c2cf825270a872be3092bf1850ed48865ceb52979
6a1fef8591996e05c00b4d54,6e80a02d093b903b68bfed3fb53a55036bb1e23a0538825eea41f2f5fdbb4023
6a1fee0291996e05c0041275,3907d0cfaf3efec9e978b73ac21e01ff4d6017ef324125b28e8488126355759c
6299043f53c65bae2e836489,d880c8268a2a6f1438e249d6fcc2374be918097ac4005eb27d88731908d2bb07
682f1c7bab7e60756e3198b9,3c4e5cd5f8077509d6655a769cfbc5bfe4784ce73467a82b8ee468ee92dcf638
65dca87acf21b2948db498d3,f9b960deaca0a7ee1396e7c52d9022e9ec9a4264efd41300674eead6c6524e6e
6a1fecc991996e05c0fe04a4,640b05fa5ab900cfc58b992c922a3e5ee24a41a06dba41f2979c05dd7e5910d7
65dc6860cf21b2948d215e4f,aafa0583b8df6846a9375bdb3f75b503606cfa85bce82f137ddc05dfab63a624
6a1ff00b91996e05c00dce37,a4170852d1c309975e32df7731070d0972c943763d50d560bd337883820fb68b
67efd934ab7e60756ea6ec9b,7e8ed7fd4195aee2dde22f5e25cdeafb5928058ad2cdbe14a51b3b92c6ed677f
65deed6acf21b2948d9df44f,3b62827d314181b099bd491fbc61e89ab5cbe4686bca3b6706bb45fdd9866df6
64afe4aecf21b2948d638120,6e4b88eeeec0b64acce9d70c8256a396ae79c02d4e30f9ae1cf585a35e79eee7
6a1ff06491996e05c00f6827,2c02bb52f86255ecc4c15a8e81ac7d7160edf5c313c71ae4a6cbffaf7749c1ec
6a1fef4291996e05c00a174a,e0dbe5e740419eb038b45602b8fe92de452b05a5b1fc7e8353d3a158369b5b23
69bd4f7891996e05c0547293,ffc590dacfff0cd82f2b20c29fa998e25c984572e1a42dd8d9def3f1f7797953
6a1fee7291996e05c00630a2,30cfb0c8dcfab2522fd47c5510b9f043ce67ffcae99f422d895350378219fecc
624c04e17bee9c5d5a23ea41,2ad44e8226ca75c5eddad98e69d521bdc4fd935b83a0ec9af774c08d5e44a17c
67135853ab7e60756eff6144,6819c4d27093b4c6c69231bcd49db5f4ab669987c6c431b7b6aa1ad507ff3824
67ee85b7ab7e60756edc1672,29752247e1c7ff17de4c7a09d484b842ca792d8138b239b0e4632189c7dc2e17
68527bc5ab7e60756efa1630,6f889f2f12c96b5fea0f4d2c3acd0f487dd40c303318486ceaa9115348fe26be
68878f36e3ec279a5508e47a,64f717e4e2d20140d2cead47c7700926695a8360db899c842d6f9324db57a606
671350c7ab7e60756ef2ba22,5a95ed79d1aad51e2d6ac45486881b7d06d41eff23ff6c1419bede032f3d2ab7
69e1256791996e05c06fe604,309d00a6a9a1f5ecfabf3e597b03cdbb8d3a7068e51d384728dcec16670495bf
67135830ab7e60756efee6b3,29a0d33e08d6c73e6fef443a54286524fee3964632f3a2438f5b615d4d953d36
659fc1e58c12ebd66f9bed90,84a3e24e9b738b2dc81e225057d50c41cb72f6d3ef426ff59af156bc40eb429c
64afe4aacf21b2948d6363e1,f654881741e252e5c7156d96951eb30f96e103f84a18c90fc139e0285ae1eebd
62990f1553c65bae2e87b1fa,ef7fa0cfc9bf8f8b25c5d9c4b010e573953bf4058c7ca676d7440b14f6b1bab1
6a1fef5991996e05c00a8556,0734ec5de0cfe23159b7a6a9a582ae4727c319a4dad6c51736f809f4eeec60f7
6a1feba191996e05c0f85505,5e365f4b1bf8f2e836bbae2f8e300c3ee2acb5420e7bc640b6166eef203c6525
69e121d791996e05c06aeb43,86c7a82f69d48a201de1ef873533afe71f386d63c8a234d6529f559bad31d195
68527a8bab7e60756ef7726b,dd7473d8f9e384b0ae08ce6ca03c098976b52ea1062b4d77b327a0354b027add
6a031e1b91996e05c002e815,dc9cca19d34025f5e38d7dc7ad951c4a52dc8c38b397c07d551b2f25fe52435d
65dc776acf21b2948d4050e6,ebff66e8abcd95a062b5db3bf56c346d07203e506b6358cd23856e3fb4c30e31
65df4162cf21b2948d56f128,93736698fb4a5611ea828d379786f048bfc1046c656cd4e60962427dedc8541a
6a031e6b91996e05c00408d7,85d4fe848dc71b45c04de81ffec8a4b373b2488dacc233f452365adc88995bd4
628f39437bee9c5d5a7e8ab4,98ca003db721d7c1a78d47417846013f7725b6cb571f2aa3e44a448dce71111d
69bd785091996e05c0d483ec,1f9eb2807e379d0332015ecfbbbd6a1378fc2a6cf7c1bbd5caa03aea3d665414
6a5f320191996e05c0f77918,bcf169de7b04571fe4ba3258fb2994282d487c63d770f519937718f8f3f7ee27
6a15947f91996e05c069cefe,7cc2d863c3784ec766e24ec91b850d012676ec77a743ab1d7a103e5900bf01d4
67f62003ab7e60756e7054cf,47e897b762f1759f57190873d836086ce93d08e864dbc3778f6b200b6a0f4eeb
6298e95653c65bae2e7346e7,8d8b423c0f43a37b42f45a0072b9fddf0cfdc2d5997df9bfad09cf31cf0a93bb
61fbd5deee3b0993ea8c9b19,7d5ac230febfae6ed1fc6f87d7ed8ad0114c055a6e117c80c1d630834cc4eef6
6294dba57bee9c5d5a6148f9,7649230c5c4c1a434f9a97a1369ce70119de887b3738c12c02b1a983ab8a8414
6a1fed7691996e05c0014b14,cbfde674cd3a8b1f01d3a631dcb556a0f0ffc107a0bc404a515f8caa9e5e045c
67220ea5ab7e60756e6d8015,fcd86becafe70dd261eeca647d6408d73c1b779fd165247fdb7a90aa37c9bbc9
65df46b8cf21b2948d64c471,32ba2be637f70836caaf81d19ec205989b278d643384317432fcefd52c5eb0aa
608d2656d5cc354590879e34,b7a3501f58a46ca246289bfce02e706a523e6765df998f35887031faf426180e
6a1fed1f91996e05c0ff99d9,f5b82e307f961c1b590e720ea3fcf73f344f2b7613faf35a5db3beff989ca1fa
68b5458ce3ec279a55b52f10,4e4dba4ee14f671700d96f75f88e85c543884e797169ae6464563326a2ccafca
6a1fee0d91996e05c0044d88,890293357ed51495ef79b8e2929fad18cbae6245a59b3d02de5344f44702e24a
67ea3623ab7e60756e92eded,48cf3fa9f28c83dc440aea63dce7d754fa32d12c053ed16ba265dcaad4d2dbb2
64afe6aacf21b2948d6945d8,a289e967722bf1e5c1010e53b594b5fbe39fdd23d8b69854366b5ecd26a4e802
64afe3efcf21b2948d6166b1,2135cb9564f3e38379ddc6dc43df9acd61aacbe67a0330283569e7ce782a8c40
6a1fecbd91996e05c0fdcd2f,0f9a970e8d62d70743d5d14e2fc7394a6fd553ced75351a63a9aa2b40a8d6a9f
66978552ab7e60756ee9fcee,fef848140e8f3800293718b85174fea80cac9c5b8792abe201be947988677aec
62991c0553c65bae2e8bf451,cd11fb5d8baea0ff53c423d732de0442766bccc29a90625fb545e2b9a6732904
628f3e1b7bee9c5d5a821f68,1f3e7bf2de6bcc51dc77c79bc62aef089a7b05653273ae80abf2ba9c3e5d5c99
67ea3034ab7e60756e889a50,730991f12d4a2b22ef48a042e7bc7871b85ce7ccc36da0fda9df45f45fb66a27
6298da8753c65bae2e66106d,d88ffff85cad0add70633baa97f10f8ac2dc053a94a19cdf91d4966d412f9844
6720d969ab7e60756e79ebbc,6507e0757a2c71707304ce80eb9830430b8d1bd7b6900b9fcbbbbba3076dae8c
5f23d939146a9f17ffb265c4,3629064002364039196352169202ef94206e787148aa2a43823b72eeb97a2e3a
661fd970cf21b2948d876899,7ca651b779882a3c19056abfd132ad64994ea79bc13ae71c82def44812c3435e
65dcae9ccf21b2948dc2ea2d,2b149ff838aec38faaee0ee781f0eedaa863215c3f713f18745eaf576d93426c
6a1feaff91996e05c0f4fcd9,a64e1434f8277352b7b50f82c4c8612fc5aa9932b5e7b2419315b6b1a198a88c
6a1fed5d91996e05c000c44d,08729927e6acba8a48747dedfe421424d2775f5d7fa2c2e42a311b2903ee3736
5fa413067e23857eea5a03fa,e5c76508f2f91bbfd7c62b70290448f4eb0a6ad513bf5b1858011ed4e9640e1b
6a1fed7491996e05c0013e7a,e3ab37d8b64b812ca7cfc2d2a3fc0ac6fd26edf257f47426f533f85247858113
695280ede3ec279a5562179e,561f465c79b6fc49d5fc921fda3a0c5261d0374bb7662a8f4b2b3f4c9dd83728
64afe6aacf21b2948d694839,bdb028a9becbd266cba9c07323648fe211ceeba6651e78ce8b77d1971489a7ff
6a1feca691996e05c0fd5ba3,9667847b1040a811dba80b0bba096e90fc6975de07518152bdde1406d59d3a7f
65dcad7bcf21b2948dc05281,e71e43f38d69fd0b5ee83c9c940c4d175e2786445aaf6fc1c5ffdc260789fd1b
6a1fef9e91996e05c00bbf92,10b272ed595e28656a11a9d4b2ba62bafa5b63bf7bd03a1962b44fc426ca99b1
66978891ab7e60756eee8e9e,72668df63fc2529d51e845d23ebcd2ae9d2f56a26f2152785d284dc48f51cef2
624e9d537bee9c5d5a4e122c,e16ceb405f750da92a4938a88882447817897ba34f65edf4594548d044cdfa60
6a1fee1d91996e05c0049dd1,2fefaddad194307156c87ac0f1482560e3ea901b96f2ae1d3649d0ed80de020e
6298f3c453c65bae2e7aae68,1036912a92482151603127fc53e0fdaffc29fde5c243bce0f964ace2c5eeaf61
68db701fe3ec279a55b34203,53f4fed7229bd3b93f1f5cfc243cc3dc0b6eda57813edf40fab9af16f455c06c
69bd78f291996e05c0d5d6d3,b355e8c10cb2b17a8a3b00baca0e808b01b31fccf90ea4757c4e15c9b77446b5
628f45ce7bee9c5d5a888456,8378a817c7e073f958f29e1e3041cef74dc4065ad89b56f3bfa26dd5ef129e05
622700a27bee9c5d5a26f9bb,36713014b3bfb99d8c4eba67ad3a2307b5e3b0ee46b5e33dbc90fb902c09ba90
68527adeab7e60756ef832a5,62083632806014d37e20829566d88db2334cfaea11d095c0b103ade29656125e
6298ec7f53c65bae2e758116,3756f20d30f2259b68ce615c5420d11eb7f4fb82f41a34b5f9b0cf4ab63eeeb5
6a1fee5991996e05c005c093,15ff08e993676e4afea987aecdfea6f159063d8d5d81786570315bb2549ebc5d
6a1feef091996e05c0089347,e7f4ea9380450badc4de1fddb2f24670ba7a7a838202b712484963dce20eb963
6a1fee9191996e05c006c0ae,12a67098836f2906d72b6854049510c620e499a0e0de5cd600e5aca60062d8e6
6713596bab7e60756e01a33d,e038c18e3de66b24b730d6d4b53a3cb80d1be9867aba087e9a8e02ec36bf1861
67ea3a1cab7e60756e9adec2,ba71ca0cd587839748e97c1626639ef3a1fdd6750ccbf8936b6775f2e9beb802
64afe6adcf21b2948d695821,565abf468afab782103d07f61e8fe2be083093ae15e978d63dff9ecb8f7e8463
6a1fe93491996e05c0eb36c1,798ce5684cc0dbd41555a233c4d5d8327348627c83fdad665c5a7f19954b0893
6a1fee8091996e05c0066e24,03bc3b02b30c9f516715d6b244336734d7fa86fc1bdae0d15ec0f0e49d18954c
6a5f25f491996e05c0d0b76a,dffcb9d447ec2b5e0517ddb843e23c8b058551a0eed6071e8178b3e6a9e23f63
69d1f56391996e05c0087855,ea76d8d59233f6a8e1ad43c024503034bda1f656316ec783e672731e9d071c15
6a1fefe691996e05c00d1ae8,386f5f0d9fd54994afdbbf7556515868e444a011ec4d7cb500838eef687baef3
69dfa1cc91996e05c075c3cb,99aa49bb394f7aa95017737bcc340b1350d66fe8b72e3006a47370621f6b0ae0
69e0910291996e05c0fd0a7f,3cbdcc108cba928040fab9433d6606332aac32dc7b6cf3c50063acb577a93405
6a1fec2991996e05c0fafb6c,08dac91ae1aa92030dddb97df3357ef8403999bd322d7d733bee4e2bdd91a9be
6a1feee391996e05c008534a,42ae6f8a2a4a18597d2d05fd294c31a8041ad1c7c045d508a36d6366e7d8715c
6a1ff05c91996e05c00f4556,9ac7db1cf726bffb727ea47254afd90309a957064dd27a21bd7f9132ffdc6a44
6a1fef1691996e05c0095698,1c69c64909374ec5bcde86e8e0bf7e06617d29aca81fd94949615b307f071b78
6a1fed7a91996e05c001605e,671a1c156c7ffcf2db8f5316897d5c28d22a90ce451eaf75a8861f210b52eada
6a23b76691996e05c09e996a,2bd9bbee7b9be7a72f7b533293ab39fdc7544a5a57413a1eb9c1e31aeeaef20f
6a5f268a91996e05c0d2a11c,176da4802bd8f27b6cd5ce0091f5e6af86a3e110a4ddf5f9d7e5e9271d8a20d1
69d206db91996e05c042d141,a397869a3fc9b60dce70c20d70f88a2c41ab651ab64868d67c0873c7535d53e4
622831857bee9c5d5a97e8fa,f7edb049945b0a2af95765548c4185d41de88e6af177057f4a5a764f285e169e
6a5f2a5391996e05c0df5613,5f03d0c92bf03ac87ccdbd2859ab39fdf683feb7a16bcacb5ecdfd2eb26f9c8f
6a1fedef91996e05c003b401,818df002b309ced3108b3ad667e020a3d00153ece4682701e1a146c8eb039d19
6a5f2ef791996e05c0ee3dc0,2441b5795905d36aa299caed6321a369b904ae5b9a71abc9934eba74950c7b23
67ea22e6ab7e60756e7297ed,529475063998a0585417b7fe1755520facc6b22fb3f979a266077dcf499aa4c6
6a1df49891996e05c011d951,599b54fd2212e69e04d332e605e08e5e365db21b7cf0b89a37403a440f2cee32
68527a1fab7e60756ef66919,7b6180497e5769ae98a186540608f6753268d1174094cc9decc0633254a92ca1
69bd695a91996e05c0b056e7,c6346db814c89b84385617925b86791b2043838c5d3f672bbc00bc181dc5b69c
6a1ff02091996e05c00e2bb9,6be38ce242f32456c815b52afece964ae317c3258168890c0a097892aba66ac4
6a1fec2091996e05c0face79,79eccc7087c302852c0a0446e0013e17a0cdd4376c870d38ebd37e783aa895ec
6a1fedcf91996e05c0031354,1edbe54024403b0d45460c11900278f0abefad5179e60e94c7a8416ba39734c3
6a1fef0991996e05c00912d6,0b2c36dc697bfffc70e3300a964f993101e7ac8d0f885f32969bae25d5ede437
65dc6266cf21b2948d14484b,73b39aa5a3cf23ce080f9f681ea25ee2a98e16af9d5d27bb961dc850d9502be3
6a1fee7391996e05c006351c,302ced03fc765bdbfc7b8cfcfc17884c707f47624bdb5cf26c6d213acaea2924
6a1feb9191996e05c0f7f9fe,6bdb2a1965ab822811277179a45d35746e85d37aa00c5e1f94be4a506efbe77b
67134f32ab7e60756eef5832,f32dc5207bb43774dcf455845e2b6702d8ce02a55019ae9d5a93fd81be30e8cf
65df41dccf21b2948d583e52,5ac5460388a7c039ff89424368a1dae10e370c4f6e98eb302de59f3b2953ab96
6a1fec0a91996e05c0fa6606,8e00a2db23c89b588deef13985fbc90e1396cc285fe74070db7b24fe57abc764
6713587aab7e60756effeb33,73e8dd598757a6822aaf9a7e63f81dd5109f008528707bae38d2bd0de1b84efa
6a1fec8791996e05c0fcc54a,146145551b3f85b4b9db9b8cf2db6681431fe62dbc6688bf0dfc54891e77ffff
6a1feccf91996e05c0fe2344,a7feb2ae054b4d6d61ff6c4d8aa22b2a0b80568dab50b73a38238666525b7742
6a1feefb91996e05c008cc90,de378fe56c5e5d242760ecaf75a60b9d23b3bd739fd16e9429f423ff2befa2ee
63cadedc7bee9c5d5a73af69,4214df2c8f4d9c893ce55e004f0522eb582ebd82652788044de588ce139e3f69
68242aa1ab7e60756ef77077,bd59506697c6be273ed6fbe0267cf94605129d9aeedb21b65382bb828c7853c5
682d7da6ab7e60756e795c6e,86f342c325e046926374b78088ac60005526e6947474b355d1494881f737f05a
6a03208791996e05c00a64d6,66dbce74e6c9675e8a063e4cae12522eceaaf2a13ba2f218cc0498a2ea607b37
69df9aeb91996e05c0633f03,de65d58aae672fb7f4b89e2e723d48d8770417b6995521a940e790636ad316d4
61a862f6813bb28a90c10530,34381746324c688e31e44dc49a87cd05283dca857524f4c614a30e3a799b10e5
6294e4c87bee9c5d5a6a189e,80313e98066f5707c638711eb79b3ac06e58d9b4ba1b69b41b881698a89041f2
67f1172dab7e60756eda7709,202f05bda1f4a23f7a1281bcaaa9d32643ae07f4b3833bfa336ef0334abf2c3d
67ee7af9ab7e60756ebbdb7a,02f7a043e6bf9e4c6183ce2b2fc60b7889ad76b5fce21aeb0535e42a0845e3e2
65df2702cf21b2948d1550a2,95abb7abdfc6d9cd22bc9205d3d3c0a6ec0d4cbcddeec4251138bdb68680f08b
6a1fed7791996e05c0015203,29a8047092913cd85c6bffa5ae3f1461d3b9a758eaf7c1e00ac1fec0358c1eb8
6a1feb8d91996e05c0f7e7cf,9d1ed78dd80565a2836a94ecc4d6db56a149b74b95be70792b854d6d1e3db2ea
6a1fefb591996e05c00c2e7c,777f9234f221754619327fd0ae62d5f17455cb21e81c910a2df7b7a28d1a1606
68242aefab7e60756ef816ee,082c61ab96ff0b3599bfe97a598b17a97fc2dc78d4c2b68a7fac6f16954486b4
6a1fecf991996e05c0fee623,350c79924f28fe3499a2b4e02561e01d2a83ee3085632aa35b921bf36c83a081
6a1dd9cd91996e05c0f4dee8,28d1b84ec54fbf9a85bd6c8f545a709b9b37fefddcad11ba2408efacdc0c7990
67f10ba1ab7e60756ec8ee6f,87dccd4f1290a0f92f23852b6a93bc71b590015714f8b00180263a89dba4dc1c
6a5f276a91996e05c0d59249,6a279b86ddfac0189fcdcdff34dcf5441e649fc10c50d86ddc40e08fbd8ea7f5
5fb0c5a77e23857eea954362,95d1226ed5f85b26d42aea25baa1bc8208c34f63d6e4882ac714001bfd253091
6a1fee2091996e05c004a91e,9a3171720cb96ef127c87a4da7e9d87027ad7c5dc450472c1d704f598afa2f95
67c6a04dab7e60756e9f5dc8,ef67227c75a1ce1b0097dbd42f6a403f817072f4e902f92c554f490f89f63e5d
6298e31553c65bae2e6e7a0d,7ae3c77eae2f4fe78c262e74f977cc7fec82c11d129d5878a91d31b55241de19
6294e3117bee9c5d5a688ac7,856a9f919bbe99e726bdf942d7059b2d6343dfa19ad04fbdcd8629b920e88310
68242a71ab7e60756ef70e37,1cbdf693beb37eb39f3e9ccb330919f4748b251af97320d9f99c79fbc5852f4c
6603dd65cf21b2948d535752,9725c25be417f05319c475116e91a6ce516ac2ab26d9b463bf8b7c5dad959803
6a5f28e391996e05c0da7cdd,f1166c547951945a971dcd1c59fd78476e5103bee6275f2bd38932a5b609c276
671357f4ab7e60756efe2545,2764b2b81109cf6b5226bc09a250b10fcee624fc08076e693d936cee7d827596
64afe6aecf21b2948d6963ce,bda7a370da50a782ebf5048114353dae5bdb9b56e437670a248036314fe98f06
6427bf707bee9c5d5ab0f453,040307b7bbf2830340ae4777dbbb17b5918f6ff2a3f348bb85e9473049c7d91f
6087e999d5cc354590d2fee5,a7c3f7e66529e45b50ed8706158b6765a91af17518fd3340e285d640748bb099
6a5f341a91996e05c0fe35ca,352a4e28b882b44da563685cdc422295db30afbff072cd54b5dfbe5299b00a81
6a5f2c4f91996e05c0e5e93e,07bb0bd77cafaa98122bde3c20361eb915b258b4e07599c2a6ea03987ebcd369
6a1fed1e91996e05c0ff98d1,b7e95dafb85c13e9d7eabdc7e4271198ec046601e04892a529795a95bfff38a0
68c4151de3ec279a55f0cc77,af62d77cde27eb1882ce86fc026ca370120f56e69a0f2fdb78a638731a505044
6a1feaee91996e05c0f4a41b,6c57fb7e7940be4c486a1d30c7044de1d9df4ee9c18e56ef2b2ae2a71b4b9e0a
65df2fa7cf21b2948d29c65f,3ebcc6210a4dc93ade92fbad10ca96a3bc9576e98b46fc9c905b6b2b823753f4
6a1fef0691996e05c00901e6,be68cb7ec0fa379e1ac3ececd9c880bee52f429836b8a7b32f001bd0b5441844
64be45dccf21b2948d0f7dd5,029d9bba93302e25df30e78cf3f0b1d506fa225bdff2d08669954c9baa3ef196
6a031e5391996e05c003b748,0945c5ae9d1446d8e3b771638ee0d95c9aec3a93a6e8a544b63ff050b8e4b58d
67220e8dab7e60756e6d2d4b,af79257cf2506e58da2439fa9a6a8942e69be5703d52674e44ff907710ce97de
6a5f337391996e05c0fc013b,12b30b3f74fc8c834efedcb9169a39b8326f07716701d7764c8dd71cc5b2a258
6a1feb7491996e05c0f7610a,c41baad225f52150a9743a36a1950e63862b4699facc5276e79935665d57eec0
6a1fed0891996e05c0ff3175,d2eaf04b866f902acfbc62a5ba658db8652f1819b37ae014c335019c9d3db162
6a5f2f9a91996e05c0f03245,42acb47fbaaeb81819c30828591e4fa8d47b39f66be20e1c31265cf270d64b8e
6a1fedfc91996e05c003f5c5,8752de00d2accc1f0fb172b5808e686aeacf6469d5966efa436652f613463aaa
64afe6a8cf21b2948d69333c,0ebc74f53d6a4532e7a72f9b0f755d59edf8f894d2126a7d411a91c92e8129e9
6a1fee6b91996e05c0061605,50dfafb959a7c5dd238922d0d4feddb3d405de4419ea7db1836b5b06505b0ce9
69bd79cc91996e05c0d79ac3,540a97d29a8af974a9e94669729e50e1f0fff252b98b223d2ec5af0d621baf89
67ea3942ab7e60756e991782,02d4909e7419932e88154a452fa3b2dc105caaa19fb63ca43a2257a180253d53
6a1fee8e91996e05c006b239,4031ae9bed556c3a3d07d06f0581a449d5815c0eb750463b75facf74e5ed6e89
6294d9b17bee9c5d5a5f6808,925b363629afd6d25a8801ef88f796b29f94bc1eb9bc9ec26c49b73ba8333319
6a1febd891996e05c0f968bd,53d4a37764db1d0c7873fc69ea5c44710ec2bbc698495409fc747d867be45567
6a1fec3a91996e05c0fb4f3a,c929b27e51425514d8633f5b0245ac0a5228823cad0d23c164e68ab894c48e61
6a5f2b0c91996e05c0e1e13f,8527f71825e9ee1a6920ff78160ea7ded1bb915776c3413c0ef1ca8d9002358e
67fdf655ab7e60756ebc4968,1744d8618ed381c62f7524bbbd97ac94507b67f722e44adda300dc4518c935e1
6a1fefe091996e05c00d02d4,52b6d9d64d14ef9be416c301453c21f1016cafe84fbdd58edf50688ca218c4e0
687e2669e3ec279a556834d8,ef58266842da303e5915d9e76b1758ff748e234c2f96e61912c822a0ace73176
67135c33ab7e60756e06cdbd,6cfb870520dcafec3e65049ddf4490b3d91f735179875e56edcc6952b386aa9b
65df1713cf21b2948df033e8,74a6212bff2b9feec8f68af66b9cdeff534a594922dcd139133a0c00df5df632
6a1fef0391996e05c008f7ef,aef1e461c8dec9617a3732c07f45a60c4f091bbf72fa6155e165338302eea7a3
67134f42ab7e60756eef8ef3,2daca4162b55bca6f2b4f73e2953df71ac95e42f15bf7bbeaf28bdef8c0cd50c
628f47227bee9c5d5a898f45,34d4fedc79c137b5444ab0d81a6122391f4cdd59fa0c9ce67a52f39b18ceff8d
68638acfe3ec279a5560961d,008e0b864d60c201a7a51f1dbd7c9ee94c52543945aba88e44e4cf65b47e385f
63cae28a7bee9c5d5a75c876,5a3c0be75f251f9e0a1995d95a39e974415f0b23e023b42c58cdafe25d4233e4
64afe449cf21b2948d62447c,df068fef6c35551cc296d5727092fadf15a6a097ab2f52de91942b02655cc4f1
64afe4adcf21b2948d6379b0,f32bc3bcd0ad5533f9d1ffa6bed0f22be1c588ae05d8ce81eacfddcdb35eade9
6294d5527bee9c5d5a5a9b3a,e06038871313f963761fb295916c08e80fedd2639d136b879153de779fad27b2
69dfb76791996e05c0ab9eca,6e3d1d6bb5e2ad0c1d8b6d070c2d092dd5498f8317ddd587ef3bac1452110472
6a2fdd2791996e05c06af1f1,c920e01c744e1d727b421d7e5ff4b3cbc7b95a40bcd1f7b27b5cb260edb8a85f
6a5f2b1191996e05c0e1f32b,89bd9b84ead1143829fe1db71182bc5ce7a3b307415c2bd7675705bab904f87b
6a1fee1891996e05c0048471,4ff647a4399a168b5f4269a12a4fda76b392ab5a903bf126790051c20902d75f
67efd94fab7e60756ea72f5a,ce3c8964d8178649378aeba3fadf0a7b3fb8aa825703044fd3c35fce15204c07
65dcac7bcf21b2948dbdd015,62dc2e42e62a4565b44758ca9ae7830f6ffc8d9bc8fc36060c1610b24d311e6e
67134f38ab7e60756eef6b95,e5a4cc02ffe6bc5e716afbf2434e195c176665e7f0db1c11749c8ca59781133a
65dcaaa2cf21b2948db992bd,b64152381f2a676670a1eeabcdbdd565b1886cb95b016c53243c0d6c92e008c9
67efdcc5ab7e60756eaebe88,f4083e30bbc4ae1edb0400735eba8d455effbc4f13df75602a47bf19bf78f6d3
67efdb0aab7e60756eab036b,511bc954ec943ea33d92e606a17fecab21a6e6cee97c9b5bb659e78cd57e33cc
6a1fef4191996e05c00a1210,42878b26c3e02ae334dd7a8947b3075aa9e7341b6f16c6f38ab6902eb0242cd8
6a1feeba91996e05c0078e2f,b02fe7b650573a508963c20cc465849e67c639f1fde542b5f81f7da98902f9f9
6a1fec5691996e05c0fbd451,8477c0ea1546ea80a47f42aa43fa8ba91e90857843663240ff626c6aa476fc0c
69bd583591996e05c07a5f5c,5bede6b13be10703ed1a11968351057952ddf6e6f62da2b4c7f85ff1df181b83
6298c26e53c65bae2e4eaf19,b91904c7ad8fb2a8ae72b3ddc70b50ad7746843a0ec62c9de27e6bf8e8b9e637
641aea137bee9c5d5a395b24,690b6c85f4b68bacd674cd4d27ee2c3e6d5a24fb2971b1eaa3fe761d162c699a
6a5f27ab91996e05c0d664a4,7719e54e729260c2ec27570a79d43c5da244c9de024fb437da0db038438b21bd
6a1feae791996e05c0f482a9,97fa7b28edc70861ed9e3c36c08e9684b3e08c621a0a920d97a875184212fc93
6a1fef1891996e05c0095e7e,352819f6e6f39a2f6ae47826fba7f7f8f8758f808bed58ea58ad6d7398dc338f
65dc6afecf21b2948d273949,dabff380d7d8809db91db6216be2fd5758456756f3035a5177492283e42ee9a2
64afe4adcf21b2948d637bb3,de501f06775c757c813233de491d7342e9ad3b1c86f7b3517d52b2ab4b55351e
67ea384cab7e60756e973061,08a8ab5e17cbdb5f98de2e035be9c44a84e78f919af97ab1748f3acdc07e51eb
65dc6103cf21b2948d1142d6,981efb575c655839ac0595c2121a43d79cf0c82478ce88c80c76ab07307a9550
5fa637277e23857eea636b0c,501dff3cb517241f0e5ffc72728bb0606bc20ef3e7a83e3315eda475f285a4ba
6298ed5c53c65bae2e762de9,270bda267266ca3abb9b1116229d184c67a393d3f64ffe5257c6b106ade9d693
628f38207bee9c5d5a7da198,4e4792a5a69b15ef396ec3fe2efd73992f219615a40c5e5e31fed12d529955bf
6a1fef0091996e05c008ea16,a45318db749e7edd7c4ce0bd304bb05eaea3ce3ed533e76abd6ab20e8a2e5134
6294d9d97bee9c5d5a5f8d7f,f46ded4ffe57e59844ebd5da130a066dd973ae102a4801dd3ab92fa6d578b45e
64be45e5cf21b2948d0fa9d2,c7c9c33baede336479ed42acc652d2445319fafd1429f02ec43a5dc82cf8eaac
6399a0a37bee9c5d5a0dc3cf,e43b9ff0782db0e5be110a6e7c032e0bec03604f4c84a7b2858875b82a7b156c
66978641ab7e60756eeb565c,7d56e0bb94412927352212b8150bb14c6df154cfb0eca0544d36a3e1c7e3dab0
69bd8e4b91996e05c0fb2701,cdafb402065c0d518324ab3f85eac9de406460f751f1ae11ea57f83ddcd0fd73
6a1fefdc91996e05c00ceda0,2d9d93fa84060fbce717d10d906598b6267468ba3622338cb2114c37a145312b
6a1ddc9c91996e05c0f86975,1f93ffff345be93d9a0b44aea7aa5c5bf0af677957f181820e73068a0dd63053
6a1fef7c91996e05c00b2618,d38ecbe71f2a677d1e47d9729cd8aad2d94de5b508a532d171908ed6301220e8
69f0907f91996e05c084bdd4,ed86ef2cc37794af1d7ff1803099958e0ded87f20776ed28b249bb3fb99599b8
6a1ff08391996e05c00ff953,251b1886dc1226041d32399737bcc14e4725edc2461f5ce52e46d95b2916e3c6
627605a67bee9c5d5a40c890,1824eb12f984a8a8fa50fff6c9cb1afcbab3eed2d805f12f8e0c3c4e02d73629
62429f6f7bee9c5d5a4edde1,d8f92751d030666c175f98425158f32f5ca144c232a21c2780d63fa8983f94ee
6a1fedff91996e05c00403bb,ad79109fed67a9d975caefbedeeca724e4d0b1ebb06a0b6448de55ae49298d26
6a1feec991996e05c007d19f,f72d88b9de33c5728b6f064d2b8eb1b02854551433153c55bf6c5a7cd52a073b
69d0bded91996e05c09f8256,80dec49b3bb28171736db155686a9d6b41b0a8761c63065521d020b33ea9ae11
6298d93353c65bae2e64d6c0,71d599cf3da58aabba79b43af57e485115bc6720c3050b1038438d5073148643
6a1fed2191996e05c0ffa4b5,3ab530854342b36af24700ee06d230b89ab24574f175bf4f7cfd91186eaf8b8c
6a1fed4991996e05c0006410,4b53b73e890833737468b87228e4ca7818ee6409812c83995eb7cb9ca5b2ae33
6713586cab7e60756effb64f,6174e5421d3bb619d2c057fb821ebeedea0332b87122b1a174db96cc86eb16fc
6a1feeb291996e05c00767e1,192b6028e5b863cd482f70dc286f6bc7a89f0432480f541c6451c7962e0f0b36
628f4ce07bee9c5d5a8e5a33,c925a14d18832a69d0389238486ecc4ce9748d76104f0b8a75cca448d4ab9b3e
6a1febbc91996e05c0f8d7df,6951a3cfa8d7b26778cf65502dab81f4297570138ea6557c692fea449783a76a
6604f486cf21b2948d9b4d9c,cd4205d374b51f65fe9e1aa81b74003879b2d5a391d20f8bd3750a67a32d7cb5
69d0b59891996e05c0800a81,f4d8d15c961c7c043e1946337cf7861aae9ac3522a6afdc2081c3713a4f0b143
628f42ad7bee9c5d5a85d6a2,d18a9f248adb1c153f8a02474dc9bd32ba2d05fa75ef4050602e2cabf0c7c229
6a1ff0dd91996e05c011a01d,8165b2dc8e09e13013814c6dcdd24767740e9663c8210dd602d88c297d563390
682f1c71ab7e60756e317e33,3001445b97a63f830a0934dcc5ba18486624f5100f1b0003888d29ed850fcac7
629912fe53c65bae2e890aee,661a9b64a85b0cf5545b8e4bbfc596cf332f67410a7e1c1e0ea826f695875eab
629918a853c65bae2e8ae142,7f85edb7dbf67de5477d13f26cf3a96ce5b6ba7e15e2737f4b31b6918f4a2abc
65dca7e6cf21b2948db34334,f0886229c25ffbfa307ea08bc0005bf9550adce86b68ee30ebab6a257cc3b8b3
6688dddeab7e60756ebb4eca,87fbf529620015c6d21ff0bd09095977b1e83db3b9d8747d7bb68614c924771a
68db7049e3ec279a55b3a3e4,9d4034c2783c573e7bcd16b4bb102643146fd281d2f7c1e786f920e4e217eac7
6a1fee4691996e05c0056050,e40923735c984a3a013fe258a7981b3ab79bebfaeee01280718c97522b7eb1ae
6a1fe9eb91996e05c0ef2f1d,b291f3bdc9abd15f9873c353d5d9d9ab526c9cad4bcd3b6c36e6ce3ff9f5777f
623b604e7bee9c5d5a020a41,c0b69ef82ebb9bc15a59e3160688e6d078ca796699f58122f3075c934fcba2b5
682f1c40ab7e60756e311427,9583e8ca15416ee52470bb7267c0d5f638d13105a3a533b80ab3802b9a1db996
687e2660e3ec279a55681d78,9830c306eec93c58ad2c444a7bb299306711d753fd70f39ca8f07fb591dd629c
6a5f27ff91996e05c0d775f8,9c459e8e5530ba67879fcea0b579b92fee58d9120f94e1f794b1f4f85512d441
65dc91decf21b2948d7be2bd,d34e6c1331dade9a990835e772ae6cbce5e39f94b3eaa6ff653cc9232778c2cd
682d7df7ab7e60756e7a0598,75715a905e679d14f152dae6b505148ef784d6fa797cd3daff8265ad8b7dc792
6113ab83ee3b0993ea98305d,2a17a1f9a4fccd66956a5c52b07a0fc26a147f352e295340f90a26e6d3df9561
65df3b7ccf21b2948d47ade2,9653f26d19a3b39e61462cc24ce9f570302e189d20e9264dc8efa89555235e56
6a1feb3691996e05c0f611d6,9863de5ef461a9b4b05911378565e9d8b7f7a77e3077de3feef5e2f703afea12
6a1fecbe91996e05c0fdd04a,a7dd203add0e7cfe10e19fec732a78eb88119410de796b1f7438503b822f96df
67f62071ab7e60756e7151b9,7d6ec5af5d272aa66e11349f5f5d10afb8c9f02d1a428dc3b2698dc19d630057
67ea36bcab7e60756e941c06,0bc6c52181e8100fa26f9abe0aed010eeb918e7a2a04765f1696ad952d31ec4f
6a1fec4991996e05c0fb9c40,7a5e7ed3432d27ee9c3adc1a9a9dac203e2e50e11bf058e438231374e690c84c
6815eedeab7e60756ea3a3b0,2c52af081056157fd99aa61dfe6a20a0699b092d65065f06777604f4242053c0
6a1fec8991996e05c0fcd136,9055a4671890424134aad4106a923529eed94fb5f325081148de1463d7a808a1
641aecab7bee9c5d5a3df67f,fb82537f0f0e6c6783a08e8c2d371c87892884f8e893ae45c29845b7e897c08f
6a1fefcd91996e05c00ca866,dc45c65ba1f848ddf6dfc82f15159bd73df75a939f516ecc50610f23e5dd7a24
6874eaf0e3ec279a55e71316,fc41630458cfb12adb6a3abd2bdc94a854b798d8a89452c665ab7f86974ab64b
6a1fefd591996e05c00cceb0,700294d52f4e0d1c20cf9695bde2e1c0afc03039b7799e825f6afc6dbf5140a1
6a5f264a91996e05c0d1ca1a,6b8532ab9751d2a2e638c121d170c5139f30f6f69ff5417ae4492977a4f10809
671357c8ab7e60756efd8cf4,05574ee74431006bcee64559200a134655af1156b91995674010ee21d336ed82
6a1fee9991996e05c006e95b,18a488db1a511eb3a834812805b17038a1b67ab82cbb65d7772dd742b7df033c
65dcad2bcf21b2948dbf8eec,cbad2a445696820dd2edb047466f1bd5f8c31a306fcf59d6607450c094ab2a79
6a1ff02c91996e05c00e62a8,fa733c593c936215b930fe18da3bd680923fab14d28b5ef26f1104b4c0836d56
64afe6aecf21b2948d696813,af090c62bcb5c39958572887bb8c4c74e0aa0c219e6eedde3844b5c0e44f8437
67efd934ab7e60756ea6edf5,c359f2628b6153b6dea1a20d433c02423c98642abc63bd1521ba57cec26db258
6a5f33c391996e05c0fd0be3,250dfd7567e576e450bfbc1442309b4463a0b201215874b1e5da0396a112ff58
624c706c7bee9c5d5a702c2e,f14d0dfda8b5e00027d5210b99e14f177c2762141025e099ae43a8b045a67f67
6008fbc47e23857eea51217f,1fd0e21e0763fda54564b3c65d6d30ccd477691d1d5c35d9a5ad7518f5885c37
67ee7c33ab7e60756ebf32a5,599368063867bba06a8c6fbccfaa4012c7f5a14f86736dc8c01d312c0920b1ff
6a1fed9b91996e05c00207c5,98cb14de6e720d541e62fb60ed1b0bafd22fb497d880fc064b3c93fbdfce092a
65df46efcf21b2948d65565f,3ce37efa4b911828ab8f36c69abb845e4b74dd0549f54f62c9d41df89ba9c303
69d0bd9f91996e05c09e693a,a8d80610ab4040977444402aad58f1224e9ea0487641bb9a595d95ee04222f03
6a1feff491996e05c00d636a,a78ff2cb7ddd73505bf79504b87d2a58ca1525a3682dac5afbf12201d91319c0
6a1fed9791996e05c001f265,39a70e1ac2e00ae8799223aa25aa751a68e89051d11900e46aa9c6b6ac1954c5
6a1ff02191996e05c00e3223,67adbe2926facd8bc776bc5239c551fb69521623bc059bb4cdac08fdc610da04
69f08fc591996e05c082a63a,1355fab6fc49ef8e938371b683d51b39c0402b6d85f08da86a00f48ad4aee0b8
6a1fec4891996e05c0fb9914,dd765f7149bb4af0d3f12827ee13dd96de75f526f62d4cfb8ef77b49f7d01749
6a1fefcf91996e05c00caf2f,e480da7fa06f2634930e773d40930c76a47770d717426936acc26f8db81a2695
6a1fef9591996e05c00b94e4,2d058f8e63c4c7ba6839c91536ac162f78c3f439f2e06433d11275ea900ec3d4
682d7e13ab7e60756e7a4f6c,b6a3f13c8e3f53c5996b06b512128b39620093e2b526080839b4304524c6ccaf
65dca6e6cf21b2948db110bb,fc44f3bd3a75dd54df18b75add138da22300b09d471ea69dab3fc9955ec878db
60e180caee3b0993eaf38c21,81a3f67f27fd1a5d71eb459e0e35400584088204494b81ae4b381d62d837e303
6a1feb8491996e05c0f7b748,0cfa075cdc896c0bbca717ecea63fe507925b11e5bb4bd70c1109bda1cffc767
6a1fece691996e05c0fe8c27,761d5918b97d0ddcee83ba781ee2421ff254c9bbaf3e197a67b5b828f4418ea2
669786b2ab7e60756eebf73b,0d451b58f06cf9ae669994b31075a08da8c28caddc1ae85ebec8a055002394b5
677d55a2e3ec279a55ee4cfa,357ac11afbf3876baa8a5aaaeaca7caf5b169a00fa883e954fbddb55e34272a6
6a1fee7491996e05c0063879,155783a325cbb6a35290459460d5bd9e921f02039fe550ab5b52040bf4882bfd
685948f8e3ec279a551df550,234b99289a2fb096800f3aad00088d4d2459a419ded4ab545b5edf424defd714
6a2fdb9691996e05c0673398,0d9be1e4b7a2653ff553d33b65676b96f206d9f26c6a9a7c54cccbc897ed7115
69e1353891996e05c0832ab9,e3696c1050a983bfaf9cd6f9772e4f42d069ae6be569ff1113ea6294082afa52
65dca7c7cf21b2948db30572,5928807f3275c452bca1d985dcbc4f589e402844a7bf91c76288fb36a4c94cb5
6658488dab7e60756e6ebacb,68692bb066eaf26957dcfeacdebe03aad294feed6783b8c64020e578ac200455
67220eb7ab7e60756e6dbdcb,bc9233b8e1ac197b566e70441a5260376eee27fdfc8d1849e8f4e9c387f00428
6a1fee8191996e05c00672ef,73ea919ec71534aa9e836e7ef3d4ec3146dededc7de29f58610ff30f9f88f868
6298ed1653c65bae2e75f7af,9cef3ce71f63902dd53d1b41a8767632aa28fe4e710025f4b5f8b425614f8d16
67ea359cab7e60756e9203a0,33c78403bfb277af71d145345902bf1aafd428df75257819551d754a127b200e
6298f6b153c65bae2e7c592f,c9e49d6e97bb83cf56eadb5c04303c8a449183133837766131515a9a0cc67ba9
6a5f2e5e91996e05c0ec5ae2,d65b9a8e23ef255ce1b8ed6aaca89ac3f182ca6f10e1241f55dd4307cdca7abc
68242a73ab7e60756ef713cc,1c6c039216cc9f65777ea0a70a510f02528f8558d8496b5372e64e5fe1393bea
65dc6beecf21b2948d292ff2,01094bdc0dbcead97680d2a252005993e6ed99b091936dd0d5692be1c0912031
67f10ea8ab7e60756ecd67d1,f8975a08c7f5b303ac95f24c307df8c22ec9354d72f939bf07ba296b80974df2
6a5f34d591996e05c0006287,5dca8761cf2daf448a8e1edf4edb4881aab0298e32adbe15a65794a818989297
69dfa25791996e05c0776f03,bb02fbef9883881ee202b7800687547941efb9e5d89534865863c58bd21167e3
6a1fefe591996e05c00d1736,bb86abf5c86badcc0b48d30089b34087f2021d89b61042cdb86d1ded2c0297b2
6a1fee2d91996e05c004e747,055771e9bb08db3d3ab9b5da2609ee86cf1c763fc499287fef02b99caba8a973
67134f10ab7e60756eeee16c,be44bbb6b813110a393d6d6f3c8ce77ee84d3b31a308a4efe3a118e292648f3c
67ea396dab7e60756e997e4a,0b6d82113461b94e36c3678194a7b27929f02433b431016e16c1a48845505835
65df1ffacf21b2948d04ef5a,cfaf20af6162c88120b07f0c57a7a1246945b837dff3de9f79327741166eac6b
6294e6bd7bee9c5d5a6bdaf3,e314a655dd64ff9716d054beeaffda00ff2b460bf4305e3e5c43de0ad5357bd6
65df493bcf21b2948d6ae043,2344db0114c2c07c5a45cf41cebbb9e92d5ad2eecd4d82875982323b7b832ca0
671357e0ab7e60756efddd6e,b89e973dc256d837112d8287a294564223e9e0eff8b6bede26bcb826e5977d1a
6a1fefed91996e05c00d3d46,804d9f8a6c358971c546b9f89dd070f98eb953154d7c21f65b4d9637bae9b257
69d01beb91996e05c05a10dc,2df3d8bcedebe4b944c4dfb2c3b7869835bfb3d7ab7edadff24111848f97a8b8
6a5f30ed91996e05c0f41260,9ff25adfc3585dbde860dbd14959a492a0d433cb71ceaf959cb6e8500d4e238b
6a1fec8d91996e05c0fce68f,604ff185bddad683ab5a0839b214a896b03fbb8fd6ed5ac2b25cf176bd4f091d
6a1fee9891996e05c006df82,e7c319bada38e1028685302bcb32cf2651e172a2427288593b62e37ef98f2bae
69d0175f91996e05c054e238,0157f5d86868babdf7d82acfd9bd1c2f2f7097962572683bd0e31077cf588075
6a1fef5f91996e05c00a9f64,421f4fce63c7f4c21f075b1b45eba196064c0b20e128b058b74d9e00ada63ea1
6a1fec2791996e05c0faf551,2226e71ed76eaebe2fb64e8136586947a12935bc0efa6d119be71ffab19cd3ff
6a1fee5491996e05c005ae16,e288cadd252bd53a1bd66df69c6ada0fdb5762b99914187a2251f4eac6220286
641aea347bee9c5d5a39a892,f61b8d46b7a39ddc6fc8c027bb538defa03c866f68774313163403220489c3b6
6294d9767bee9c5d5a5f2d60,2c2a0d411818e8b6b7f324794804b752396d5f9a261e182a64a86ce353b1342b
67134f19ab7e60756eeef89c,42145352eca377aef742146d9c469b542f33b318e92c155781ba7f4311f44c4c
624c08927bee9c5d5a28186c,2a6d2870067f10830d98870e906fb55e849d38259aac8b291a5c1f975bc1445c
64e48612cf21b2948d079af4,8fd2ca5711112f78030bd6df926ae441047851a6a8fce4fea2a4a101d379885a
695684dee3ec279a5546a678,fa17a315fc24c52bba95ed317de87ce213a3f3214e6be021fa712e2ca4a95023
6a1fef8f91996e05c00b7919,25a84ecbb6c72cf4dc163d99f343a21870d76c86120734236bfff5a250b4d003
65dc7835cf21b2948d41edbb,319bc82634aef6149bfcc82ca8903898721ef3cf44a7c996a1acdaa2a1509a7a
629908b453c65bae2e852d76,58b5343f48ae30fbe421d22defd7bae6fecbd5fc8de0ea4c543441f54c8da62d
69d021c391996e05c0602a20,0338601bc9b4b8273b7d092e4f0b7e8a604deeb4ccc5d375e17492d7ff5032d0
6a1fed5c91996e05c000c281,711eb6bb0e5b671486635310c8ab2058d701620b37f75f91b61280afd6ee0ac5
6a1feecb91996e05c007df22,3ae075d4125d42671d51bf018cd298f76d6651763530957e140936be6e00482c
65df1801cf21b2948df2471c,8b995878a80099a3fa70195e07b7fd22d9655877bf44f5d26dc88d88fd937f49
6a1fecad91996e05c0fd7dc7,59065861633813282e1e0fd4e78100f9eb480ef322b7d3f071874d652f56852e
6a1fef5a91996e05c00a8733,c751be8fd14b4bc71fef54554b18dffc6cbfb5604d2883220dfced8870d5e41b
6a5f27f591996e05c0d75235,9abc59057d5d67a055b6aab92576d565396964e29e3b1a00ab93e6384eb3383c
624540ed7bee9c5d5a62e58a,0907ecf9a45ba1791d8a387f9e2c271edf487a87edf6099c143e840389c6ea8a
6a1ff04291996e05c00eccd9,5196fff8129f1ae3165642609ce1f4fef13d18e49fa4d58eba6c37d10a0cb048
65df3c7dcf21b2948d4a6335,7f57327ddb97ee7b93a0b807b2bdda7a2e21069edafbde571210bb5b3298dc53
6a1fef4191996e05c00a14a3,284baf6bd55164799b9ff8761c3799786973905d4023cdfac38d9d6e4c7f24ff
6a1feac091996e05c0f3b16a,ccb4770c36500e04c527dcfee2cb0ceaf59d41155f582e68e56c12997c78bc87
6298c0e653c65bae2e4cb13b,4777489c5ed7a265eb92c49fc800011fc53ab2e0846c8d7f50579131a8a5c612
6a1fee0091996e05c00406ba,d2c00285898d85644fda2bac162ee98d9c24108b42ba8beb11c46cbf49a9b4d7
6a1feb7891996e05c0f77599,27a65c5cdb11d63caa51df430c4d2b184a3a43cb5fba153ace7916ee0675b92a
6a1fefbe91996e05c00c5b32,b98ac2a2252ab48c1ebb840f0b09dfbad8d3e8e1a9b00644d8005d621fc49ca5
6a1fef8f91996e05c00b7a3c,9e895364d4643408229fb33f7fa5552bbdd3fffc290f9177eeda7535e2b4db3f
69bde1b991996e05c0390683,70da6bd48fb7a4f8112883d7d0091fea6be1f31ae0f9af424305b32a25659e36
6a1fed4191996e05c0003cda,e767580c567e255b3db4150212233c263ecb16ca854556a8d782c2f3aff3a391
65df1ecdcf21b2948d021e65,3c3b11b420a3f0b24ca3f903cc77de2576105852243638749ed3d3fb0e89f10c
6a1fec9c91996e05c0fd2c5c,42af03a6bbad6c3d692ac98a8880b1caf9fca49695e038249216a2d8c5d3675c
67ee84d7ab7e60756ed95fc5,57d153ca3dc53f7a6675d872872ed7e6cf4bdeb559809378acd8b6c48e6e03e1
67ea261cab7e60756e777e92,ecd47066032ce8de25bae33cf296af06a0192cf6dcd155ba6d07cb2194f1daae
65df24b3cf21b2948d1061e5,8e4f76907e1c6920d69d76d064aeeb8328263d071ded718fb18975b394820e5f
6a1fee3b91996e05c0052df8,8725a9755b6b922bbf35b1acfb77449b0ac68b28c40307ebcb9842db678afe67
6a1fecef91996e05c0febbfc,1ee31751d58c2676cb5f0b8ffdaebc96963565191d3e408623d9af0135a5497e
6713585fab7e60756eff9079,fe7602f2c22c4ce685b0bf00a63b866044959eb4ad77d12cb08c982cf01e0010
6a5f2f3291996e05c0eef6b1,273b403c90f6fcb3c2b6a317db2f352fed96e4ec22cf821d30269b8fe0d5c69b
6a1ff03691996e05c00e93e8,e48fc9889a2e617c1e9399541140cf2b48c8491bdbdee3f88f93786850ad5611
69d20a5c91996e05c04dd5ff,79504d40daa9b2f77041426052f148faa9a08ca4a84bd4b39353fe45423bb8a7
6299095d53c65bae2e8583b5,d5ede0e5682d58c9e19a9d4cb7646c1f185fd73a805959606da94c57e06d1ed6
63a159f17bee9c5d5afe129f,55620b83a132134952e9bf12e89f4bc6f8e0d297dd00f26ca36eae48d516ce43
67ea3a3eab7e60756e9b2c45,c2ca550383dc31a5cec59ea8321a4d564e269068f16c6692ec847168df6186e8
6294e3087bee9c5d5a68815a,e5541a5b5b2b1a60db52c44e053f0d4a869c48f3a94e3da0b51e806cc9511d3f
6a1fec9a91996e05c0fd255d,079187d6149ac199b113571db440effdafddd526e540b985c7a82d28859e205f
6a1fee7291996e05c006331b,fb5357fa86a2337385f13dcc131777ecd63ab21086e282338761eec6d3039fc2
68527b83ab7e60756ef987c6,5ff7d599c4c04b0e59305ccf6ac507d642cc2db2f7983a932296b87312b77acd
6a1ff07e91996e05c00fe180,6d9065f24475ed2d52b63199522527bdbf408c7e0295245d1b687d3dfe225915
69bd857191996e05c0ed5e02,eb775abdde5b53abf7c0bfcc38580019b309d1f2a5d5ae66fdba193ea7f0a9d3
67135c07ab7e60756e063c03,e2889c136b8b0beebe5792a4967fdf2afb5973d4089dad59570c7c904e4b3919
6a1fedf991996e05c003e655,f83fef5c7c64bd7adac76eeddf3c062ccad86dd112407c6614648b65b41d28f6
6835b3e9ab7e60756eae9020,cb8b17758b1cdf4767b0670c98a945dae1e5db70305f2f863d28bdc0b5e43240
67ea3897ab7e60756e97cd00,d32e06fd74fe84f777caf3cf2e94e82626f99e91b346f706a455e5e34724212a
67ea34b1ab7e60756e906d1a,2e1a5fe862e1490a48af863e210d7fed7a240ed4f45e821af424e443b0faa26b
69f08f4391996e05c0812a2a,a96516820a9d58a1dac317df7345fe46bd3d1f108a5489247ce14c8e172f0cb0
6a1fef4191996e05c00a1497,1abb99c9cbdf04c36b0ba397b077f62bd2f30d19b5ea1b0a96c1152776d5965d
6835b3efab7e60756eae9df4,36ff0124ede1d4ccd9efe080d9a0dfe554f951952b756ca1b70eb61d2bb3fef6
6a1fecf191996e05c0fec4a5,97d875cdcdb5198cf37725a1dc18abd3c66f23c4f6f21f9012f4f4fa095e66e1
69e133d091996e05c081fe33,f847021907f11af2c4181bd199c3811df65020a7e523cf40634634aeff529c20
6713334cab7e60756ecc4780,34c62eb95a1f4ae9f3b525184d0cabb712836bfcc4ca1fc1b72533d1e234425e
60a4880aee3b0993ea2012b0,7791f2966b63b86ff2eea3be1133749571a3c1e9402d5b7cf4ce5f31c1a26f77
6988487f91996e05c06c999f,77e998cd37b561d20e0bfb46c663c5670fd4ab90cb502641f747afdded72fa11
65df3f69cf21b2948d51c5ae,cdc7308db386f1fe82539df989d99d197e0c85b09310e6663bb24bd435c80e21
600959b27e23857eea55b473,df8360ab883bc239a320f70c06f5f5c02796f03a4575847425378c85db16029b
68060a2aab7e60756e52ce58,3b05cfed3c066f21b01c5b144953e1da61b29774213ef2cb6a9268c8b59585de
67ea25ccab7e60756e770b2a,f976648c89d2163a1ccdbbe389176141dabe07052054d986b3cbd4e1523ac547
6a1fef7191996e05c00aefe0,c7af2fe94bf8de3580d942fb24efe41aa746f7b5e69a9790d0631bb54f5a309f
623aec5a7bee9c5d5ab89883,b707cf8cb01028942c27faaf8546cd912474b756dcca1f44ae165f1436cadea7
648f4456cf21b2948d2cd495,208ffa528aa7c0b3021ec78f13b8712146091d11fe0ba81d048fbf2432d0d869
6a1fedf591996e05c003d2b2,200cb1fcffbfe816ce3329321242c93b57da5434044af8964c9bcc2d0f400b45
6a1fee8c91996e05c006a9c6,e053b1225e88221c66f419ed15f6adb751a856e2263453e13c29432d9e6e47c4
6a1fece291996e05c0fe7a1b,42a1ea96775cf345a6c65e443f84ef7a204d81e5f39101f37c2e324238a3e3b2
6a1fefae91996e05c00c0a87,a5e0096d16793bf1ccf83f6904325e4048868ee093a1960ad0a4fdb9e231b8d6
6299062053c65bae2e842352,fc92990f7878469a32508fb383829af57c20a1ba8ca4fac215f5a2d187f2868f
65dc6514cf21b2948d1a287e,b53a4868c6948b18929f6fed3e41b8652b62c27e5a9bf74550ad8d512c567ee1
6a03206691996e05c00a0b1f,165cccc14019d484a8c35a1057379ec1e57eaec66759a35e1252d6f5d6ca0958
67135c44ab7e60756e0708e5,1cd215f99984cd4c72346ad043e4ceab65aac641ac1a8f489b5e96718fd0baff
6a1fedc991996e05c002f5db,87926587570f133b2635093ead76cd3cab296f98993acb34864c981f1fa9872b
6a1fece891996e05c0fe9661,545d48d4c9ef04978912facc2099aec2e2f403c995708822040b3c922059fe87
69bdf70b91996e05c048d33e,84f18acfbf055951bc759d7ee4214386246c2137e3499355ad5c0460c0efb02b
6874ea1be3ec279a55e5ac75,029dd182e0ef9e2c1e5530c6d5db3b39dc088a68b0eba24655d13a7c32132bb1
6a1febcb91996e05c0f9266d,a0db24beca287d43b65b2c73c8bc8d0f2183596017c47388dfa985b0728aa63f
5e4365257dfca5508825684b,d272bf50e35859dcc534c1b8d82800bd300df230b2b49a5ee952fd8f52f3b102
6a1fed8491996e05c0019027,1a196a469244cc3637f51c7d3f8a3107447bf3ebbeefe639629f951622c1c261
68594946e3ec279a551ea1b1,c99350cd004890ee9abacc4586d6bf9f1175132c2d327a05b7149fd3f7ac582f
60d2fe59ee3b0993ea55c54d,75581ca559479f87117109def3c34deb499a1c0acb71078c77ee0b240927564f
661fd981cf21b2948d878b4a,e0abf6a0da60ccb1f196be2b6e07c316cddfe5f934ef21fe1617c2600d8572b6
6298f58f53c65bae2e7bb90d,afdf392f9668e1fc86a7b5acca1fda4efaec0a1b8af888e74c614ca047b4d4cd
69bd853e91996e05c0ed0595,9db55d5ac6d1a057fa180719c1392cf73f369d5c5e4b097de4b2299f04601693
65dc97c9cf21b2948d8a1046,2ead3811704b5c9d402bfd4cf934af9214397d4fc71aa8c494a58ff460257772
6294dd9a7bee9c5d5a632153,46752141ef77ddf6f26a34680c9bb5b176176f78ed49ddc282ea33e337aece21
6a1fed9991996e05c001fa64,f8bd35277a47c5f163a49007377ab11addc93da8d0cbdaf77a7c714896d52361
65dc849fcf21b2948d5d58e4,323c2518ee7852dcd5e9458432ed0cf941b716683d1756ebe1699e263a151992
63cad61c7bee9c5d5a6ddbef,df049e519195e387ffc405c1fb9ab83d1a68ba278138048948ae0ae0d4e5ef4c
6a1ff05a91996e05c00f3b23,c54a4a01d1c3976d90a63846e0fd8dc918452e9828c683562c50d5e9eb7a7207
65dc8662cf21b2948d617f5b,9276602d3faa87c780ab82dd7fa506777caff26e4b29a6af7618676d0ec5f440
68527b1bab7e60756ef8bcd6,504c8233981d4ea1f621fbc8e2ade9293ad02007a2df9781aeddaae60bf0ec1c
6298d1a953c65bae2e5dc1a5,d51238dc5cae0ae0500c9688a2a39471025a26a492dc9d9a42a497e7a33d04ef
6a1ff01c91996e05c00e1b87,670be531a8ab01eab0ed5be68921b47b2401f25cc31b4c280f3fc47d0bf851a1
6a1fed2191996e05c0ffa65c,14508d51fcd2476c29c3d3a4693c85ec76fc9f81cf28edab27f9fa18e10eebc5
6603dd70cf21b2948d53704b,e6853a66cfe70180609c6e1b02996731d0dc55f4ac6b0432c306c1b6bcc5239d
628f3a977bee9c5d5a7f96e8,6a658cfc618792bba71494bc027f829938c5af7dfc58fa6e8d6b552893d4046b
6a1fef5391996e05c00a645e,d39d9894cef5bf57ae31f242549e971e743a612c11ac51afa3498bb8cd6474d8
67ea3a04ab7e60756e9aacba,7604338043efa4c3e4b6e88600d5e85c77318467bc38bb7c5bc47342b8703c3f
67135c02ab7e60756e062cdc,a166e2d85248cd12faaf37f5c3dfe09c5ec045ee4952c888df409fdd5d4bca3c
67ea36e4ab7e60756e946a99,5ac3ba73a982b1898f3ede5e470a2082337f11d161cbeb1772a57000af8f8951
6a1fed4491996e05c0004e74,35b3b939a43a737888492b74c13e8f094820da1005cb8833e6ebf8773b1e94c9
68527a9dab7e60756ef799ed,5cddee4c247c02ad88d703974e973f4faee336ce8cfd00be5422d334b05aaa7d
6a1fef2991996e05c009ab95,21ff29e384ba365441ac7aa19965bc0470e1a9797bdda73e2a93ba93078b5b66
67135806ab7e60756efe6086,9fce48e2fd0056655ce336bfa45363bc87ae8db874f34e20c1567997bfc27e61
64e89b94cf21b2948d5f1200,cb3337603789edad3bc7d8fa5db5e2931dfea24e7ab60db1a2ded447c1a5b233
64afe44acf21b2948d624a70,24f7e32786c9fb39578834a0ca132adde923c334720626541d536058419e245a
6a1fef4c91996e05c00a4406,0e17325306492ea689c06c0beb294e5586b9cbbaea7773c525f38e0d65ae9229
6a5f2e8591996e05c0ecd4a3,e1eccf8c98ed2847e4c59466c2640f562c77c90a62f4dd69187213da3965a081
6a1fef3f91996e05c00a0978,669bf04bb22ef5432664f024f54587b522b79ee93aca2e0f838dd450abdd3469
6a1ff06b91996e05c00f87a1,6ca999c44274087c4e176d2f1552742983ea6e74cbd11380127568fbb024c951
64afe44bcf21b2948d62548e,46c1ee11c379b60a8101f81dd9a8645d0d1c3aebc8e76dd137ef51f2a3d4c4a9
6298ea0953c65bae2e73c94f,846efde575bf6d9fd981da075ee6b313f782a098f9911f7452ef467d20944935
6a0320a691996e05c00abbfe,369b10024209b36589544c1330c5456b70a7f6ead3a308ef41e701245c996495
6a1fed4891996e05c0005fed,8adbb02f7846b0a49d7d15b0e1bf76dc08b5906cdb5ea60b082b302896d040fb
6229ad737bee9c5d5a2a6557,2323c661eee1125854bd0e5a6e4d0f12df9cfddd9964bbff84a74aab461274c3
65dcad86cf21b2948dc06e6a,034c15111cf5613c19245ee3aac8e18ddc33ac564dc6cec64c442483aeadef42
6a1fef1691996e05c0095600,0bf2efe33aa10d28f42944f0032b883967a30daac829e856ec6b661eb6563efa
67ea3985ab7e60756e99b45f,ce88c8ae27e584e4cea787ae07c4585fa7e983fc327d9c7e261e39ea668f0197
67220ea6ab7e60756e6d8616,d4cc232a491a78132419fd9938f123e5145570ca0d469edd448fa97470d6e0b1
6299111453c65bae2e885d80,f9631f5aaa879b8c7a4a6c82485ecd57ec0ea1a718a9452e99ae23ad8ddbc040
6a1fef8591996e05c00b4d88,39c5e411abfee4ddd64868a6f06a7b1787a0239bee767ac07b37b217d958db00
6294d50b7bee9c5d5a5a3a66,b37a930daa89d37214e90a0d2d9c2878723ec81bd75e3339e22a23537c71cea7
6a1feb7491996e05c0f75e27,77fdb17a4d5a3848defceed1ef624b520caf88b6da72077f3db38a889568351d
6a1fee3d91996e05c005393e,cc2614c7e51f7d03cbaa7e008b5022d883168e30db3c791cc67d0bc9811034ee
6298f29753c65bae2e79e7c7,775447349871510c3849e5ba2af04679dcbae0d6f13d9409d95f5b89d7ea1c5e
6294e0d77bee9c5d5a66547e,6cb0bc00ff71c1defbe855802cce5658122151419857318de6e37f28dd4b8015
623edbf27bee9c5d5a21ab33,d3b420189a2d8565e09c0e6d00fb8ab38557453abed2b389b0b98c4a65b7bacd
6a5f32d191996e05c0fa007a,edaf774149d726d8ac57ea6871c66fb1b3bd8cf93c2abfda82464170f31e1d63
67d26a19ab7e60756ed38fee,27582b940f85bd31614e3f4f2eb0beb01d08b5d6768e08894cdb6c7f01f0232b
6a5f333191996e05c0fb2d2a,087df312ee7b96882c083f4b13098cbc92bf4551b330db4ff7673b429d00ed06
62e8b7d27bee9c5d5a822a75,c82e7f4432d5f9d27ddd5a0942a1e238ef48d002baff467490decfa633f430ed
6a1fee8091996e05c0066f71,946749040d1fc6517cb01f5395e0b094383e23ffc314367cc7331225e03da6b1
5f69c94c146a9f17ffcdd0bf,8a465a18fcb2ce0cb622385672967f61d3238a737047dc1bb1bfcb5274b5e81f
65dc6844cf21b2948d212733,cf69b2b6ad4f3ef58817d47ce6803c6d3add1e4fd6cb20585d7243feb33816ac
6298e22f53c65bae2e6dbea0,ad9ba5b332fb897c005b19fd6097eeab6ae35a674b6e3a37a57b7bab6b194a23
6a1ff06a91996e05c00f839d,efe11eaac2db2315074b80479f6627b8944e69e170729c54d9e5a3af7414f726
64afe4a0cf21b2948d632fb3,bc2e3aaa2b95cbfdbfa7907503ce8be4e61114e8bf43fee02bd55198a61d8e93
624c05687bee9c5d5a2495d2,a6dfa5c9c4b4e5fb946363d17533bbfb57019251b627183789a46699f819552c
6a1fedbf91996e05c002c6c7,a5912001a10c12e67654c0dcb94c2f82e638b4d16fc808b8822e2d03e4f78a1b
6a1fedd191996e05c0032121,11ce3e67efd70f7ffb5dd8cef0941e8cd502e413c5e7a4fc067d23b5dcfa68dc
6a1fed9e91996e05c00214f7,d7f634aa674f94794082b0edba334c82dbae118ee9a377ff9cb7e3eea68521fe
62e8d0887bee9c5d5a9e2903,f07e2dc5dce0f150cd3b55324b743d95ff2b54838559b187c52d4714d99c7732
6a1fec0691996e05c0fa517d,c55140b6ab3b0e20d62487c2a49f9bda1927e3a100e9c2f40acd7e06a3966c30
69dfaca491996e05c09326d9,21a32a263ff3ce93dc6f69744ec5993bd87ead2164dc40802b3821a64e8b4ec7
6a1febf791996e05c0fa0c0d,dfd7712cf1615cc7ff027c8d1e4de9b8ef2d855014e8fa2ecaf14a46b2c39ea1
6a5f311b91996e05c0f4a662,bab91020b6d3ff4a91bc23f4080f43be8f127cc59447bd11b332d8f23579ebba
64be45d5cf21b2948d0f592a,0e6eab4b3e76e31f83b386e8d9b503dfdba35643a804beb29d3cf88d684c8cf1
6a1fec8e91996e05c0fcec63,c5d92bce168e70d8d8016e4418c9bf20337b01018cf21ce67044f533369053fd
6a1feeaa91996e05c0073dfd,5e51596f25417bf6e5ef8446e360e83eaffac63b99f63e3c41bb716ec0d6bd4b
6815ef01ab7e60756ea3f2ee,cdf600947ee6cfe28450d064669ed60c3738f7e58be3cbf451724e1280e44fe2
6a1feda991996e05c0025452,7a33abeec9b587cf714358188abbfabbf8024aa223086829417395ee022c01d2
6298d31353c65bae2e5effae,bb63b30bc7fec08aefe6613928491da9bf4e5acbdeb0fb5efaaa2b4a32ef9f27
6a1fec1691996e05c0faa104,85fbf2cc0df28c98afc4ccfa104641ebe51d0a9888f144a558adbe26621e64a4
69d0b52d91996e05c07e5692,1045bdc1841b5aca90f1651a3f4f51a8b7ef11202aac5a570b396396b9f61c98
65df190fcf21b2948df4dd01,91c2a3999b8bc1e289850cb95b5eaf227dbffc6120a109cda85a19097a0d07b1
67135867ab7e60756effa28c,dedc6a418063c537be670b879b225e7e4146c2bcadd7c18975248dd325c46558
6a1feb9891996e05c0f8222f,39b6fd456c0e20be2dd515732e4a5512de248dbe963fc13fcbfbb10f40b75379
64df3a55cf21b2948d8a533d,bd32b846ed56f466dc7c217c8376a60d3c8ab3dcd3e309b1d39be738ec8744ec
69d0b5f291996e05c0816434,2c9a4c2868a4e3a257466768c8d8ad8294f7ce11200972ba23385aeee5818a25
67f116e7ab7e60756eda03c8,02aa5d743564dbb5ed79a0c545528c45adbfd756c15a298a2577db6425dc0427
63cad5eb7bee9c5d5a6dbb51,a17741bce5b625b1bccb960d2aa022cbe4af3fb5d130d907f73769473f6b69f0
69bdc1e691996e05c029a117,5e03c1546c79f6406e1f32ab5f8dce57be6950efc47c5c4d455b1f4e781b9584
671350a1ab7e60756ef240e5,0d69dc8c0ec017105b17765296874761e9127f3eefb0854a857edccde35097be
6a1fed3691996e05c0000b14,0e3538e967cd93a3043dd6ab4f26a5450fb0f4a7c114e094abef5a3fb328262c
69d0166291996e05c053fc18,a97539be2882fec816d540a82eb15e26ab14f52d9ca7724f284463f7762d1d47
671350b3ab7e60756ef27dff,cf2744ecaa9a72d9ea27c87bcdc4f44ca5b9d10f4926355a86ad89e77a0b5aab
67ee85dbab7e60756edc7a00,dd2feb5c76dbc94660d36d3b9895a05c4ade04c66d5729a93c856004d80d5e93
687e2605e3ec279a55673153,a235301e11dc0a776aaeee055c025f98d324e778d36a8936b425bac7a16479a8
6a1feef491996e05c008a3ec,be8da41f66dbe9ea78b038967c4431f7b46223128a93e5d0420aea5efa28075d
65dcb1d0cf21b2948dc96766,765349816cfed57df041827ee7b3a05b4258cc442a3100915337311e14a6e33b
6a1fedcf91996e05c0031499,3a29564aaafaef11c4aa3be398e7146e59b8fadc478aa03b6d659e46166a59fd
6a1fe5a291996e05c0d89d23,a16b828712f5a3aa34cbe74cebd879a1d5b4a1ba9e30bef4ea41bccfcbaaca62
6a5f255f91996e05c0cee0a7,7b4ca86d49c622f45f6889a7cf5f992aedce95f55d806e5c69edc53b267f21cd
69cfecea91996e05c00700d1,7c4c6142a492eb89c7a69d15566f6f8f6c6702f1b76f099d9ac9187c95f58ce1
61c44f90813bb28a904543c8,33f03e4f4a94a454d6ed5228c8af571f40b3beecab948485e60d1cc279bf4b49
67efd951ab7e60756ea732c9,7393745edf83025acc8e0b55ee2b4e0ca40325a035986fac2447ca6d396c2879
65dca9f6cf21b2948db7f580,030bd25f4f22451d2be97c310b6ecfa7d12967ca5c2ad9b3d6e388ee306f6612
6a1feea691996e05c00729f4,99d1e7c8e919612c81541222835a64e9142883e4bbb4b8639f2e78017e25b1df
65dc9ebacf21b2948d9d083f,ee0ec28c1baefecc5625f36f041003f401fb1ef69337e7673a01e3689280438b
6298c0a153c65bae2e4c6258,0c178572e2da6814843ca569a227b800bd17d56a7694ad9a0325e1403f1e3271
6298dece53c65bae2e69edb9,55a773a19ab9d6dde9688580127ff2f3d89f85f601c7bc4f67122a27ac7495bd
60c44b04ee3b0993ea1ba3f8,d9cc84006a6123b2550304ae95eb10feb3b74b0903239f8a34e89b061aad879b
69bdb71691996e05c023deb6,99c4b5b55df308b518d5929dec235f2688c278cea17b7746d49d4741683b7e2f
6a1feba791996e05c0f87401,936a7094201cf7f17a76cd0ba0683a510d547fedff766b7736aaf1738e221f33
661fd962cf21b2948d8752bb,89c21039a64765b480bc29405cc7af1e171c33e10609eea244dff2417c94f5be
6298f3af53c65bae2e7aa1c4,193ad25f3622961b07dc45b447e11a931654d77778892d1dcdf393b72d6ba521
6a1ff00191996e05c00da0a3,fdb02aaf74c719200cef90e28ed3f9372ac51c88faa18df84670b3dd8a71ac5f
6294da977bee9c5d5a6038b2,2f1672ebdd6409ada6e5e2096993fd0b33ce362859870e45d656ba25ed726f80
6a1ff00d91996e05c00dd8e8,cbdd7eb6a1a4e2a6ae67055a67c5faa77e56bca04f458213c2c044316b78add8
6a5f2c5491996e05c0e5f93c,08f85ff910895985a9b093b0c53842bda46dcc8d99307233a7f01a3a76dc4b24
65df39e8cf21b2948d43b3f8,0b9d9c6a9f293564f2aa252059beeaf6233553bfef2242d8ad1780b2fde9b604
6a1fecc991996e05c0fe083f,a01a163773c00d8d0824cc05dc3489095168713957290ff723636508f95089ce
641aed3f7bee9c5d5a3f0ffe,181147e8a6458c301a6ac8ed88fd44a66f737bf3f29bb8f1178aa4283b8628bb
6a5f304e91996e05c0f21e30,6f43da3ebcf47fac5f7c168b69aa0fc7378d7c413af2666b7b6d1d967cf4dc32
6a5f30b291996e05c0f35ca6,7bbcd15641d59adeb474ed8200521968ec0800574927c78c483b70ea0d91566a
6a1fee5291996e05c005a534,e74be59359ed111045f6982bd107425ee48403f1d8912e2caf6b49c71d2fed66
628f3aa37bee9c5d5a7fa0b2,4cdc3cabf1bb9709248b11bdfd811b2d6a625393a7506ad00ee92743da2941b4
65dcac8acf21b2948dbdfbdc,a3ba22f1008b58891aa1eb9e4edce9b3269cc351704bcc95ccb38c45d9a957b2
6a1fedb091996e05c0027700,2c45bbba75a91a4063eda4e136dd655a99cca7c8016c93b137ec9b4e5b8a8562
6a68897aa8ff762f0dc92742,511fcd3e6fa08390e759551741b9c453dec2b4d5cb98ef92315c30bfd4c6aebd
668ec19fab7e60756ed7767c,a9fdb4c57efe485f431a6bc775a725f931ebc7e9f77c03025190476c91b2ac22
67134f58ab7e60756eefe69a,c69c015562517542a9145b46e777c19d1a90c6f4cf8a402c6ffcb95cd7feb7b9
6a1fed5991996e05c000ae23,41d86bac58d29318ef0a255974ce57e1a15aa1af0a0bae9b438237d1ff75f3af
6a1febfc91996e05c0fa254b,a5ed62cd7dffae26cc5da4002ad8242d473224ed8c97cf6f2b4433bc35711774
6a1fef5791996e05c00a7ae1,fe44c7fcf5ef7117aea29858e1beff20a9d4dab60ac9385720267ec357776f01
628f3fbf7bee9c5d5a8374a6,b6a67d4116596167a76bae51e11bf111dffefed12b0d6a5a90bff58828cead4c
69bd572491996e05c076246d,9087eb92c3d5197b34b745cb6635d058c6af3299d2ce9d9ce6923c1af82394bc
65df1711cf21b2948df02d39,814305776e1ccffb981e06c3b7595b70486312fdf9489080b86f0aacc61f816c
669787f3ab7e60756eedb215,b7cb1e6ceb49a4ad707ea119d845db30123c1bb4fc8c701dbc4fbaafa9b354c8
6a03208391996e05c00a563d,7bbecd54c268c86d1db6749763f883e44afe12cc822e0a833182f169274cf778
6672bd79ab7e60756e1ef3fd,e2a2a61a4608e9a1dc60a5a6032ba4a8bc7c72be2f4bfe6b77505cf992b9ca7c
63496b197bee9c5d5a97f660,8b2dbe7352eca072b25bcb6651579b65d817baf3fa16a4ca6556241a4639dd8a
66584676ab7e60756e6bbdc2,63387b90b7f168041b3a38089bcd6eb2cd66907885db3cabff071e8b26723cd0
6a5f267c91996e05c0d272e3,0b7ea270d4c8d48313cd01a267805608f769259df09b79474e2bb019607c25ac
641aee577bee9c5d5a41294b,2d1b67492f87e99aaac63f264180c4cbf50cb3100447250e7a6d454cc723b232
6a1fee0f91996e05c0045790,f74a7d0adc121f78f53b7141b9869b4b6672efa1468d3d8865913ecb7c146ee6
67da8fd9ab7e60756e3c1b15,7bc1451e5aa45e43270e74baf55c450fb6d03b62a24342336ca7ae09f0179741
628f3c3b7bee9c5d5a80d2c0,840cc8a08e5a180203f3cd2ca87f1222e7bed9ee8c9a8af7d644676730dcb752
641aed857bee9c5d5a3f94e7,c01cea611142bcfb4a20b9004802e4965872b0ba800c0577829f2297fbe889dd
6a1fedea91996e05c0039c73,277a0ef455c3cd0c383101243565201ececeb09f38a1f4b6134d26712faad4a8
628f3a5c7bee9c5d5a7f664a,ee355e2682beb979dbbbc995ba2ac61404e518c170da9c1440190198a61e607d
6a5f292f91996e05c0db7213,0005c20c9fb09a997a8c762bb726e82ef6fcdadfa2deb6fc566589e7a29249fd
6a1fee6091996e05c005e465,c6213cc9145706037e79d4e8389a147999597d50b1d3b1fefc993c23db8516fc
6a1fefaf91996e05c00c1135,d208b51f78ac8fa2afcd7983ef079b83d8ad829f7232bd59c49529ed2d029ce9
608b7d42d5cc35459040e617,bfa7713960494524eb2300661b9e8c7bed02f39194a6b89b399a8af1090120de
6a1fef0391996e05c008f28e,0c153c686efa0e45cc5994e443defb6c85b8f3ce97294aeaaeadecb0b14a96ef
6a1fef6f91996e05c00ae54d,e0e46d414211d7d279d3ec07f5f3d426b4dbadc59f03beb3d5c800ae762624b8
6a1fed8191996e05c00181ca,bffbde2f1919f526638d381c1eaf09cb95078941cd1281773c58858b48567d5e
6a1fefa691996e05c00be39b,dfed876dab76808cacd484d3e801d7a3d272fed9b2daecc3a5a6951775e2e395
67ea3921ab7e60756e98c5ba,b112efc36628804bf4429b94dfd62ec17a9e3b046baf00f59ecd7a935b0edd62
6a5f30f691996e05c0f43110,a25683f9c3eff0b1846e3ff705e97e922aa751af03d3d51f9998e7c5c2911a83
65df2f66cf21b2948d291ed5,2fcc14ee27d765dc2cbe11e14130ff10c27c5588ef1535dc6c98eb65994430a3
6713582aab7e60756efed1ea,f9621f0817559452b0cb532ca2b888072cb3edd4665ba8b7a670c85f9cda2e25
622c4a087bee9c5d5a0a1fdd,a8aa485e37a377462dfb746bb1ff4fbcc6e966a0887d88cdead726250ed24baf
6a5f2ed591996e05c0edd6e9,08794f8f8c7644d2c6777a468af75a14a84cce84927ed322a4ca690ae709e572
67ea39e8ab7e60756e9a6fa2,12eb07de8eca728096d57216e0c3f5d537956fd1132010b48f1dbfbf2448dfa9
6298ea3b53c65bae2e73f507,7a12ae361590ef7e1af3d7b346c7ff250a38c5c31eb82f4834e8ca2a71b3a925
6a1fef5291996e05c00a5e8b,8ccbbdea1908ecbbf3e22676722e53b8eae4671d169cba66d6996897bfe2ae09
67ea2c6aab7e60756e81fb2d,0783ddc3152b1cdb698280d0856cf41668aceb505e63c17c92a681f7b1531eea
6a1feb9291996e05c0f800fb,06997bd976140b8685c703852dacd804c7ce3301b2e999505ab155e356ba8828
6a1feb7f91996e05c0f79b72,dd62499f2a9b63eae93c2f15509a8942abf583e039acb4952a422e7635f2a3c2
65dcaec5cf21b2948dc33c1f,210fd48c9612acf404c7eef60d495662fc1599059ace79226919795aa5d97658
6a1ff0bc91996e05c0110dfb,137af694c6d8d60ac8d35228c4a9e34f209afef2bc6420a359d54e27527b7a70
62198975ee3b0993eac5b0a0,4552038b3cc1aeea19feb3af8340b815ede9cceba0146c5d5476d71d76668069
6a1fecba91996e05c0fdbb15,bf1dc8bb8dc3565ff2b5e63c1383d4ae0ff1865847df8d29fb6b297152836bf9
6294de257bee9c5d5a63a5a7,ecbdd2ee0f817f238730698d010355c8ee907d68f848fa04784101e9ace4bd89
67ee7f74ab7e60756ec810eb,05d19a993f308562aa9c5a4ee2c0f5a3aa37a9a52e00497b366292bfd879a58e
6298c10553c65bae2e4cd363,73c0537d7bc4c85fc2f289632e6d6f5727bd0e9f883f73131d1b877f7cc70520
6294e16d7bee9c5d5a66df90,05e8f1dd18cf5a706adf64ef560d4a02470407df1c943924c1264d71d283afdd
6a1fec9791996e05c0fd14a9,d5f1f072daa42f77458b166dd8318196099667d5a800716f70103f1abb0d2549
624f2fc47bee9c5d5aab4f41,0c6b6a9b488f72570b4a35f01024e182bcefa000598be344bfeac8855e7e11ab
6298eb0353c65bae2e747a96,f1fe4e16685ab01f60651d0e093d4f34202cf9659a4b27d670692b8a8e55cda5
67f10ec3ab7e60756ecd92bd,216517e960f22ea1d3b6218745dc1b51d0e69dff15448b580286b96919d88c76
6a5f2a3a91996e05c0df0406,5e346e88d64ba0a5c41e743023fa21b6c82f5c91243d2b6eff2d295499d06fb7
63cb3fda7bee9c5d5a9493c5,82841405211164ba1975895f32a8234bbe9c3954e6b062d30df7e9a13f04e593
6a1febde91996e05c0f9872b,3a34b831495832b940443191abe02d0c2cba648c5374861f0a40031eb8d79e7a
624c0e2b7bee9c5d5a2c94c4,647506ca1d351e7b2eee229cb48c726ee708163b6e18a1e875160abcb38b6775
69cfb5e491996e05c040bf07,d36844b959dd3c024d2a4cc16d95218416f5ea1e03237fd990d2d92cca62fb08
6a1fed5b91996e05c000be3d,d9729cbf68518140beb501108b8fd5f0c0b43956bd25e6cc28a08b9c645ed050
6874e9f2e3ec279a55e56349,eb5c83d6d6d56d277e053219315b7e0200b24ee99dc0842fa8dba9efdb88f2bd
624c09947bee9c5d5a28f09c,ca3d19d80c4fd0b81b8291ce91b8fb8ad2e4c9e0ce8071a9db97dac47f4695fe
65dcadf2cf21b2948dc17616,be0b2d8e035efbf2b517d74da1e71d902312d2f7f9316adeabfc8249464f683e
69bd731091996e05c0c8b920,d9c7364642fe1dfb9ba217cca2d8150e9c7a1fb9cfa84a046943bd072ac0e007
6299108a53c65bae2e88316d,63badb6f253a7ebab244f6e88bd46a39fac1745389d69e45886566018cfd5cd5
60934d52d5cc354590543f69,01193b6959d46fbf7a6cb0aa68d5e47ac5f22497020ef3ce25fdc8d6bb3578e9
6a1fef2291996e05c0098b70,480cda0c565ce626580f35561c0a361d70f9dec4af76899507ed158c61181c36
6a1febf191996e05c0f9ebc6,5ac45bb3e111e5aea4f7622a7d193787606aa138c70f2c7ed63928d9167aa1a3
63cb54987bee9c5d5a9ef8b8,e97b458d0bdcf43eb157c47ffd06ec91d3bec688e84c511ef40a805a23822129
5fbe2cbb7e23857eeae90d1b,058cc535c92d19f3ffd0cb69dcd104f875acbcf938239dbcd747863629f16b02
63cb478c7bee9c5d5a97dbe4,6592267e12957d4085f3f82ac4d686bc2b0b176fe3d5d28e8fff523898633c10
67f115adab7e60756ed80a81,df447b5398d254c60b17628b821b59c6f404ce326140eb8b612549c8e693fc2a
65dcae12cf21b2948dc1bf97,eec506aa0be3606bed0cde502248de6b5bd09a93438ea9a000913dab472b8f21
68242a5bab7e60756ef6e4ec,ca5fde0d64e4a1f3841cd20a4452fcf2ab1a9a28f44c54c784a3f438f885f28f
6298c06f53c65bae2e4c2e78,8c7cd3c33ce0d7ee5533a3bb07fb30d995bae82c303431966b3712979bf1f15e
6246bd9c7bee9c5d5a141f1e,bbccdab3d6d80ae6018f28b915ad73269b979b96f76b6828e767fff642bf20e8
629918da53c65bae2e8aee7a,d02000f72bcc35695e7c217a3c5d5e842ac843841e09c323083b8b97af1ffd48
6a1fedf591996e05c003d197,7c73ad9ba315d0369111779769283efb2493d0a1fdc9c3aca7e6a147c490bca3
6a1fef3191996e05c009c7f4,78a8910e65d18a7d01917f9dfc562374e2c13445f4c1db6e77bfe3d9c48dbd2f
65df1715cf21b2948df0396a,64e06d12e96b611823015711382b67d07a1ee49db9cbff3d5d91fc31ba3949e0
6a1fee4491996e05c00555fd,72b59c37aec778240af0228321c2ce4f63eb7e8602cbd240b9d43f7770c05649
67ea2376ab7e60756e736f40,ea761075521d3c2922e2dbe9db91c8abb7976d4f91e9a8a6e0af9c7508286bfd
6294db4a7bee9c5d5a60ec3c,319e13f6b87f9dd3374db5a799f4f58e2a441c86145e7f7f1103558baa8ba7f6
69a01b0391996e05c00dbe8a,64d5a61c298fc200ea4bc280d8200ed31614072c4410fcecea5d6698278cb952
629909e953c65bae2e85b585,3a53e24d0882ea802ec0da26fbf49c3628af4ec8f01593d6f4dfe8be92cccfb2
68527bb6ab7e60756ef9f904,ce3afd58b4129b5103fa7100a57f6570bd44c41d90008c7431d6ae71de144763
68db70a2e3ec279a55b47e6e,13188eadeafe90718a106a5def3689489b4c623a922408953305d31930a73c74
6a5f2c1891996e05c0e545c6,ef070fd5c8f3c24368c2963c908d61e469d1e373fe93b0ea63be55133658bcfa
6a1ff05b91996e05c00f4147,fdb0186ec604ad5c3597557079249d8f72aacb8ba27612c078401b7bc96fb8db
6a5f320a91996e05c0f794d1,c1d5c08ffe41beadc8af5315a60eb7cbde9fb0e84df593cb6e0c7cf9f1e1042f
65dc8778cf21b2948d63ff0a,07e27c4efb4957201b8d5a05f7d808b70c6ae58f5b6fa3020d7ae46e95cc675b
689afe9ae3ec279a5540000a,4081cdf399d0f3cee4d56a063b552abfeb253e1fb71b5353350077a2de770dd3
641ae84a7bee9c5d5a369fee,4b574e864c30069047a1870260d571b839302128209db06379c61c4230af8861
63918d957bee9c5d5a5b9eb8,0f07927f25b943ce6660a09934d35b09f744782d41f95c4bb8f98a84378727c4
612ce402ee3b0993ea31005d,31945cd4475bc57a920e1df18cb76d6cc843d7db14eb4a2bde974f34d0739994
69e60fb691996e05c0b043f4,692b8e047c08effd62429cd50522e5896147ecf20a7741d5dbee1fb523b83093
67ee8638ab7e60756edd9291,6dbf95acc4c2b196e33d92d4c9ea269838de734e524f6413187bdd7f7ad2a861
6a1fed8d91996e05c001bea2,752fb2bbe95a30501bd0408dcbbd58674415ce996a7150c29fec64586d8c1340
67135870ab7e60756effc524,0780fa681df8a8ab08ee8d420ab12e50162680a0f04115e28a73a129c6733a11
65dc8c0acf21b2948d6edd06,6421bbbcdab435e354a6597b9b1a03a5c8a23dc29833db1de80a7cb80f1ca57f
6a5f285391996e05c0d88cd1,bbdad4766a01e2d51e4463e5db9fbd6208f1447dba21b5cf34f1d8509e808262
6a1fef2a91996e05c009af6b,41b4b57067a08c093946ce771e08dddc0271c8945f78470270c284f020ed7cad
69a1bc5f91996e05c0df9151,0a01e150c090ab638a0839b120ad4c725053c8667ad8bbaa996962347784c2d7
68d10935e3ec279a5585676f,07c9126c8250cd0164905c2c2446dc3294a4e46e01114192b0cf5a6fdda0f694
65df2716cf21b2948d157ba4,f532469d66de48417fd8458619443cc302cc9efc9804287db04d7c64874a3aeb
6a1fee9291996e05c006c8a4,02d21c72b0f0bb4ce62de4f7294be95c3e62a1b92c7689fa4501ad9527aaf90d
64be45d9cf21b2948d0f6c8f,12ef4d0ee1ea5bad2ddb63c52239672096417fb93efd33c8a79f00e4610031d9
6a1fef3791996e05c009e6cf,95e4c602eb826ab1c610f97828ccb6c7ce662e131bb23c858c84f4498b9a7591
67f10cccab7e60756ecaa0ef,8510a9a937699082719f79ee2861e2d48b16faff69d47886f521ab59b49df819
6a1ff0ca91996e05c0115248,f7a287eb9e056eac28fb1c57928f20b561c8f1fbdd936c3c1243eed14fdf63a8
69bdaad891996e05c01a133e,217ab1e9a492fbad2f7a5392e7117d752097d71b90d0f859b50caf9f16079b4b
628f388e7bee9c5d5a7df229,56ed1f2b672d1f91b46581bf46048d1fd4459681b909372182e35907bc091e8a
629911db53c65bae2e88a209,aba0c2ce115f111b5b281a22ff368c1c4b25bb785bba8e29bfeb7a597a89bdb3
6a5f2b4c91996e05c0e2ba7c,a1716d363375e5dacd5f3f9219f24df13a9cf2c09d2ef4289c3691fd0b267294
653b9cbacf21b2948d835f60,acd304b2f2392f6eb247052b9f702da4a442bc87ae7793d5355c56b87fb8690c
65df25e1cf21b2948d12cd54,61ea5c45dae8ffd965c122aef05a08cf6ee0a09bc41e06fe4812b2ca8006da56
64afe4a0cf21b2948d632e51,7d0ec482d4b095845db8932fda5c2c4069c3df054c95e73bd0aa2c99239eb04e
6298e6cc53c65bae2e715a49,530f25d30f91f967aa07a2fc8b8d18085740a448b9a1cc1aa3f9ac2265986d9b
67ea27c0ab7e60756e7a18ab,b9c393300b1d110d9ae013c4c91e1d3e5f7d47a37278ad300dfc8cc99e890966
6a1fec5391996e05c0fbc817,bc478bbbb8eb1dd6ade35533ed40762f25a65f97996dc912a1c35a1803a10971
6a1fea4291996e05c0f11cb9,42b0c4172193ce01bd26b56b9b6b9945ba562088829d6c1d835efe5ca550ccdb
6a1fef5191996e05c00a5a41,2d0feebfb801c7107ff6f8c7f45a758cd04146135b9a3ddc0f118f673b661884
671350a5ab7e60756ef25347,e9b4daed8ccec47ea773e80c20a7c2ed5290180f4989b552b715dfbbe8fc0e6b
6a1ff03291996e05c00e82ae,b2269f0faa47598f04f31dd34cf36082e6f34a6ab1359432d83f01fd1353ebcb
65df428ecf21b2948d5a091d,dfebe6202400ca06886fdb7bf36d2009eb2d72ea02e23b4038405437efd412bb
6a1feb7b91996e05c0f7857d,0dd43a5f7e6328274ceedf6836d53be8e03707aecc60672e50b7917e0306255b
68527a1dab7e60756ef6640b,26a0389723ed9416e9dcdef69762b2b4ab6b7b6ac6d370bc26e7ce96ad8d2571
6a1fedc991996e05c002f91d,1f6daff3e2b5ef9b0de16ade682a9e89f15c070239544cb776ecd0a72a73dbe6
61f83ae4ee3b0993ea84efd3,60ac9d850fe47004aec557fbd39881d68113dec2366bbadc8d443c4cfbba5b6c
6a1fe91a91996e05c0eaae13,b5fea012a1341beeec73884ed1d693aa57baa7e4dc96a71fa341a97bcbc2f2fc
6a1feb6891996e05c0f720a2,1b957ad0e209d50f6ff56db254b9dd397c470890dc8380aa4c69ed02d6863a28
6a1fef0991996e05c00911f9,40e6605aa7241d710c6594d06efc017e14b5ec2de3ab2f351dae44829f014e39
65df4d38cf21b2948d74944a,bb049d45906ad81d41eac923aa52f8242aeb9b12d3f315b9dfef849c0827afe5
6298d2f453c65bae2e5ee4ce,bdd62bc134fbb4550bc63c0b35ebe0c23714a11bc9ade2593d32fca6cd966e55
6a5f333a91996e05c0fb4d93,0c8ec77fe9e79d0118ad8594b3ed9e6b04b35b72a0852488e027fef1b2349e88
69bd524b91996e05c061bb3f,3541a83514d3d34b18353c8d59471c42f859b94e91d79393582059bace11f5af
69bd86ea91996e05c0f0177f,9676332ddf88492a6b3ccaaead768ccf79eb86aa976452fc0456a6db0fd8d5a5
67220e9cab7e60756e6d6089,e3d35297e9cbc191065ad711f8f64cb8fd5260d9e6d64512761a4bb264068855
6a1feed591996e05c0080f78,b93e27cc804543d296dda025d342f7d73f145bf9b6fc27c5d831db5714d7b8ba
6577cd5a8c12ebd66fee00ba,849fddd6d07f302c0ae16bae182186e4407506903eefa8f233873b8f30aaaebb
67f117b1ab7e60756edb51f4,d730328c976e84655094282012d17d4037bee0fd14921316bfb0a2492792c581
67ea36eaab7e60756e947800,cc27f00af1ea3845cf30027008efa57240a3bf9f83e1e2debf13afc2080a791b
6a1feff491996e05c00d5ed6,bd0fe83f81b00a06fbe634e14fa67bf4e53c512e4706f94c7746ba6a6d2d7f2b
641aebcd7bee9c5d5a3c72ac,c0b62518835efcbce5da7807614d7213ab28f2e2fa77003fa2274d5b2245fb28
6a1fee5b91996e05c005cbf3,31ea75e91711ec3474fd787c52b867b6b8218f49fc3f1fcb310f4e50168eef48
6a1fedac91996e05c002624f,50a585ef774172b9c80cb8564c5dc5ab0cbac7f4f5144abe50b68ddd5b859c92
65dc64a0cf21b2948d191efd,3003bf1e20cbd6b35ceff29f4225845d1b694ced2194c7491cd62f251c87b136
6a1fef5e91996e05c00a9a74,d184e250772aa22eac8de10f9bdf763000fe17f1c39436b10b71a98ed2e458c8
5f688049146a9f17ffc834f2,f93ea09fe0ba2dcc75dae41250a38081d7eabb57a6008178ed6d77f29731bbeb
65dc67fdcf21b2948d20875e,4405411f98991fffb76c6f06c1079c46be03fe5ad1d8c6ebe0725c0624a4b485
65abb6e58c12ebd66f19e8da,f7ea20f6bcbe85af36674e5dc9d6c1449a133ef4e02554b32ce4e658df9fd5d0
6a1fefd691996e05c00cd208,ba0e87da8131762aa4134261d1b5b412565aec2b5234c3886d08c40f522e6018
687e2605e3ec279a556731dc,3c80884c5f7029762d2b635c42a9f1bf2189fabdd6ccfc9f600757f40dfde64d
65df250ccf21b2948d112c7c,f9f85370265b427e0d210e221d50edad9606cb29bfe72cb007e0d7248cc52c67
6294d12d7bee9c5d5a545fc0,aa0cfb1bd4db0321775f50eb081011779e6ef6c83cd42bb697ffe80f294d8d31
69bdb85b91996e05c0249e1e,1bdf7a82f31acaf0b158dbb9cbc31fbd1676a7c5bf35ed44381c22ff96573145
67135868ab7e60756effa589,8dcd8cd04d9c026ac236f428056de174531f2a3645f5781510c044deced9209f
67134f33ab7e60756eef5984,bdf7790c68f3a0b745f5f79c33edc36e3ed90132a70e548765cecc556122aa58
6a1feed291996e05c0080045,75c48072d6998b4201edd949dc30c91f9139e54888579ab74aa45160062301e5
6a1feee991996e05c0086db4,c29b8a545f538320d9b46864bdf9d8e35ee3e8a23a2f30f3a1314f81fa1e53ce
6a5f2eb291996e05c0ed64f7,07a7c49209541a7dfe4473709e7f056a1c8f28305d845159f7f054185bba1363
6a1ff01591996e05c00dfefc,5a677a0e418eff06004b32ef4c42d4122b11b1c37e89974c8e735cd4e0c0ba66
6a1fed3691996e05c0000bca,c410fafd7a46d6a470218b125b8fa31e90e7593e3f07e8cf65bc8196ff89f496
6a1fec1591996e05c0fa99b5,441502c45b544031b43c8520d88b2f316fd931cc9c091dc67e03ce178c27fba6
608ce794d5cc35459078488b,47f2e635e19e3da9aa8659295b5ff66d6bcff19b1c7acdcd2e46e2beceef6a76
69e150d891996e05c099a446,43fcd045b26743b6c59976cbce33e10daa42e87538a6299171c184663aaf9286
6874eabee3ec279a55e6b73c,80456a1d9bbe31cd8efbd72539ff29ca7d07c126f44b466f9be264021d772217
67135cb9ab7e60756e07db83,c92fc8d5fc355758c49d2e8c9ea0a5fe7fdfe9a1dec62aee687ac414f0b87820
6a1feee491996e05c0085739,ca00dc981d6cbc941970de0fec1b6aa71e6b918ab4ba37f09adb81b5ec30b631
6a1fefa391996e05c00bd565,d3ee101468480fe09e909f6def6b2bd88473de32bb339ae367587b655d94c18e
6a1febea91996e05c0f9c452,df361d62edcd4fc83ab21b02746ae48c7e7071135986718c4b3c923491b97e10
6a1fed0d91996e05c0ff4717,4a7cf9e0039faf2814e528617383c1f66acf75c4a8271ff5b51aa16700b03095
6a5f2b9191996e05c0e39f9f,c6123a2dff691fe231494490894cd6da1a7a85bb92ea6e3757dc1c90116b62df
69d209ef91996e05c04c5775,b82eca499b9b5081131ca2448e8e2459b653ae6f9277cdfe21e7e93ed1b12dbd
669785d2ab7e60756eeab538,85aa24cab12fb78e5fb49b9c3537545524d74bce8421c263e3627069ca794a57
6a1fefaa91996e05c00bf63a,9458046cafbf18dc8d1cf09643ac030ffcba5a7131c25a83d54616a45cd7166c
65dcae6ccf21b2948dc28be9,4f9b48f85f80022031da0a33d65ca6f257f3d04811c3c8dedc2156b8d91d702d
6a1febda91996e05c0f9733e,54dcafdae07fe047735383c8baa66b20feaaec5c92b93b6e960d6db4919af3ef
6a1feffc91996e05c00d8a79,ca67bf3eebab845fb263e26b0c3620bacf27ba593a8b9e321c44b9e548095007
65df3d32cf21b2948d4c46f0,0e8111c6586c8a035d74439eb49958cf309a1a2f9fa355273bfc96a0fb3ac4a0
63cacc6d7bee9c5d5a65833b,241d54b741fa2e47df61ef3ec1dd9b3a56ef06d6cf7f9947da22aa80bb506122
6298edfb53c65bae2e76b9e0,62a4d124c1d7782d47609c34003c6b79834ed278e1f1a8bd71581955f6ef8cda
64afe6a6cf21b2948d692598,17fba71f0fb53e73309a0c40eec80080ee80d006e7a2e32311177fe375684b45
6a5f268191996e05c0d281cf,103e88ca398075c29ee8e78f029a55c18e8dab3fb5e627c77137da9ca513108c
67220eb2ab7e60756e6dabef,03badedfaba9a16816fcee0df523266cf2652870a78abfef103265f43ddb9c8e
6a1fee2591996e05c004c25f,7d488402bedb25aab329e3a957ffaff5de9ca73257a13a7a1be2e52e381524bc
69e60f2f91996e05c0aedecf,fabe14befc601b213c3a38843919d7cdb89c52a4b9d58a043a00217d52d36ae5
6a1fef8f91996e05c00b79b0,4dcb45e2e86cbc4baa9fe596b6860fc89819ec7ef7ac763522122ddd8267b55f
6a1fed4091996e05c0003801,f28e0005ab5049ac3bd77f80fe0594c9c099ba260d7b7566d8e2ac494f8ab414
6713596bab7e60756e01a304,207e415693240e7578d8b91d9d557b998081b794a60a6de8475efe81db2f6c79
6a1febdb91996e05c0f97746,843c2e5197d9119a6f0cd2f7bd32b90c45b5544b694c6479bab729e34c3e621d
64be45ddcf21b2948d0f8153,eed5803c0e6caebd917c02d3c0d076069b9432158eaae47db9d5c3c75c39d5dd
628f41c67bee9c5d5a8518ac,81da86025f10e7a2ae529714c3d90f016ab7c9441652230c24976f30d044b1dd
6a1febd091996e05c0f93fbd,52e12db84da1e456461a45b9130976ee73d6a0bbc40826157aef74ec987dfab6
6a1feced91996e05c0feb0ac,8fd516996c3d5fb41eebb21b18fc2b011983f45a371be65bac6542a0a0fe8a12
6a1febc391996e05c0f8fd61,ea6ff54cb4d89f1f26089546144ddefc406e08689b5b508a4fa3882c0e060404
67135c10ab7e60756e06598b,3480eb8359b45a3e959435ee4b3b769c32f600043f59edda5ff3a17e00f50663
68242af9ab7e60756ef82915,2c3ac8fa9902a0705d1ce15048a5558d722b85a771a45bb74a0427e09d9ce9a3
6a5f2ead91996e05c0ed54ea,072cee5d10e655a06cf302be4a3ac15593216a1a2f2e3fd5909713c9c930413c
641aee807bee9c5d5a417017,4bf80139a41afb162aa911d090cf164575701026a6419e015a51a9e067e24003
6a1fee1291996e05c0046767,23f157f209d037448ccf2a62c17c10c3c69a600a3b54dd8f46353b94c6e7594f
6a5f2e4291996e05c0ec01c2,cb3c44e3040e8f7465333ccfcd91a8406eaa38a047056675bc9ad65c60c413ea
608bb2cdd5cc3545904ae887,4c712beff0546902438d2a717d0cff7738587453364f20250272e8cbe04d3e6c
5ee328e916d97489fef1f36f,d597a5dfa8d44b195195c5c9516a094709beceba4f6d0d2b6e6607633354ae02
69bd62e891996e05c09e6039,de890c27f786cd22a8a090c8791ee4c1026c72bc7f3de0856f6eff80d853edf4
65dcad4fcf21b2948dbfeae8,de2c8977b900715b94b1071050fdeabdaf6e035c19e300426fb9a73d4f7ff1b1
6a1feec091996e05c007a8b6,135c48eb2fd7e29d0546d8cbdf7373837411cd7d8d6473ce8cde0847bd04eae0
69d0b6b191996e05c084336a,08cd1d52eeddac787990184dddb5ebae7f3132fe0c304ea443f1563d77c7281b
6a1fe96891996e05c0ec6486,c38c3e55c936369c08ef7e6bcac7ca4117cbf4d09c0a431109acef525673634d
69bda97091996e05c01918d4,fdc6b6f66e33ee4261a05e1f7657605062bfcc214a0150b772d72a664a2fa508
6a1fef1f91996e05c0097a86,b3682b31c1592108c5d4fdc24c1b4565149e3e2de0b6d2297f9bd4e2be4568b7
67ee86ceab7e60756edf3cff,ffbfd952318eaed54b4e7eccb1f9a0ce54498d17f95edde410dd30fe303ec12f
68878f4ae3ec279a55090e10,c2b908eda63456344203b5dba532c36f3645978f982c83c6d5666180dc7e8ce4
68242ad6ab7e60756ef7e4bf,6d73daf6bff7f0e3691c2058e93869e1cd90620dad1646054be7fec0cb61e8dd
6a1fee8b91996e05c006a4d1,dbb6fa670e246241b26cc60bc8c8f5426967ca29d1b6fc60f4d5edfe1ef0f671
6a1febb891996e05c0f8c128,7acb8a4ae200214fcd6a91d755844f3d74622ba4ddade3d20462de36cbdf01fc
6863a026e3ec279a559059aa,77c6ad2e59058c6d79f96272136aa8e70ff55a866bab241d5d52db7203e49abf
6a1feded91996e05c003a770,61542a22d57bfad84d827192fc17ecf887535f2c6dc338796585c7150f7ab179
6a1fee4191996e05c00549db,5323affe51bbf26a082c851a0f3e50619860acdd7ecc2b4a4d93c09f373063a7
6a5f333f91996e05c0fb5ae9,0d09c8199839108cc8eb7574e885ae3a4cdec811e2a67e55c5806ebc17fafa59
67f115f0ab7e60756ed8775c,444d1d6f6d34b1d5d0e33503350406b4dcc9fc746cb199fe1c4c4cf160261f83
68878f0ae3ec279a5508735f,d4ce1ce9b8aaba5f8680bb7151eaa21c41c6dd71ab043204badc1c74454e235e
61cb2f8a813bb28a9079d509,077eb7677e4d819a8920c77d8f7a93a141d665fe875013fdacf02f48e73bab5c
69800dad91996e05c0055daa,ab528a0b55866248a4150b0a37c77d406b8aaffcc74eefb46aa834fadebb2e1e
6298f89153c65bae2e7d6e1e,54569bfb9976c36dd907cad948210b6b849146e954f5dcf333afedbe8cc8503e
6298eb8f53c65bae2e74d9bb,dc729ac2aa66c8a82e6ec5aa2b1a823ccbe1fb921f8f2bea9439804a9f848a53
6a1fed7f91996e05c00173f1,27b6cb72baba1d7371274206c97deb8e37f4906ef1f5a969ea05abfec25a5ca5
69dfbb6191996e05c0b3e13c,7cfb614ff2cf8f46b1c1703deeb0ac13b84252495a309c141e6c50479a88cf58
6a1ff01091996e05c00de68e,fb140518e46979438163018b5f1f150a6da1055e82a27140374456d101dc6b4c
6a1fecd891996e05c0fe4c0d,049e9aa7f576ecc118f5097caccb86bf59375d6bd497c408deb51518ed648007
6a5f348391996e05c0ff69e4,4bacac7227cf60387365e61869ecb428f618ae7c3ce6b59f1e082b043594695b
6a6a57a5a8ff762f0d6009d4,926f8aa76e5be90140de9e3000ac362f02f5711d774245e7ec18d903a05ffc21
65a38bd28c12ebd66f223954,342463df05a80d5fa8bc986e27d1a07004fc56bfd5764131f7a876f99f8ea2a7
62e4feb67bee9c5d5a9066c0,b2e8aac80da4a1d8b8c44dde191d6128ac32cddc502324f0ddadfc4abeb81c03
6a1fed5491996e05c0009765,a42a6285931a9be9d7c43e3d7391f03a1739ba0da030e385cad6647e90c1d011
670caf43ab7e60756e29eab5,d5dc0c940593eb976dc7e78bbf318ac43388fd57a8c6b8f2bc3fe2ad4f9c407c
6298f0ad53c65bae2e78a4fd,ebb0e6f820ad4f5c8f6e3489422664030c87ee8b58d0f213d1be49ffd04e738d
624c22f67bee9c5d5a3aea5d,94d3cd34710f4333dd185376939633653b977d27d313420e763746fb5dd007fa
6a1feca991996e05c0fd6b0e,fed23fb66a5720a89628cead7fc3136700978a36157b18b76533845222fab62d
6115098cee3b0993ea22db52,e8c6cb7c3e4e5173586ec89347fd7a109ede8ef508fd8a5e64c9f9a288740add
69bd70d591996e05c0c33798,67c44d24e874c788f6e065adb43c6258d92bee95a9ddbc2674a65628df66e444
68527a42ab7e60756ef6ba66,e155e8d2012cf7b90b3a901798548d6b783e954903627d4ecaf1f46b633b9876
6a1e16d991996e05c028a1ff,ab19e2d9e65a162c2fc7803d8a7bd429a4af436af44dd08baf4db840c17e04ba
628f46c77bee9c5d5a894878,a75beb197453ce314ea0d18f6105842192e13b9816007a2e9565058c7291dc18
6a1fefc891996e05c00c8d7a,c2c4e09d6dc9b6fe1c765b31a17f39dd1f51554d858238cac247ba4e482a9871
68db7065e3ec279a55b3ed2a,08e0928e0e7fe961c6f2e29f7438b2aa524fc8d572a1ead6cfcc465d1efbbe13
6a1fef4e91996e05c00a4d12,2e7bd7944cee10933027cb90503c893f59a341b8321b03a06fdd1c976ccf6792
6a1fed5d91996e05c000c4f9,58e15599a4895d88ef72efdc8bdd789a52bf8499c479b40be96c942b2d599dfe
6294dc1c7bee9c5d5a61c639,95cd1f0def17566d12177ad874d46514c14dd31050965da141cb9f8fba6634ba
6294dcf07bee9c5d5a628dd3,d57e9d29e17e77c81dde080503f06911f8da8b5e73023f4d8399aa7bc66bff9d
6a5f254f91996e05c0ceb57b,57f5d74276761bd45c4f5f90fdd40a249c13348c29265614e1165ec92c1ce785
6a5f27f091996e05c0d741ad,9a1076d3a48b371670363cda6586ce0cbf772457887989da042d79321b80c85c
6a1feda391996e05c002364c,7f4741aa5a07339664100ea5646acd8fa69f6fda24ee34a48ce36ba20e5cdb9f
6a1ff04691996e05c00ee31b,bd4ac5975dca81385149997609407e8de16996acfcf68370685c0d7dcc68eacf
66978605ab7e60756eeafb0a,c859e3b60861ef27b68df59cc8b2ff2d654096101868506fec78f7b71e127e6a
624c09687bee9c5d5a28c9bd,3f527300147cd3eba9c514897443a3b40dbdfffdfe3cf89541445b5627c56dcf
6a03203c91996e05c0099af9,9d8d14335d386aa632a31ea76ea1ebf273b8ed4d9235bd5f3c2f8a416c5e66c6
6a1feedd91996e05c00833fd,2e0e8853d1581c25959a836036efa1ff9f9233ca7ec9c7aa6586d4ab4114051b
69e143e691996e05c0921a7d,0dca9ec2cf2947ccda247798db5ca15e11b044ef072f4a8bafefac3b5a5776af
69dfc0b291996e05c0becf5c,ae14cb8fc969a6dc0868ad402273e8662302585794061dd227fb7396e4feb2bd
6a1feea091996e05c0070a06,7f0de6ef5ca6c50b197a32c4fbd0d3cc64f97846477fb7dc2198a1095b82f7c2
6a1febed91996e05c0f9d3f1,fadcb7e4ef9bf550a8bd43615cca35913f066c7d93bd0f71a59d276125b32af7
628f47c17bee9c5d5a8a13cd,459e4f3794bcb3a49e7efcbe3c019935d4c670f9598950e3a7b8b94849a3843d
6a1feebd91996e05c0079a99,941113b3b16e43c3cffdace35bec0cb906d5365548a733aa5b3540b9cd31ffda
65dc6e5ccf21b2948d2df871,16877f808ad5bc480b4deb9a3cd04c95ee1d660ec5520057c9dd30e8aa624380
66978616ab7e60756eeb1973,8ebfae7f48ee753c150fb95c1f7616286bdbb0346a0ba3c4fcefaf06bbe86c0e
69d1f76291996e05c01073bc,500e55e7d629cd6bfffa6d13bf0d30b47dfee1b6c639942aa59cf8d2f8f8719c
6096d4f5d5cc354590d207cc,22d77c6e4c5cb8c323565b7cb12cbbefcc2d7b0e75a43659cc243b357cc39e91
6a5f33ea91996e05c0fda330,2a5d14d680404c9531f7f620a5adcfbc10f6dbd9659b612a2e40e4f80002b2da
6294dc8a7bee9c5d5a62334c,b56e37910d3aebd9056a51e97bf5a77359195e7e263291ff1c82d0683f5c5201
69cfc4be91996e05c0801c4c,eb37e5acb42f78f8bf173f4ae794876e5860da19642949d0829f4b60b2bee544
65dc8c34cf21b2948d6f39a1,ecf2df1250a376f05f0c9ce27c9461d32f619f73cfbf080537e090c4b8198e6e
622713117bee9c5d5a304a96,0c8e165d4448a6eb5e8d2d720814e303d77a8ee739ea97ba8a785d2607cdbecc
6294d5837bee9c5d5a5ad677,8a32e5e26ccaf1b5c7436b1f5113c1df6ed70eccd7848397ca7e65694f0c9509
69e0c56c91996e05c086be65,d9bf7be2ccc71a62de64caa7d8e953deeb0523b7e99304555c2eeec611ce6ad4
65dc9f4ccf21b2948d9e93f1,71a4af19fd0ef76aefa9387bce71f3726a99f779427450e8a6d7f51a398946c9
6249214e7bee9c5d5afd92ca,aa074ea2728eb4c46fb5597afa2a5de6fa776168c329b907101d655c14a319d9
6a1fed8591996e05c00197ab,2c8e08f746e78d4c9fc5e74b0b24a40498ed4e9109310c241fcff43f2c033f13
6298cd5d53c65bae2e5a01de,6a86bcc52ba4f71c860d3707394e1070e8cdd05429578a44f0e719ae4e4fdc90
6a1fed8b91996e05c001b68a,99410d4d939a720ebd1d565277febd613e2f94a4dfd577b540e6fd5262df262c
628f46b47bee9c5d5a8939e4,1969b5931b008cb93858aa0cf6d62b051b7f6b83c784d151daa86c99faa0063c
67220ea3ab7e60756e6d7930,74e56d785d546fd2b2119c7b46230b0d85375a1f8eb6f26dffa127c512acff6b
6a5f2ab391996e05c0e0ae5d,6fe3d7f5368afff0855535549d25d7c0ccdc41b82e993be36a6e16828741d54f
628f38487bee9c5d5a7dbb31,4bbb448f67ca2f5b6ffa1f06bb0f89e99a178100dba12e1cea58437f09285dc3
624c08d17bee9c5d5a285627,06cfe1aab1c451736bb040559a1a55da9d97f3cb66da8e6e8967e0a3266a2a1f
61663c27813bb28a9092caab,516d8f84944a3e72d83226912dfb5e3b6704ed0cd8458e5240724d8eee8ab5b4
628f434d7bee9c5d5a866fcc,968577bbd2ce0540975a2c98549d1d3efe822485bddcb6d8226add2c79ff06ac
67135c0fab7e60756e065658,4f6efb7d5433113c5965b7001327c8d17c48b864f69f7d3a481ecbe6ccd37d7e
67f11491ab7e60756ed637b6,dd575f66bf7fb55350dc0686ecc42126c09875e9bed6fa5e65a72d06e05e4b5a
6a1feeca91996e05c007daf7,1adad6ddef88d8c422244085500c00ba0cc3ec14e80e26abaa2f59422592e2bb
6a1fede991996e05c00392b7,f6392a6fa94299f475ec9cd03148f0c2b843d890342d97854433e779556fb424
67ea27baab7e60756e7a0ed2,9bed535c4a2e9e3cb4c6578ef4e5b38650f6f8f0c2244eb82d6147b904aced54
69dfbeac91996e05c0baaa2f,1c3d423ac64742248bb8f995d85d4012e21085bf152199489cb84d4531ceef19
69bdcbb691996e05c02e756b,3b8ffd922ceb2ac9f1f792c3b62681fda1118a7bd529fb9eb3f7d539363a71c8
67135818ab7e60756efe9967,285fca9f295c645d65ee515a00fc53b17fda2d3363f47c64ed835fd8d9939f8d
6294e4517bee9c5d5a69a52f,0453312a6b1ea03b9562e3028c6648d6752ad31eded21cc6366134364f39446f
6a1fef6391996e05c00aad8c,9d8388caebdbceb379a027e128ce4cce6d22a74f9c0972ec44ebf867c097cc91
68527b18ab7e60756ef8b6a9,6c4c08c5365c57c5c45f3096d294b38e089eb1e95b7a20f9b72875af62416e71
6a1fec6091996e05c0fc03e1,ffbfad19b1f873e69a0b91a88f32cc20a9677e7f1a94ee3a22b54eb4c98d876c
6a1fed9691996e05c001ec13,c3e6359482683e3bddcb40ddc39c5181777317027650fe4d399072f8c755fccc
6a1feb6291996e05c0f701d5,62b2db55a461ccb6610ad8076e48f47afd76e64bbba34e7dc2cab0bfc75d035f
6a1feb4191996e05c0f651b4,a2e15f1451cda0a6c77911e375b32e0ffd559f215be83e0b3d99cf3e07dd52a8
62e031ac7bee9c5d5ae24242,e5387e784d6e5eedce6578ca2842823dd9ab3aed45e65b2b89ffd2b082217324
6298ba5753c65bae2e45298e,9ffd0f6b61e73b386a8a11f049c8221484add109a502e9f4337dbdb1a169f4f3
6874ea65e3ec279a55e6208b,060f86fbd61c0d5d5b215b15efe6ef95d608b4b1747c3d40f5023f7c361e5673
65df1de6cf21b2948d0010b4,67595ed9d6db9efafdb5237d6903181de85503a43d05b49c50e79926ed4e6f01
624edc577bee9c5d5a7d9f11,fad441d4e6becfe518493f30fe71be952fde8b69c35b081a9a443316806e264d
65df1558cf21b2948dec52f5,af5c12b582eaf5091a61428345d11d3bb6de4e8495ae799d944a8459feda17de
67f61f2eab7e60756e6e3d7e,e00d4651929d2d12d00e8aae7fa0cb9015f07e52338b6a94b1e2eb6dd878c3de
6a1feec091996e05c007a944,f8b4a74b5db828066759328139d65c093b213e34c4c8e4bcf2f8724a1c9b4155
641aeab57bee9c5d5a3a89cb,0004fbdc826d8cd4d7bc8694fc6f676d94e0f94b2bed68b584dec1d43f688778
6a1fefa491996e05c00bd71c,125f8ff5e73d0fcb011a3c956c7c147c7c6c1b6d50ddfc9cee49ba86ecbae314
6a1febc991996e05c0f91d5d,f747b399b8555b29081d2239a9250285450a5a0a0e3d60a89e9060dcb566aa70
6a1fef1f91996e05c0097891,d631b837a3a35b4c86d7d4872ff0f628902e7574433cdedc2054b6344d6fbc6c
69d0173a91996e05c054bff2,08ff59fa06dc34f28af58dcf178d007a88f8ce122bf3bf3ed1e05d24b8b810b3
65dc71b7cf21b2948d348dae,a55beae2459efdea9ea2c4e484d10076df2ec600f333837a973e2a6fe02b2bd3
69f389f691996e05c065cb32,6d4676d53f2146df9f52c7ebe22f42f356371f91ec071b6999b1b0dd1eea5428
61764f3d813bb28a90e22245,029ac4c15714d8d3b34157263acaf5f5c766f13a90c0e797fa26eb1755947d5c
68060a22ab7e60756e52b7a3,b54dab61f9a082bf59c33da16b73e35672a680204a5b56056342fe791d29e86e
68d1094ee3ec279a5585a45e,07929d68a222894825b959f20e4eb8e96ef3ae50f2298e74b3ac1cdfa20de0d9
6537f44ccf21b2948dc5a974,ab7262fb86af80d51921c4e435e2258f10055d7409cd5d34db4958d3b730508a
6a1fedc091996e05c002cb7d,26aa925ef4cd259db37e80bf6b35c354a6f322a149b83071e614cf6a4a8a8414
68c413f9e3ec279a55ee29a3,114398f7b45a5752d02ef347876921568b50b988cd9d3019d8c3d59f8503d1da
6a1ff12191996e05c012d576,bc3346075b33898da9c759db3635c62b455a87712d593064d55d8f9f8b450917
6a1fefd191996e05c00cb9f6,39bcfd365c9f9b93f52b44a0c113658d49fc96f433c551cc0b3b3564cf540a33
6a1ff08091996e05c00fea90,48ebca7077e59701e1d85c00b040e7a92ef8f225c8a12af7cc5afd260742c127
64afe555cf21b2948d6621d2,fb3d3a2839aca0dd3c67230a2eee160916b9baf8a6e26ca7b0159a1ea940b1c7
64afe6a5cf21b2948d6915ca,bc489ca36d8f65daa79dfc2c16bbf101832ad98b1c263f0cf3a9446be2ee0ad1
65df3ba7cf21b2948d482011,84fd470c877efafb3e799a305367e6f9243e6925523ad073f1c5701206e073e3
6298c06f53c65bae2e4c2f9c,8c0c05f35e25cd72146114c8b993d4090765a8ac00f80bd353ba2aa2001d8396
67ee85b0ab7e60756edc059b,61e7eefd4e0e283a72e8109c360eee16185196ce0e60ef3f5e55c5b2b81e7a49
6a1fee4891996e05c0056dce,d0364f8f87acf33e5019b79caa3f3c6a9a69be9f374aa2b33d9d2bb44b9185d4
6a1fee2b91996e05c004df35,4e9523e390a455568ff189345099231e4ae9d22a015fdf242f0c39f08ccea1bc
6a1ff00891996e05c00dc269,5b5be2eeacc890649c5aff15b6d18a5e0b9ad1ca2e678ed2c43340337b6320c5
64afe4abcf21b2948d636857,5adcf81a74bd503711ca6e54f6c30f63ce197c0d610113a9ba12a0a8444902f0
6a1ff10391996e05c0124980,004cfc3c39a71cd3a078c880b6a3e54927e159b4085d7413cfbab3f9fc9f141f
68d10982e3ec279a55863916,3910bf8a8c36e04d418aa7140f60e7c1a1c298cbac0553bf3b56c8a7136216c6
6294dd5d7bee9c5d5a62ef28,03acb3d4b67ec70ed163e7c4df4b62120c7c419ff74e13c1d9eb41061bdf8cf7
6a1fef1491996e05c0094b2f,432604e28649ea9382c23b6fae850db5e923136df0ccb66dd3c93aad4ac06b54
64be45d5cf21b2948d0f5ccc,3a9a7317103d9a7921f06481716c702151b27f49220fedbaa7c8d9a2fda59858
628f3c817bee9c5d5a810aa0,cbc9e8768d0476ab738a1e86da4b3b1187f7e4392a02efb49e14e0d70f81522b
6a1fed8a91996e05c001afca,16c2d3f61a88b16091e07b4ebf5cdbbda5e23c8902d73cc3d9d383625eac2b7c
6a1fedd791996e05c003424d,2c05bcb02c566547278bdb48ae9b87e9ae0e54fa1c2219fbfbbde9b62cd41dc0
6294df167bee9c5d5a6498b7,4239c1e2d3985640ff20d0987e86d906fcc04672a8f7b29f7684eeb822ebdfd6
6a1ff0b291996e05c010e561,94aa31b6cf3a5d8c84696ff64d2c391c3b6f9391668cbb6bfda28bf58c7932e8
6a1fef7391996e05c00afa84,1cd25fd2728cb764754b0878882cda83b6985d72aa17f1c43c237ddc6d6f77f5
6173bd2f813bb28a9040f692,122e1ff389e9698f6ea4d07ef519dc3343dcb2579c1dc5c003ca1383d3a447f0
65dc794dcf21b2948d4410f1,e73c14a00d4c95cdeaeec2c879f7b1ab51c6b30de465992eb6a2e300238e8a85
67ea39faab7e60756e9a9813,a3307ae87a87bb69b01ab90b03253f44ee6f6870e7d2996aea92b61c2fada3a4
6294d7bd7bee9c5d5a5d47a9,f1c3a11f0b7f95fc41f109a91e66d54e3562984cf896a57a8c2a2f4b72d49930
6a1ff00791996e05c00dbdbc,72c8a0b037d55c54435fab9b1d0c96bbefe2adb60c430614b5a5f6603e221fdb
613f50e3ee3b0993eac51939,be5290c26577f127bc1b5fd71ada126b2245646a45ad5296eb090cc0c5fa0327
6298f17553c65bae2e792f6f,0505ce2556f72c516457733cb40867054fa86b5a8e5a46c07f61906eece3a744
68c9055de3ec279a55bc69f1,b2b12a00b34b5cbbbaf33d698d333eb0210b9cca9f3268dada86177b88294439
6a1feb3b91996e05c0f62cbd,859978c1c356d71c854f8dfa5db177b5f4ef1dddf69ef3a3a40b29c0caa48b6d
6294dbd67bee9c5d5a618099,f1fe1f66200b4cb9c5a49aa6575b73855a55e6d0fcf44de8d6dad6bad305ef98
6a1feb6191996e05c0f6f921,36a76b94c3776ac3e3ffe41432c0e5edbe83453f43d3ea1acf1dfc93f8b2b5a8
62972fcb53c65bae2e61a7f2,054036972a472c01438e100e97e4e180dc33718440423f1c311b1afdb1db950e
6a1fefea91996e05c00d2b73,596200bb174cb64f0c8c16fc582a0d9f2262f05f6bb79b6f61b73cd7257d8cde
64afe4a9cf21b2948d635a41,8e44dd187174e078746004358c81e84b7729f7059e2a984650381e5d7eb7c86e
6a1fed3d91996e05c0002c7d,41909d00cf5119278687960fd17e2b2451ca2e6969327861d6d897f5d58fc0df
6a1fec2c91996e05c0fb0e9a,8626161e528f0eb91cd15cbdd803148a84de1ec85876b733d3747e5a53d7d953
64be45d4cf21b2948d0f5667,955fdee634cc217af0e4c7e8ec4d313d782f599a08513d8998d66bb61b2f4993
6a1fed6491996e05c000e9cd,a78f4b5e1e34abf3f028a3f06cee2f3e327ffd98033a6e47a8acc70b88612bd3
6a1fee6a91996e05c0060f10,19361b1a79f4f3c6be9c7963d5b6ed0d45065b8c6ac356451c1c10008f7b54d7
65dcabc4cf21b2948dbc1943,f23f848299b2eaef0b9fe3c22bd61228f03eeb949ce8619f4fc38ef818965b70
6a1feb5491996e05c0f6b087,180678abedd0db76c471a1159a4b3f34f373c8063949ac96da2c2903bc174b9f
65a5121f8c12ebd66fb4aa61,2e1140b7a11d6f9bd9cfffd9c13cd5914965c130800dd7f46a1a51e9d72b80a5
61d03f45813bb28a90171952,e63eeb18552a54d1bbf4aa75ce143ef7edaa3ee8e2d5ba53f1fafdc4e8a16fb0
6a1fecea91996e05c0fea4a2,fab5ddfe75059b377a50faf0585ad133697b9b5ebad89518a7c85f7670792cc7
6713584fab7e60756eff5486,7cc1d90a30fc785268ee7f953286de95be4cc58e4c9d700e881427b75cd099e4
67135997ab7e60756e0232f6,3d6a3c548a45ef077b13172c045cc0442bd2cff2181c2c10605868dbfa2c7c36
6a1fee2d91996e05c004e7c3,948603cbdc421f6201749070f19ca738382a87f80d7f00d07942c8d4dc5d8461
6a1feebb91996e05c00791c8,01e525dcad15e22f3e4aab787a6b793143862006e820e573e4839309319329b6
6299129053c65bae2e88e0a2,393b0155c08f744c8e8415cff7d43e13f84d21a1f4f03586d60f4cffb9d7640e
67135962ab7e60756e0185fc,af40adccd19507025c23a4a232eddb9bf6ff00e4676bb9fcde4472eecde641ac
624547e27bee9c5d5a6819e6,0ba9c6e6b7fb6c9a16076d1b56ca98426aa3e69fe8c23f8cb2213be7781b8940
6a1fec2b91996e05c0fb0977,90269dd0353c7df7759b7646c1287a29443474ba406f32087c74bd74b917ea1a
69bd772791996e05c0d1c006,36a2df6a5cc30475bbc5073eeb665052b613a7098dda875e9c8112267b53f0c3
6a1ff03c91996e05c00eb36b,16f6bf2018fad3cb5810c7ee6cbcf3723de1b7a1caf32fa9a726474356fdb93d
64875f96cf21b2948daa0b24,89aebf0425b309d75cde07889d78a1657de66e47fbe6a4c9d5f5fb9be74abb24
65dc6091cf21b2948d1050fc,a57d7e01cde74791cf1aa195b93384c17649bb9d19d22bd668b7e68449dfaf06
67125ca3ab7e60756e4ca334,852f3b545caa7290334467f4ed20b36c4b0cdbc4db0c2ef9a522f32a0d1da667
6a1fe92f91996e05c0eb1dd3,05c5c4ea26704548e7b9b85c48efaca6cde0b309d929c6c277a8decb848a12a0
629902a553c65bae2e82a259,b2842c543883a7fe6e079686d886a34cf49f236550c4bac8fc97a7f53a302bf3
68d1090ce3ec279a558512c8,140675bd66a04d69952f548701cbc8ae1a4305de95f78a3ea1782ec2ff30d51a
6a1fefef91996e05c00d4899,a03ee7f6eb9f01a852c2a752f7dddfb62647b351ffc936f3a09c866922248d82
6a1feead91996e05c0074da8,b42de0dd210ec2f64d1a9462851d296d172f940f9668207b6f0bd10f82093176
6815eee5ab7e60756ea3b3dd,b43dfa94465b5a042f79d55fbbdc2610435b1c69734288b3d00537980ba01065
6a1fee2391996e05c004b768,d8be35fc13d54ca94248fc8e1fb78d86bc48bf27a038e10365281a5b3fcac47a
624ac1197bee9c5d5a9a334c,1cbb622b98bddfd4ca67fb25c2321c09df0a067fb74ef7af8955bda02750c051
69a7ec4a91996e05c0f8c78f,cadddadb99370a7d5fe10ee692a2c0dbbd2035268cd9d39125d957d1b4bb671d
629904df53c65bae2e83ad9e,7e0d21e4ff1d60dece769983c9bd9c76682133a14845980c4e7a8b5da3abe8f2
6a1fee3291996e05c00503ad,c2f2217f4b638cecad1779020eb8f98f64a982c58ffb6d2acc06be213f329c9c
6a1feb4691996e05c0f66c07,608d138cbeaa8c33b5780b582dd09452ba6efe4584ebe9d9ce4f81e42afb6658
65df419acf21b2948d577d18,5f70744961643be4ec94017ca6c6baa187b47d427a1b18c717f34e0410cd980a
6a1feeb191996e05c00761da,ce0471701aab2ab56524e36d03aab9c822083fdb0e454a5cb80b1a93b10c62ae
6a5f280891996e05c0d79313,9e88e6d727cf329b261cc7ae1fa226156c9994a3ef41fb64495e0c440152166a
641aea0f7bee9c5d5a39332b,1ff0666868a538152ed6f2c6278b40924a66d2a56def4727b1930311bd586adc
68242af2ab7e60756ef81bcd,3904b409f21743ee7db205daac8be17739781bd3febf7a4668adaa386ce8aab9
6294e0547bee9c5d5a65d3a0,68cca1b2c6ed4ff2cb99f39dcd07a960fda929a7a21fe5c0a6504eac954812a8
6001822e7e23857eea054b3d,83badd8c6773e27bd1ae2aa51d7f3a5f297ae5a73d2fcf5e51addb808f813110
655b52738c12ebd66fe8a465,646a10dd0cb834deadfb340170633c0ec7d3a6851387791d329129644143492e
682f1c4eab7e60756e313428,1d0f303cc7dd4ed11be383585fdcdf7bf239de7523f4fa67626aa767e3efc086
629902d853c65bae2e82b9fc,1a21545b2dbde7b4a5ba6fa3eb010331db765d3ca7e1850a39fda48d5bf7163f
6a1feead91996e05c0074adf,e81e3265f7bd5f7551c3a700041237a4619b5e75a9e6de2be05decbea6775373
6a5f2b9b91996e05c0e3ba16,cb5a1c8839254e0e33eaf8f778386d00963809ac13bda2b6d3bd831df3d659f5
6a1ff05391996e05c00f1d08,a4eac85800b7169dd923448359201c6775ffc411a22148723e5038cc6dc29aa7
6a1fedae91996e05c0026c7f,24a7c3589d002efff226110d972fc37cc2220979caf6c2e870b3feeb2ebdd7a7
69d2047391996e05c03b8f60,e0438eb3941f95f70117caa9c12f5aef8c2a12017c7d28497143f45472171095
62990dc253c65bae2e873d57,65cf0e89277f6459863c1ad00133aa70c78338a774e2a1b55c323570a344bc18
6a1feb6f91996e05c0f744e2,340fb40971140ef8cfa5d7ed54a0ef9d1c4532073185b0b36e66fc978575c8f8
63d88ff97bee9c5d5afb02fa,b61b924071e5b6bf73595a03d0bfb0656335d7806332d31fce4786804382adc4
6a1ff09891996e05c0105f29,bcbf86cf88840303d77028681bd73979a7f976ae6ee7f0f575143d170845d9af
6298ba1b53c65bae2e44d786,ad787687a7f6bef1648ec943cbec6b02e232ededef83f87fd89e5fde133b90b9
6a1feddd91996e05c0035948,6659882bed8703f5e1593fbf3c4d693673caab5935c1202a9a44c28ba61a8722
67ee854fab7e60756edacddc,04092f371f95ee888d980879429874c8866f89239fbbf3e13ee2ab7f8f67f013
67135983ab7e60756e01ef43,48c478b408865b0935315c1ad14f36da6db7c0bee1a1da3d2f5df7cc4efd3e95
605c1304d5cc3545909f4638,c093ad155ea0ad66135c06a2398e464b93d429439938842d17aec8d3dac33e9a
6298e0c753c65bae2e6c523e,674fa879acf0c9bee68dcabe9a4e892bd92bfa2ceb6099b8061e5f92de064175
63cad4707bee9c5d5a6ca1f3,51aa1267785fc7566eb7f82d78ee76c119314d319b5b7448c82129209ad2de06
6a1fef2b91996e05c009b282,a6561ec45a849e9423c28b18991400baff6c0b090952842fc9068e1d67c2be74
6835b3b7ab7e60756eae166f,b93a140bfc12458548a2e1d10fe37ccaeac7156c15e6f52ddf9c75e2b887ddfa
63cad87f7bee9c5d5a6f97aa,b1037315ff22793304e985a2e3887983dea69c05b57fecbe6e63121e97da9287
64be45ddcf21b2948d0f8191,8d773df552b815f93f14b6fb8360685d93867837f509a19d2a2992c79289e251
6a1fef6591996e05c00ab910,f850cfa3a872943bd02470e08004a991b4651cddc2a6a53ed1745925ee8d36c5
6329bdfb7bee9c5d5ab2203a,438e65e0304ca255b4c05e03d1b0c56a6568ca85765671870b75ffc2bb5f53fd
6a1fefa191996e05c00bcbac,493ca808be189f8f20cb1e83da4cc2b6e16e2376075c28a6d40faf3d2929e27c
68c41501e3ec279a55f0913a,b9003662ae76a43860804449070e33782997791e7630a4378c134d9bd055989a
6a5f343491996e05c0fe7f3e,3e827bea6c89b2e60908c787305b581560648352093e824ca22281daec4c9f7f
697a3177ab7e60756ec891cd,f04c2a8b7415ee5899f44c3ce52955de07c6b663ab72882132deb54885ceada6
69f0901591996e05c0839920,e3d119f3cc9094e871f3e4bafbf3dde9a0a1f6d261770848d0eb6ef84635db04
6a1fef8a91996e05c00b6375,aff0d09645061a3bb4333db7a663e86b2de2f9835d94e5a47445866b2e9535c3
67f61f27ab7e60756e6e313a,1386a038c8594ebb485bd0dbea7b01566ef7614d55e0dd69011f6f882745847b
67ea3a81ab7e60756e9bb59a,064a6f7ede734b3c747d36eff1a5a0c7fdd5d6de916e0d0c61e2c89722345398
6a1fef5791996e05c00a78bf,a744877ea1de81b62897398a352f5f2f72c4567bcf008e617e6aa41b1f0af3cb
6723dc93ab7e60756ed4a5de,d85ab2c988c0996d7ac9fd81f90bde4776eb5ad1f8ecc799bd2d0c9b44cb88ce
6a1fef6491996e05c00ab391,7f347ccac6d529c73ec3d39122ad55f00e218088b178ed8b6b2d4df84a302324
682f1cd8ab7e60756e3268ce,89f44eda08a567b862b4719f33bdd6ea5b1e6ea4542d1dcd9b0626ee74cdaf15
6298d9bf53c65bae2e655b24,1c45ad43573eb51a1f11d974ee362c7d1b48e9616c64becf67986d04d543804e
6a1fed3a91996e05c0001ee4,5eb956f2418a276ad0d36975d4cc1864659a21ec359e70b10363b0ef9ae7d12a
6a1fed5091996e05c00084b1,458749f1158e7c673872ff5937f0156eda789fdd9bbc06479f1739ca7a3070df
64afe4accf21b2948d637772,b5472b8a0e10bca0dcd4535706207da8f65ff411958744679bfe8ff6842d9feb
6298e4a553c65bae2e6fbc1e,79de084c7093b9f9869e35c08e9f7cdcd48732db6161d4f73de725bdb80bc9ce
6a1fee4091996e05c0054650,a4c3ae0936eba4b6e702e94e1596bb3602a94082e7022e3c9129aaaa53c97b23
68527ae2ab7e60756ef83a44,1f730e2d86f07021407bec356c6b8fa28c52d0b94607932edc49fea9cd5edef6
64e48614cf21b2948d07a34a,368d1a122c5fc4b8c4970484ea251965772bfef055b8b3fa85e457e46dbfa52b
630c9d7f7bee9c5d5a3f8b43,8adf426c186fcc7698aa810ee9734ba26b8367cfa4e7451d60d37fc43215922a
669785afab7e60756eea83fa,43233337658ef3e6807ae79b10af16a8dc737d99b809f70fd74542d2eb8a3564
6a1fed9491996e05c001e386,b2df812343ca8d238e1f213a90f3b6cdfeab3b93926361ed7f33c6a068ce5402
6298ed5253c65bae2e7625e9,aba6a6375d8d3a6761077b0f9050822080b6dc8d2b60ed57eeb23764274ea2ed
65dc84adcf21b2948d5d7e03,842814f8838e38b05fbac8f347c229912c7e48000793389338ced016967fbe5e
641aea107bee9c5d5a393d5c,a6b0c8af0f3ab9e6b16c50b0043bb9f52a9d510b1eeabd4e4d46706dcd75653b
6a1feed591996e05c0081082,2cbaf8c1558c41111400c3d1b1e75e033d7b577c3900f8493a23b7a0ff61a551
6a1fee5591996e05c005b31c,7d20ce0de0c8330365ef3782cb1b56bdb5c2e997835f4ad33d5451b20d110592
67f117d9ab7e60756edb9200,713f3379785b285f60b053793497f4f2dff42e6350420b1cfaa803f9748d6656
67ea2642ab7e60756e77bd3c,9d0466ef5fb62b512ff4c1b2a8b8e0b5ec0bd541115c24299aa35f56a057c365
69bd9c0e91996e05c00d41b5,2469edac186c0ac24d208b584d9045606b91752e1b3eb53bb82ca8c78ca19360
6697859cab7e60756eea6b1e,ae8489c99f125dd7b1129b7a4accb9b0c518901637c5f96f92330b7a2ccc581e
6a1feafb91996e05c0f4e5ba,6d1a9c53daec6329cc0e51bb2fe9072eb780ce04715d89ff836a95deae49a215
6298bf2553c65bae2e4ac435,c48c22b25f35a9424dede6ed859c1edb6663ef9f441d57087eecdb6ac81f9b3e
628f4c497bee9c5d5a8de20d,d1a00d55cec502f458719979f7afab89b2e1b2173dcd6cbd016ee600aaee91cb
6a1fed1691996e05c0ff72f0,74350ff1183f4b7100c1485821434425ac1446d11c9bd246ea24e51cb44bff8c
6a1ff07191996e05c00fa218,1037722b3002080d153f3bd3892b9765f9f591e37cf5bf97b9e4aab8009f4bec
67ee85e2ab7e60756edc92fc,8b28a329b1c656641d3b22d5685dcedec13100701470b99dfddf8c82f415b42b
67ea3934ab7e60756e98f3e2,d44f3acc9972b7b8536a31225011bfe0f0345021c4da5e97db667c45dd6a0256
6294d6af7bee9c5d5a5c28b9,15ae9c168619223236036cdf48104d1170c0d190bcff98226b039a2eb30741fc
6a1feac891996e05c0f3e01e,902f274a400295b70aa347df9cb5aea8508d60322563c6b9800397dcfadc530c
6a1feed491996e05c00809b8,911063c6929460ee9453a90b9d9f43bed6e4104a334aeb3bf2d8553020f2185b
5ffe8f157e23857eeae3efba,f09ab0e8b5746a2faf5b8d83afc4a5d1ce72e99672412918d8d5222888b21c7d
6a1fefb591996e05c00c2cac,f4c46b953038cd738e7ca06ccc1932e3c4b604a820b1044ad8c9d44819c93d41
605e9b3cd5cc354590d819ca,722d329658f920485f899a1e92f29ba0b27400f4e529244a8d39a91bf6869713
628f388e7bee9c5d5a7df263,b10286596d26d541ddd123d2dc94fb6152974a38205095216fdd48d3f0f35383
69d01d4b91996e05c05b9a4e,288d937a33b41ffc96f3b902e10acd1d5dbdc9383456eb7976f5597122a98baa
65dcadfecf21b2948dc18fb6,059024242967142afde9fe10777d4d1a2f26ad07447d6833dc7560392d30fbc7
6298af7253c65bae2e3a5d6b,955714697fb61ecac3dd9e85388a8da3b9a89cd81643b92d82ab7189d13e0376
67209c80ab7e60756e2ebd35,a8c77b5b4f6e491ae3b7a2ce645817e0a6fd0d757deb27c7505a1c5a00c97287
6a1fef7991996e05c00b179a,ce2e4d790cf246d0d0ec890d4f79dc4610a0e51375c6207a360af26b553097d5
624ee3037bee9c5d5a820783,4937dbbdcbb003e784d5c6ef07ccb0a69d1eeccc77014bdf9c8fbc558f11e970
62e6a4f67bee9c5d5a6ef9f3,b2725451105517bd0d702614483fdd4dac057adcb33d1a5757e4429c3ca7f422
6a1fec3d91996e05c0fb5e92,7b5d8d1fef15a75c591bfab82689889e60a2cc85b68b1c2f27abddb188d7b667
6432ab3e7bee9c5d5ac793dc,ab3e4e0bfafabae0b24fcbc3d2c1dcfc54a5c47786af68fdddaaef18c446ef2f
65df25f4cf21b2948d12f7f8,ddcfe44845f1d34b056539599854b5a94522f15b108d7aa5fda8dab6f542eb41
62586f327bee9c5d5ad9bd58,cd7c49d127b1c9dd7caa62dfbd2e7e0307a4de97390b3b0b1de9e701cefc72e9
6298f10a53c65bae2e78f30e,b790f8dddb8dfc3fc9da52a8980dd4ce55e7b12f56ede0e81f393dfd1dcf0d50
6a1feda791996e05c0024797,2aea56d45ccd824ae669d03b6a186282f75164d4bc6abd37c80aab7f9edab372
69bd555a91996e05c06f0d72,bce881ba758962989ccbf936a4aaae1a7096e6f45e11b6837c15cad8f0a402e1
629924ed53c65bae2e8e1890,63465d7dca1eb1b52beab03c8a8c0514748f68185f6520a58b346c7d80362718
62273fc97bee9c5d5a474f52,4cb7c2f63e6140d1bb55a4f1c836075b1000b66de0236dc095e11807d13ec9b9
6a5f305791996e05c0f23bd5,7036b5b8ed9c68f61b573a8591d4b23e88f07ea3055ad0e4b3cc5acd36aca228
69bdb7a891996e05c0243b15,28eaeddc0cb148486838a311dc69005490e8b613477380ca8fe9376006baeca4
5f602148146a9f17ffa5bdf9,9091c8aaa889d2cc347739d8d1371cebe3c84df1ea85bbc791ff1edd70cd5e4f
6298f47853c65bae2e7b226c,6f59b68485a78c588e719d029b06d7d30cb3944e13dc56f7c3891ef7f69175c3
6835b380ab7e60756ead907d,99f1b9b6ddb214205d65e4ef9311cee7f4a6127d2ee45aff816ced45e891f007
6294dd537bee9c5d5a62e69b,6fffecfab44ba52508b6311305519706a8c2bc914471ff9dab760cb09d55a18b
65dc8978cf21b2948d68a93f,8ba808046f01a9d74f231de24a21b9ce61e76f92f4c3f3218a8ca80f93ede78a
69d0b43791996e05c07a72d8,7e31fd6c922d025f76377f13569dfa75dd528a3ddc1ce1937bde53fde1943adf
6a5f347491996e05c0ff3b1e,48e12584421748c7f03dc4d0555a43a3f3dadc12d03ee3187f5c78ff04e4c653
6a1fec8191996e05c0fca4fc,f2d0438517244997b2926b086b24ad9dfea7ddcf7e9c71d63e698666199c70bf
67ea397fab7e60756e99a75f,57c68bf29005d159d4ebc7f75ccd57103551c45bbdb39d7fa76433c842c7445b
6a1fecb091996e05c0fd90da,824145eb3f9023270b7a7bccaebe416c1f3d50236fc2bbff1de46932ca3e07ad
6a1feae491996e05c0f47525,5cbdff113df20ff5695a7aaddda0df97879f9262f4c104cf872b0f94216cf70e
6a1fed7c91996e05c0016799,6d426bf820468d6fba0978fb5edadd701bd42cab2301f19b9100e7d2edab3b9b
6a1df29891996e05c010736f,8b68b198efde3db25c4de094591f2ba9d6e9c70b0db506793ee5b3dd9d8c5797
6a5f25ef91996e05c0d0a935,dc496c6e60b0bac4747d41fda114dc61eb354d1dfca7c2744b14a3e0edb30f36
65dcad37cf21b2948dbfae70,1464ba8c4b51ef36d03d7e3bb7379b8f60c9697697175bd73b186ed7114951da
6835b397ab7e60756eadcbac,a7f9032c74d79ed701d7acfd9e9c7689aab10fe9364de9c6468aa366e4569fce
67f61ffaab7e60756e703c11,09e3ec6091fcf454bf49f5d908549fbb7d4f7a5ec4e59d3fc21238b3d9b65a07
6a2fdb0a91996e05c065ee49,cd624f92c2f273affe39a8ca377509c4317b45b17a2750221b6ec4b4f40be176
6a1fee8a91996e05c0069d0b,f0a5c6a0965f5e99f7455f6453f96ceb9b4f6ec3a0344473e83b055215da19e2
624c020d7bee9c5d5a213920,dec06269d3fc4f9dc38d1b12657305cbd3ecd254492d96d2c5c1b0ab94e0e002
6298df5e53c65bae2e6aca84,55b5eb75611664a5f7948c6f649d3a663ef09ef7204ec111c8cc9cac13b880eb
682f1c67ab7e60756e316b58,7c08c5660a9ab4333b0c4c20da4c0170005044b230f3ecd69391007d2b1b0239
67134f36ab7e60756eef637a,65fe5424f244fe4c162ebbbdfe78fe1fe816cabb88e5353f203cc258f3f5fcf6
6835b41aab7e60756eaef7a8,8fa4f36d40e60bed870e6f3a47f503228e32a2a899e0db4c257ab79150a015ab
624296677bee9c5d5a49c5d0,131e3e881ffe3301a691aaf6dbccae650780f3ab966657973626d47427a71287
6298efef53c65bae2e782024,b1944caea1bd8ebec9a6113848bb8a2560b151f8e03e3175123140875a21bcca
67f10d23ab7e60756ecb278f,3a8ac9e7132a64af5c8440f9af5bbd84f2976dcc5e203e6f5b649a436d3818a3
628f44297bee9c5d5a872569,4d3e0613e964e7d076214abf60490d06e98878761ffc037d12557e3890b37fe1
6a1fea6c91996e05c0f2055c,f938209e1fbb64a31fdcf3dd66ca1b4b3e0282119e31e4f8caa3bdb3453012b1
602f8cd5b2449a12c9aa722b,5d74a0e4fc02af834b0c85ff39faab07f179bead4cd9aa9cd881015eb5b27b3d
65df51adcf21b2948d7f40cd,f4ccfa2a9cd6b6daa5421eea44f5930cf23389ef07f4687c7fc5eb82a90104d0
6a1fef0b91996e05c0091f61,80d21613184aeac3ad871682540437ae0c0240da9842f4ecd217bdad90c2d6e9
6a5f2d7291996e05c0e96f16,8cbf1fa9d22b38d71c7c09419bf77cfa91f465fb17e752ec435696adf398530a
64f00170cf21b2948dbe4f44,fe05c35245cdad60c386f3db5aee4c668c953873ba25f457f5a47b973d827a29
6a1fee9691996e05c006d72e,8a021041200bd974390fcfeda20f79516a1e06b40ca89b121c0a4c31933129de
6a1febc691996e05c0f90b7c,518499805fcc889a3d45f1b991a85afa4af11fa88e1b47964d0934acc2a1228b
5f8b20654b61bb08c28723c8,e00a9a8fe7c9eeb8419400c9913ce1b8c48a3c0f06ba80b968657973ff21f7d0
69d01bc791996e05c059e4cc,07379b2cca7a4e46b89a4f9dbba4609e33f7a64a169b5ca5d316c96c602c3588
65dc7012cf21b2948d315ade,d6522145713e77db0db7cee02be1a5280fa682d9fdc6a2a180db8d97596b87da
6294e4517bee9c5d5a69a50b,5755adf1b3a228ac4454ed25d2fbd6b41b1bf911b4f89930ce62921bbde8ac8c
6a1feb7c91996e05c0f78c08,cdae34f937b99c8127ae55c2219759cc96801cf8f6c2326da99c3927c808b87b
6a1fec6991996e05c0fc302f,67b561fc54e1f932c4be0af8b7dc652401d3c042c39957e27063b8975424c1e7
6a1fecaa91996e05c0fd6ec2,b83a1969da7f1c06edd9e82307c04b9b371d712e3abcfe744861aa5debf2cbd5
64afe3a7cf21b2948d60adee,f6ef50eba9d7915791fa7ebe09161561aecc1ebe3db543e93a0fa4bc9d0dc897
684beb7bab7e60756e8d1880,76847e69b5df273c1a42088d1b1f287e38578f265fb72290fc98f6a4117cb73d
6294ddcb7bee9c5d5a634fa3,12454de15234ec9b63ef8fa3fe2cf1d6a3091f2e79c3339e2ebe6a7c17b99d47
65def849cf21b2948db3ea7c,06fcd3ef0f27ccf7c680a2cf953f9be0aabe843e48994bb84e85faa712038d8e
68242b0eab7e60756ef84b89,ce417d59bea071aef8bdbe87503f1a5562ed5db758066b20da429a6974399502
67135095ab7e60756ef2175a,702d08b870c264cc9f6d8cadcb8b51c27de90385fa6139edb68f47f860673fd7
6299212153c65bae2e8d5ad7,a530814d5928e11b7e20fa58584db56b25cd24fa46658578e45977ea47fd934e
6a1ddc9091996e05c0f85e52,70a40f3f1f9767ccaadc7540414d234d029857d9445c9fa0f7e3c2d81bd838d1
64afe4abcf21b2948d636ee1,7d2f339c04348076162f2bafd95e87c129ee8da7a6e8f36be69f4118ab2e8aca
65dc67accf21b2948d1fe0f9,1fb0a557f811ae3e923509bb279a9b078b88c93b5fbf077190b6e685f0231ee7
67ea37a8ab7e60756e95ede7,d325e3501fe1316c15077c1ea10825c408a9d28481643865506e54334a811388
6a1fee8a91996e05c0069fe2,86316802f726f9755e50505674a69a8748d1381bea8988df3401e232082ce0eb
628f49477bee9c5d5a8b6d2c,2015ea07fa3cd52e2c8f12a5fb4a9f5a4056d020cee992a0ddaa139619552f90
6a1feee491996e05c0085902,e9f4e9d29eced0774f7d5f56a307f2a779a1538597cf98306218a17e5eb03c36
69d1f57091996e05c008b2f5,b42e072c6a6abc39e966805b829d8db4acf3f5363b1bcdea94a0f83462b99dbc
66584a01ab7e60756e70e26b,78e3c9cc47e48cee8e13c8e1b5f0711c98c02693a11f7400d96bdbd720c59e2d
6a1fedda91996e05c0034e90,406986528c7d4dba312d74f26c5bc87a23297ee6e979b8df8b34f45a04b8d58e
6298bbf153c65bae2e46ff85,a1fee304a96b7c10f9f0efcde1131989773fb65226bedf8bedb1e6ad3fd85766
6a1fea3491996e05c0f0cf53,725b55cfe9bab0dd0f3bfc58e9012f5f7312d713c7aca6f799ebad20cafd9be1
69e13f8991996e05c08db3a8,bdd8187e12d112c4d19b882238739ed77b130e262c726fe943fb3965990e3243
6a1feaed91996e05c0f49da7,350397fe9d80a546d32051c7b82659e502d161601dd3dd130c18509785731fb0
67ee7c11ab7e60756ebed4ff,b19b7b46cf719de80a5b061ac65ad8006689914123b5dc85ddb9c2bf525d5842
6a1fed0b91996e05c0ff3ee2,34ab29ab11a28ee0ba2f4b06f67c20ef354d8e28209406cc958aceb42914be54
6294dab67bee9c5d5a605206,f89de1cce18402a45b253d4e56fecb5ceff77b9362901ce9e2b497f5c53b0d9e
69e60f4691996e05c0af19b0,9117dbc548e2a536b31cb42236cb4815cbdefe494673ca68e1431e683a0ad7de
65dc646fcf21b2948d18c157,6dce543e564af9a0e76254dd5d2801c1463facd431de84ec32ad1ed20b652e3d
628f40ea7bee9c5d5a84582e,453c31081adaadfbb81645e1edb5f58d433882f98b5de7abe0d09197920f942d
6294dd857bee9c5d5a630f0e,e08c44fdc6c59340cbfbaed17808857f9ce6c286883fd5a1d2f559b4e3033b02
6298bf1153c65bae2e4aaf12,3c7e125559d24d803710964f2c5b67ee9860c239acd1c20dd4063179d1d81ff4
6a1fefd891996e05c00cd9aa,279012f753a9e573f7c1f96f44ea14d953700eba7965b695dfa89b399c758ed5
67135c2fab7e60756e06c07b,37c52ac82297ce855c55795d3cbc7649a5b0e7e6cd69d04094888851df04be6b
68527bccab7e60756efa2ab4,d09fe27d7096e5fb0d0be32eb800f8fda949c6a7dba96803918600fca36f7ea5
64be45eecf21b2948d0fd67b,24361588d8f9d68d46980c24cf8ba3ece9cca1a02f8274b8ae4c5acb0d2084dc
6298fb9e53c65bae2e7f0514,692e1b96b77d5e7b5427dccc423dfa15f54fb9fa90ab8178816cfbd93f5550d5
6294d1a57bee9c5d5a54ea39,af713bace91186e22afd6a81fdbce750d30e33ab70b75a5eeb59277f46a84d7f
6a1ff08091996e05c00fe9a0,36afc0367a5e7b1f3766c080588817a87d7aee346f217ec3cbbe6951f04de909
60310eeeb2449a12c9c7066a,f01346d348662f2191a6cd33da082f346c89511e06ce8b62d43dd087a5bfa108
6298cd8f53c65bae2e5a3177,ddf235b1607fec5bb927b7b515be21ed2b689fc42d8e334ee924951049884695
629900e453c65bae2e81d443,cfe8297bd92c24fb425e7faadb4c84d2515136f77314678a96f6ea3ccc6ef47b
6a1feced91996e05c0feaf20,609a251f3408296f82da930cac93748a6637b2fa7209cc30c66804e5a7c71fb8
6298b81353c65bae2e4291bc,e39c102eb44b5630b9aff8df873304448633dfb9115bcb259cba2cfa530499cd
68d1092ee3ec279a558558fe,e30a19c8ab8f87ec5f531b66447a49624dc4e0831c1cd59075daf9c8bf7cb016
6a1fec8f91996e05c0fcee35,8f7a1330e4f784e30b1ac1d9453b92f7bda82f4ef9756c0c78af01dc60c62458
63cacd537bee9c5d5a665844,213563f7b5a28baf0c907ebeabe655af32b89a94371c1bb467fa5a37a4991ec1
6a1fec5691996e05c0fbd500,48f52b75c18a56099a178ffb4724d1fde53e8352d94e135ea4eb15226ef5c144
6294e0ce7bee9c5d5a66495e,6e4c3fa7e16e51e51d12c46aa723207068b8e96c94f98a1659962abcb12c930b
67f1180dab7e60756edbebbe,1cedbf006f7165521df0e0c4bead6f5d9e882e54e3a665fe478461bfdbca1a94
6a1fed6e91996e05c0011fc1,f1dc81306b7342bed69010257a4d4672f2ee6008aaf5b095258cd74bd29ce89b
6835b3a9ab7e60756eadf52a,a081affc6cdae496bdd1a8a90b8b0ec57c8750e2589701a7d18aec386589f222
69e1375091996e05c0850d48,defffa3d0c6e8d581401b23c81bdce4299093cbbae428a4bd13d85ef08f53675
69bdbef491996e05c0280cc4,ca7cb79618412569c8a45c6e139105c5a49b70bbc233849f11dece6fabcf1c23
6a1feec591996e05c007bea7,69f2c4f40d59cca1efcef304cef67d83622a86943a7448faaf4ad3436d7095fd
680f71c9ab7e60756eda7439,b1e2901f4a796f17677fc6da91978b862ae08c3743e5d327d430580475c3f693
69d1f65791996e05c00c8788,cd9af93a08a244a4e0e2ea4fe726025404c864fbbef3b7a4b342e332dbe387df
67ea2bc2ab7e60756e80c8a7,d1b71967dbd4e77a7801c21ae427968c7f58da7e7914fc1f11eef63dc8b505e4
6a1fee1391996e05c0046d59,22ed1a3c164319c5bede2c3649b9480011b8b2364e4d647b300f82880459187d
65df183fcf21b2948df2e26f,ba9ea224d5be1c721b848c53fa518b825a31db6bf9cf0973f5ec7d529d50b67d
6298f0df53c65bae2e78cb26,1e0ec3f5744923fcd14b4ada87970977a568bfdf155bdb2616af21a88b8a1a86
6246bb387bee9c5d5a128021,fd2e72641330a6c9827b9052d5d1c236a08abd0a7103cc4078dd2cc773ca4903
63cacd2b7bee9c5d5a66375f,832758cc862f411bed6e4c0c082a74f9ee3fae01480401317dfabe0798f58e6f
6a1fed6e91996e05c0011efe,16d0c8b36bb57d4c58c611894e8ce45025af431c9565f6b3e05e73cc354b8307
6a1de52691996e05c002c786,f20509933eb377652e920516bcb1d9676919dd5b71f6ad1d43087f185aedcd07
65ca137ccf21b2948de00203,bea5eca57e7b1010c046290591eb7bc5fedd3c53ca153262de85a28f83062ea8
6298d89453c65bae2e644698,9d7a170ef10062d615298f239e5f5bc4d571100affcc8bebcb9797afbc88c042
67ea387eab7e60756e9797cb,3d213172a16880efbf167c2aa3e6434b158667cdd3db630305fda4d57bb5af67
69d0b39d91996e05c0782989,c9e9a0841b986df2528e0bd78277f7869efd84677218ca941ef1eb23221b5bc1
69d2087791996e05c0478625,762aed01a72ef54c65ab4fb0548f329eee194a579c3669774156348c787cc3d3
63cae9c37bee9c5d5a7928da,405f4ed22220a17ba889eefc5c26817a213f03667795f67f1a1a748d5d636465
6298e6a553c65bae2e713fbb,cc33310e48bad65d4a4de64a58f4d0f216cf01b35429545f5eb901df1e5f1c98
6a1fe96091996e05c0ec330d,f0f54cbaa456cdde51be3c1ea6fe35a043d0f92dd687fbd47535339f692c05ff
6a1fedb991996e05c002a616,60a3239f0da38918502b3c47489a0716ee8ecb76560fa842d86add8ddf856bc5
64e48641cf21b2948d089278,239b8fe0b51c94fea7cf9214662f4db64a5a6a0fa783a6e4845c73241721070c
63cacce47bee9c5d5a65f4ff,57a0ddcad7882b99c86c200733f5803d6ea06cd2283e1d7ab14c133cfefaaa29
69d0a35a91996e05c02fda9a,476a07eb74618c9b23e65029712305594802cec72fe30471ca4f6aba8dbfe3a1
6874ea55e3ec279a55e601e2,7d816b75619612b489341b69554f9e0ab63e25bcf3bf08aab95d0e174ef83af8
6a1fed0891996e05c0ff32d2,45edc4263734221f4b53686c173438c370487fafdeddff42a157e29b51f4fd27
689aff20e3ec279a554150b1,e44e172cfe4b950c045c822dc1ea8ba4d2b27fa2f7d6daf3d240a4d189da7576
6a1fefc491996e05c00c7c94,59d4f11f23b9967cf7479e6a930fe4d285dba11f9de55e2dad1a4f0a2ae92a3e
689aff0ae3ec279a55411812,f682af6b583939187bfe2f8a916929ae459bb27e9f0474877bc1b8d2e81a325b
6a03206391996e05c00a0563,7f6db78d3bdb696203cc20152532042e73d145e531803f364cdcb869385d9ce3
65df4a3ecf21b2948d6d4915,668ed9d8b8a5f6808f72af3a6cf0b627316c1597c25b85ef2d951eb042ba8de0
6a1fee6a91996e05c0061339,839641f1d23598346b5dfd3267b491ec1430c84dc8b0c10732050bd8713c3ef8
69bdc39791996e05c02a7097,0ed2d43637c35f0302a202d30407e51bfc8d31134daed12c82bad9bbcb4e5b63
6874ea70e3ec279a55e633e4,8968812274545b981dddc403591a676f02bbd7650380f57468b632e96fe36786
6a1fed5191996e05c0008a23,51e22c82e6858ae8a9f849efb799bec96c5e96b4ca28b842785716bafefa7d0a
6a1fefe091996e05c00d02f8,141649eaf0b18417987b7cef3bfd52a80d5bd5d8c72a4b7db357002f3400a3a4
680f3e7cab7e60756e8c34d6,3e94c34653314606e21a8034a331bdb404b9ec65c5f6f6b16fea29fc2e0fb45a
629916c953c65bae2e8a4c60,b16bd486d054b2a7f33f41428ed51bdc25007df153fb24d601d0b79423db8127
67f11635ab7e60756ed8e390,ed69e60f9d3d971655fb1b7ffaca951b5e0a682a6a89597d7d4c13e4e6b18b32
6a1fedcf91996e05c0031819,4f6525adb035e70170bc9a29b2c6b5b53d37f739e9761ff9c02555545aec4dc8
65df3046cf21b2948d2b4e8c,c3bcd210d0cdb50ac934f25494b3ad3454d5cf4d9a77ed556089cc7f2d246c0e
605c0983d5cc3545909e7b50,f08547f0113ebd2606f283257205d3eb1bc7426a7250c9085ce824da6ed94941
6298f28d53c65bae2e79e32c,22526f934df935ee415197763703fcda34421d42b7ee202ae424b14839a0e5c8
6a1ff05291996e05c00f16c4,92abc070b6f546e3c2ec2bff7dbcf2ec53757889db6fd97079ff238fb5d5ee1d
69d0085391996e05c040b190,394a3198d87c55733c0b67e56ec052e37dad845931108989093f9f081be9be7e
6a5f346091996e05c0fefaac,464d111ee3b9f14558f26be30271d138c3378fa16450837511c51590ac241de4
641aed217bee9c5d5a3ed2c5,f70e5a02351699f08c7bb0e65b561832257851c59e558f6682ea6eb549299be6
6a1fed9991996e05c001f8d7,48c3aa1b43678de7d8f916fe0cc8439deb1bb75a4627940c5f1b314982a9da39
624bf0207bee9c5d5a16263e,aaec9fa584bdd849fdb1b898dc257c67389ee506744dcede7b796d0c57eae5b2
6a1fed3191996e05c0fff14f,9dd549aaf5c059150ad715d63402f689bfe6724b37583ae22409d9932e3762d1
6226d6b87bee9c5d5a137cdf,29f270022a93ff65773110431cc520deb1e4d1124aed178cb90c174cbff0db51
6a1fee7591996e05c0063dd1,fd4e14a3e63d0079d27518d5baddfa1a680225314645a7f8e7bd7ea2dcf164ae
69bdc1af91996e05c02988be,c18ab1e20149e21171c3f0eebd5f8983661540d595005f3541ca346e2c877928
6a1fed3691996e05c00009ab,2e712997931aa4ce74b0e58c3ba3054507f5292e9ff038f1beb24b4bb21075fb
6a1feec691996e05c007c64f,73363900f1f2fa9df7f58014b3ee893c779dc76dec97aec8e37d6af43f0d11f7
6298b13353c65bae2e3bf6ee,7db16ec7cc1fb86d1f7a6a629d926dbb2686a646fee454eac2b321aed7cd6175
6226f9377bee9c5d5a225579,b6f269babe15052c67565083775cd043362ad579c07e5b439159a75d63b09b7a
6a1fefc191996e05c00c6a47,be91a5bb3551b4ec6b722cca8d9320e350c6b81c0ddcccd0d69256516c44403b
641aeebb7bee9c5d5a41cd90,8a9b268505ffd73aff48d9a0c4aca7904698e45869025ab89cf4b4e2780cc5cd
634ea13e7bee9c5d5afa8c81,15d4f87f1f966f7b647fc37b663798305e42af655a95f1f2b134146ed0828930
6299226d53c65bae2e8dae38,d7df35e2010b02503ede3a4438c1dc12b224609fc18e57d290cb93c7bc1189ca
6a5f25eb91996e05c0d09791,db7ce3cff874e030346032b6a35a576b369b72f97314e6c93b085d60446d1709
6a2fdeb191996e05c06ec8bd,53eb3b366fabffaf65f23ea1680475d1caf6a925c53e453216af4269820f5368
687e2610e3ec279a55674b8e,b4a975b949a79b1f33c12c5a42393555e85b7f005e2653611007d50ce2bd6a1d
65df31ebcf21b2948d2f72db,ab2e83ea564c60020642f48e2bb955c02f883c4b57b03082cb76d37fb2dfe550
63cae4047bee9c5d5a7687c1,71ac476cd1ff750d60723f39a04c4e79667e050a9d818aef7d8c70a9bf3078c2
62dd44097bee9c5d5a47a109,f475b9b666bbf76e74a7048e0a229f599d40a4454a0e66c15d23df0886bdbee6
6a1fed3191996e05c0fff1d3,70f455cf73d4ef3cabfa024cff9450aad6bf6cc8618a42f74236e199d36fbcb8
614195a5ee3b0993ea72c901,66696e8262c9eebb70e1a3edef93adab5e7bfaed5283438cb415678098c6ac6a
6a1feeda91996e05c0082a01,bfde066ea5837a8dc4635d70ebed08c0bc9e7626645f16ae6529e33bffe10a83
6a1febf191996e05c0f9eaf7,441b7a3caf4227d5f54a55381935f2804a49634b62e858ddca87b841a6ecc0a9
6a26a70691996e05c0ab94f2,4fb66b3dc4e42d95dda71837ca7cc498deeba33f11192d25d7bc8d6aa99b1ccd
6a1fecf891996e05c0fedfd4,e4817724b0f6d71b0d82b5262fd52a37d8d6884910be7342367a80832befeb99
6a1fec6891996e05c0fc274b,d36157f22ae5759cd05fa0253f15199e7ba49556fa8ba4d885421324a9cff9f3
663a1a43b7e461e1e512be37,5eff043b4758457c24286409452b4fa7e3a3c563b5bdc4409bd22c55ee3e2d2c
65df146ccf21b2948dea0d60,93fc3fce975da65c22ed287699cdd7354d77e28dc58bd651a87c2ae127e446f1
629907d753c65bae2e84d1ae,9c4ef24ae3a5d95fd28d167b8c4824209367838cf6299d80d8e0889819f84ee1
6a1fed0191996e05c0ff1355,9cd2245937a79deb1ef62826bad36b39e24b35fdab93cd19db44a588ae8c7cc0
69d0140591996e05c051ade9,ae4a126db0d7577f64dfeedec2b213399b3937053da28186b1bf33a73cc7ccb4
64de54a8cf21b2948d9d50d2,3932aed65ebf189313d50e2175b72678b89e289adab56b0fe81b65d3f82f3476
69cfb3e891996e05c03712fc,027b18f3b38716087e4a9bc265e11b45b4ced0288aa58d9776c9adf70856a7b8
641aec3b7bee9c5d5a3d2fd4,a7b87531d93655e2e1001ff8b9d752de0a231eb2084324e524428091eef722c8
69bdcd8991996e05c02f7c80,daae3687e86fc043fae3e0f05c4a64b216d73a1506a21f219c8d84cb6bd8f280
6299127253c65bae2e88d71c,150dc9c0733740a5b4dbc69f6ff3d3cbcd4e80bf13c62f5884bf8c6f81a32d02
6a1ff04291996e05c00ecfa6,e5fea82d74ffaa824684f6355cdd9e58d9e8d0b7fd16ec0a6fda587f8d21b848
6a1fee9391996e05c006ca26,faaecfbfd6978d13a517fb12ec4752d006444f54577d01dab2eb8f3d78a304a1
6a5f268f91996e05c0d2b46c,1ae4f9e554adc359974e5f5d4936103b265466ab716db38cd9df6be4cde793a1
67ee79f1ab7e60756eb91251,f8c23c20f05cd799096577796707e8406a1bf1f6ae65614386f743add908aac3
67135836ab7e60756eff0245,bd54b2cc3bce306845afd2520217011fefb1772485514fbd5137f38240043300
5fa51a2e7e23857eea5e8258,6316f197eaf0266e9fc45edc3b1b1b17e51688c4cdd0d7db2c51003a376fb6f7
6a5f26ad91996e05c0d31281,2a068207a85a35b2993870dcd24a3bdcd8fd6a84ec475f309ad4d73a34f553bd
6a1fee4b91996e05c0057c1f,ab66481ba8f4ab1e026e094dccdbd79f18b5dca64a63bd95e8aa0f49a384d5b0
68527c48ab7e60756efb4ad0,e0975c81cd2290bc1d5c1fb558c3af3a68dbcdcbbd68cd01a03155556b8a3051
628f3ff17bee9c5d5a839d47,0c4cab973319fe1c9ec062acc94853f04ec0111dfd6948f64a03f5a82a7ff0c2
6a1fee0a91996e05c00441b3,047e69d8018a2b90cdcc25c3bc9810deb3625a9ce174a3f9d4999d3debc55f6f
628f41277bee9c5d5a8489d0,c1dcd7b4a707f9a6de1e9c85b67b9c7b8fbb271c1ae61e3773dc5e43d21c0e33
6a1fefa091996e05c00bc8a8,aa68f248753d2c8d6e768b2e4a853f0c8f1ccaa6b72553610efbb3cd85a97137
6299025653c65bae2e8289d5,af1e517ed33f3e4c1706bff9e6cd4d5c80a4d03351b17c351396158d282e39bf
6a1ff07491996e05c00fb0c1,7dc90c058af273e457ffd546b0c201ba97a577a90040e8116473622e5f32f5f3
69d209b891996e05c04b7c1c,fec62ba2f32c1e41aefd1c6470d3b4fd084b531ba9ba4c8fb09d84a200a3155b
6a1fee8a91996e05c0069c1f,0c5fb6fa2aeaf47620105acf06951510cfc479044bbc60e82b48131b6a157322
6a1fef3291996e05c009d0b0,2307a707f08716949bd50fe698bd208e0f4c0030477e1149457c4513ef63ab68
67ea38daab7e60756e9845d6,e383bbbff2aa8ff1f8a23caf183fb76fa3dbec088c9934150a0af9da1c7728e3
67220ebbab7e60756e6dcd70,c2ddffac64dd173b0296ee723b7ba4e4aed843364120bac9ea20a2f4a6c5102e
6a5f2b4291996e05c0e2a131,935dcde043cbe8a00313dc09fa6afce8266d4be36031e4983eed099539a23e46
69bd953491996e05c0044825,73d6d0096054ae07307f47df95801b078c917baee75d06e069c3789960814e84
62991f7e53c65bae2e8cef00,d6dc5b65e1faf491d9d053720e8601d058ad5591bb48b75a4de5f79ec0d50f02
6a1feb9091996e05c0f7f5c1,53672e734e40d63acca486ef5e26287a1ee36a9742d1897f8a72230feb1b59af
63cad7de7bee9c5d5a6f24a8,954c99c8422930fa53b76decf444bc6b5b7e609680fc5cf106c5006dc844c853
67135814ab7e60756efe8b17,92a3b1339b44a3de88f9073396cfd0b9b34cfec82ceed4d9815fdf2f1ea6cd1f
69d1f61791996e05c00b88fd,34441b7f14d4c7f3829b7c7eda9a0fd23286e142accf1da7dccec4073fb0ae28
6a1fefdf91996e05c00cfd6e,a96bbd540a222c4b054475f66a77e6318e25ed908feef9425813f068bc8f5960
6298e80c53c65bae2e7248c4,291b6f978775d79d1324240e1fe51f1b359cd79cd221eb96ef5acf68733dd2da
6294e4fb7bee9c5d5a6a3ee9,307855015c5ff249d5b6ff372ce023abe9a394e2a56d74d20d6129a1bc8ba872
6298f63053c65bae2e7c0de0,49805eb2479368f4131fb1b3bdad970bc0e79b89663d45a5701e4aefc5833d63
6a1fee1791996e05c004807b,ae258caa8dd2edcfc2d063927ea42a6e9211324fe128258d9e8589619ab9164e
6a1fefb991996e05c00c3cee,88d7dd81e8f9a3b4876a0dd2985b8693f6bff79848b03e87807dbf4ea6978b99
69d015b291996e05c05352a7,bfe0f647733d4de401ec3cb45739711f35ba4615cc2fd44fd324adb861b23800
67efd90bab7e60756ea69621,bb96cb873f67f1272378bcac821f1e7b3a4b84e9b3d8b2338db3e57435655cc8
625e8fb37bee9c5d5a2043f8,194cef396a85c2eb975bd096292f44d539f0b4e72f7bcd457506c10c13f87008
628f47857bee9c5d5a89d971,e6ed7c19b1e9ea10587acb98364d7569f096f1fdd0e1fb9323d3874d5e745274
6891d91ce3ec279a558562e6,63660307f4f7e983800e45e6d3f0d35e36474f542ede342300a1b71e1f88422f
6a1fed1491996e05c0ff68a3,399aea0a94e79d969383160f78bbaa8ed25b85a2d568c34d18e8b5795a1a4aad
6a1fee3791996e05c0051a41,34cf8b895ceec9913dc9ef9e65c461b51878f87482d2bb72dab39a27e6ef77ce
64afe4b2cf21b2948d63ae2e,e2eef7ab04513f5c4477584bbe180965b9093d4fd168dcbef8d534f77b77a4bb
6298fb3053c65bae2e7ecb9b,71c3c62dc8b754ba588f2fdd4c280840cb8c4bf70f02fb6ce0849a299f23346f
6a1ddad591996e05c0f62dfc,49096abcd2740c458264752f9bf0336b716afbef1ae6dab23bbad4f43493bba2
6a1fefb691996e05c00c3092,046e149965a763ad7d01fc69bb0a326964bc6b559e803f7ec246b6e3bc4bfb81
682d7d99ab7e60756e79422d,a0bb9b23bccc7980ef41330e380214bbf54d8ce67c0ea5e1de662efd13ef8919
6a1fe99e91996e05c0ed9498,e51f296f402f15095aea51895037de0c6cba0bcd168113d079b2a9ac3dcecd93
628f38847bee9c5d5a7dea2e,31b3b7b3b929d3544fe7f6bde8ff3359bcb8a7626913bd3e1212585955cd1afd
6298b95d53c65bae2e43f3e5,4a908f5d79832a99605450838277de8363af9cfa287b315edd6c4433d5c006ed
62e8e0367bee9c5d5ab16484,6e2782145c8dd49aa3b6e4ac24db2218d7bfdb7262beb6df459a77c65f0b3782
65dcabeacf21b2948dbc6a58,199707c7a95222f63ceff2c663aacacb558487783d7f4d7a1179145e3332a221
69d01f7a91996e05c05dfaac,1c331de4e5f05e96ddb0ca799094f3e6f50e4ca1ecf59df740823b8b89e4ce91
6298e28a53c65bae2e6e1029,844ff6cc4fe5b2dabb9c18cc98576340dfe96607eb6765d608bad69496c620c1
69cfc28791996e05c0770980,9f7cfe388308208c4dda73574644e7bab109ef4c2dbcd04995bdc157e220fc81
6a1fee8591996e05c00684d6,33959af03f3e5db0ff35f92ded1f7c229726e24f973dd69bf3006b68f023242a
6a1fed9891996e05c001f403,9f998143cdab6c639877843c2d6ec3508e8e2e5f74a86a52f4e8793573d1d00c
68878f3ae3ec279a5508eac6,68234611129fae8766ea7a671b3f2e104b09e4f4ece04c636a0295230f419bc4
6a1fee5b91996e05c005c769,ab4bd6c5ae725f1126854b15541fd91e366c06568ae5eacf80136e2129b83a5b
65df3a93cf21b2948d455b60,b7143afca48b39409741aa0c329cf2b519a4dab01b2b5d4f9397f732dcb2ff1c
6a1fed0491996e05c0ff1fa1,8a50a05a6efb0922707b7c6c8e5a8e78a53b055848e20e90ecce3c0f7f67bd8c
6299062a53c65bae2e8427f8,741cb31ba52b95b2948e79d2d42e1d29e82567c8dbf031fedce483022edb6da6
65dc8eb5cf21b2948d74e107,c72c33d7ee024d96cb22906e36ba909972c83623e868bb7e1a9fcf85ccefe0d4
69bd76a891996e05c0d0af68,2e5c9db45f78b6d9e972d0aad44ac2689678d089a727b01309f4f21307dd9ae9
67fdf66eab7e60756ebc7435,0157e6a1b9ff7958d7b663511a09c629d847bab5813fc43790318ebf8c49976f
64afe4b1cf21b2948d63a6c4,3270d76f7d42cd57a7c4c9883823d2cf72eb5ed659abfb3e6dad498ef56f909f
69d0acf291996e05c05c5fbc,cb1aa811fae0b3d86168f70f745ecd770fde3ea03ffa8c0868ef2f5bbe41792b
6a1ff02d91996e05c00e69e6,cb516a47ad5f38d5dab8744bcd345eb28d05a119877ebfcb7cb38a45d5299c51
64afe44acf21b2948d624dd0,5187a718f2efe8e059bbe06237de6b8b1271d7447cb4339a47ecd2d71254c2dc
67135c04ab7e60756e063423,7ee262742e2fa045c25661f4e00ad0d06a4aacdc49e4ae91f81a45e78c7b53b1
671357d7ab7e60756efdbfc4,8f53c815dd66faf52d36be46e409d178f6a92bfded4da8478db421b4799f52a7
6298b09d53c65bae2e3b6d66,2ab0c37211ecde5cbe2286a45a4fbf78526a0492e1784a544b2f7874cf7d60d8
67ea34ecab7e60756e90cf32,38603c3b7341328ab10f958db6891732d231fb7e433c3230ce2cd3ebfa960784
6a5f2afc91996e05c0e1a922,7809c3fb441337cf980a85498e995e63cda8e6101e2902acf255265e3e6320ac
63cadd757bee9c5d5a72c140,8b128102cf51c8dfbb678a110b115b3cb8c51d6f363dbd2982645351b40a04c5
6a1fee5091996e05c00596ec,64a590c8060c6ec814b23b6ed721a87c091154ad18ff2d7179afe1440e20cfad
67135bfdab7e60756e061996,ddc9fcdd5e923f6d26a5c06392435256b8ff1fab158597a82cc60e76c3dab2a3
628f45197bee9c5d5a87f748,1a9015644af8845b29a3f95beb4b8a8f016be4131c40a772a87bd410d585e5e1
60f905a7ee3b0993eae131d5,b9dbd3a220773171ffac2d7d347f1d0182345e395f39e7d0e07798122cead714
641aea107bee9c5d5a394107,7f28638bf5b79b203aec69af6cfd2529baacdb6da2f2cc7fa60214eb80cc7f27
689afec0e3ec279a55406273,3924dfeb9d191b2f0f2c652ef2583b168925afd751bb427314a152c9276d64ea
6a1febd391996e05c0f94d88,eee6899b70a8b0a7491f37903fc27c1cec94a1b33347346257a94526f252a4e4
6a1fec7091996e05c0fc4d5b,acc25070a203fb7d512210053fc7cccb6d08c2db857187ef56b228fa9d1ef896
6a1feddf91996e05c003629a,2c8eda70703ff9cf81cd926132dc844b33350884bef1bf79716fedf877f3e27b
6a1fedf091996e05c003b671,067dd5dced54978ab60fcfce6bbf77877e177bab0fc7daf9741ff9b52a77e8ae
663a1a61b7e461e1e5130924,737dbd46088e65b7bbe134a0c99c81b7ec93ae53bd8715f9d6572ac19caa0c8a
687e2624e3ec279a55677dab,004a49c10157f4ab51727762ff10cd95157e1c5ee0204976964ae288d7048232
64afe44bcf21b2948d625270,6d0d8760afcd0b9187123f0a02ec17f2d69cdcc3c4a16f3065489a9fad062a53
61f954d9ee3b0993ead7c160,6e3766344e98c42adc3a3526f580697b0cde8651189360aea18c53aea70d594a
69d2071991996e05c0437feb,070bf66e8b8350dff6c7d94a1a2e5a4a9035366d61883f086a4d9a926e372d0a
6a1fed1991996e05c0ff7eb3,0f5dadfd0ac8c447a28de842e3acbf4e78f804c79e1f833dd9bd815d3df3cece
689aff33e3ec279a55417f81,6ac5ebd3b2abc682f27307fc884bf7aa01aa4c6500e20674bf0ebd6be824736a
62e8de4c7bee9c5d5aaf0992,803b2c2dd1aefcc36e900646dd8721dc3fe752fce1f13ca5e2a8633ad9e08a36
629911e753c65bae2e88a509,832dfcfc52533fd307824ab0fbfb0721199607963922d3173dae46dc5a0e114f
68d10960e3ec279a5585d8fd,93cda7f1a6f1bdc265878b7fbf0f166ed4104eed8a78ab97fc38220b62eb4910
6a1febe291996e05c0f99b52,508796c8403a6cee5abc050969887895f073207612947512ac76eba0ab47e1c5
65dc723acf21b2948d358698,559b8f4213fd39a68e381d93ce61c6c246733bfac73c388a63127f0b6b500c96
6a1fef4591996e05c00a2536,0b1dd397f2c24628e9aeb97dfa5270f9e4c3fc79c48a0c58bb8a2727caff0dc2
67efd98aab7e60756ea7b258,efac699d99520e1f85cf9cb4947c37018c679dca3dbd0cad1ecdb331a5d96678
6a1fed9b91996e05c00205ea,19b643ca7f87e2a553879ee2ca2605d29583e6df7e14a777c39ee533d42beb45
65df4297cf21b2948d5a1d63,512216042368c41ee4776ef52e5835b5e22e8faf21106c5e97391331794146f5
69e079f391996e05c0aadb2b,c59bef422d66657fd81ad879043ddb14d2fc2602e679a907a21f8121fa8a1205
69bd56fe91996e05c0758f96,415344dd0563ff3eb4ff87bd2f80d8a803ce95ac1b95fe3009ab75484254907f
68242a69ab7e60756ef70041,47cbf3b1d5c2d30f2a1aaa13780b0de4d76bd3b634323c839a1e90eb2c94fe93
63cae59f7bee9c5d5a77366c,033249f195fe66e19a38091c0860f79f247dd74b57e8650777588dea9b001c89
69f0908591996e05c084cd9b,4d1d6179389f4b079979dd7aac28db10330b6e403a52cc021b60277626136fd6
6a1fee3a91996e05c0052a09,9f13f25bd70f040da39674e9e6b2c83a6ebf1d2fb0c0be7c0182cfeecca27f68
6603ddf5cf21b2948d54b114,1c4da2cfdd2d06236dac8f6ff4d8371f73b59533b881713c398ef68bff503ea3
69d20a3391996e05c04d3f1e,bc1c7c1652bba909b209c91d8cfefafa21091ab9f41ed795a87001f776c0a074
6a5f2db291996e05c0ea2f45,988bd21d06bd82388dcfeb084cbd2893307a6fc86d23150e8980947245f1766e
6298ef4653c65bae2e77a8e2,3ca1b8404ee1951e02d5e9d9558b89b8040c69aa33a249ec28a642b0e570b079
6a1fee9a91996e05c006ea88,34a866e1e4b31eaf7b55f01bad97439497794a7861ce25f50b05817a1a3b0fe9
65dcb218cf21b2948dc9fef3,aaccc5537d85556829575e9bc3fdcd4defe6ee9f101672752d0aeb543a734aa5
6a1fec7891996e05c0fc73fe,6d057b5cfab5fe6940dcf37454220e81423fcb66427ff6264d27baf52abe2e6f
69bdcc0c91996e05c02e968e,60ef29d25baf793b81dfa0f9e56035ed6eef7ee194d5b28594d6d0ecdf84e060
6294dbd67bee9c5d5a6180a1,88d3340e4139eb81b8816e5ce54bfbf54a7175e696023fbdebd7a55de3b091f6
69bd704b91996e05c0c1d758,3a440ae6e4c10b7ab7cc0d425efce772ff8cc92d659860c5678f58eabf049b2e
6241b6897bee9c5d5a0bd0fc,9a89e68d0c7461f9fd61f5978a9247e1ed4c60b49011b736668e18f8ae5b718a
69bd69da91996e05c0b1adfd,9456b63ea8c78f339e0b9d4ea90440e866068f45e9d129ca6885ded2151dabb8
65df2003cf21b2948d050709,47f53c2b954e73fec8f26f513f9c6af4f09f58bd8b008a164ce89c0cf93325a2
67135c0eab7e60756e0653a4,cc9ace84b5eb3985b8914300875af5f1f60a215608c16ef3a0b9cb3106d8db75
6299038253c65bae2e830b0e,302f38e861015a8df9244c7abb12031d27d80d7033797b0778964beb7c732d4d
6a68b495a8ff762f0d5f3eaa,bd90b3320b5961af0969ebb3903fd28b9b548ff1df1a2fac95efbb07fb760cec
63caeadb7bee9c5d5a79a67e,75fed9f9d26e1dfb5daad4efeb074dc1b5d07e42ef97411d44caaed299da5e9a
629909cd53c65bae2e85a947,fc58d1beb849e4b9c5dd5b44d245f94c4577aa5e09ead8a602d0d83f42615b29
6a1ff03491996e05c00e89fd,93598928087a0d3d59aa74ffa344518ba07b789fac7b76e1ad263b02bc6d4839
6a1ff08091996e05c00fed71,b41ee840f12b327192a81e1e9963e07ebd9213a9c6a85e72a55a3a8b944ccb00
64afe4a7cf21b2948d634b1c,06afb7ae1dbfa32b745059ec746405be510e24fd77d03d939a96d09c710b22a3
6a2fdc9491996e05c06986dc,9bf254c46459711e58add79db5066c7c40439f57cf376e1cc553694c8d6281dd
689aff06e3ec279a55410cb0,b8cf8a0dfc669b2992238677bef7c15a7c849b1b3bdc88af5c4ac395b8015fee
6299098553c65bae2e8591d5,d026ef86a0b2652fb2a1ccfd0fbbbca4ffca1b673b05fe66a40d582ed0b85bf4
6697885aab7e60756eee42b2,a85569989b16ad010ff972dddc7976ca105a9bcb566e2b84e61efdcb303fd5dc
6a1ff01691996e05c00e046f,aa3fd7b06057b01a4937be6e99c3ad9081fb80708f23acdd0f0ec3516e860a08
64afe49ecf21b2948d63296b,34e863e4f566045ed513e65702fcef74c7bd1dab57bc792c793d4ea48faa1b03
6a1fec7591996e05c0fc68a4,b3b819788a9be15c8e5b1f2f13315fbd18594f44ea9a15370f11143b1a9a0ea0
6720d58cab7e60756e73f2ce,5367a68762552801e65a3a7c4a41fcc6aab9de4eb4a43e7c4606e806ffdd8270
6a1ff0b391996e05c010e8d5,db52f05b75c76d1849552d94bc5eb9580eddce576d2d22a353ebf46680c0cb46
6a1feddf91996e05c0036348,7daaac78af7b786b07868980c7c6cf95a9d64a9e1772c26bf701d4a902f69cf6
6a1fee3191996e05c004fb7f,adc619e63c1431c56519384ddbacd0e0f5b186c1a19ca940d4533f4b79416e4e
69d0175891996e05c054dde8,e52dbb7a3014abba6b0bfb0010034c91da499e90b3c5e3d24b82431792e8cf23
6a5f2b0191996e05c0e1bb3d,8058677364b6e606504b94feba431da8b1bff47f1e740fa9898b8fd7b3130394
69d021da91996e05c0604024,96a7ad8147d10226519d4935101324ed5f7e6ca7ae526722fb5664f82a056c62
671357d3ab7e60756efdb32a,2bdb9410ff5b897eacc2a24e78b53b71a682d44d5437fdf2ea7e0629ae99ae6e
65dc8414cf21b2948d5c29dc,a41eb41b5f28b298081813dd29de28825ea092123b09e2fde24e11efee97b332
65deef1bcf21b2948da14f46,ecfcd59a5e9283668d9034263269a845d1a51f40400e3acf845c598d077abbfa
63cad3247bee9c5d5a6ba7e9,776ecbe0af54d9cdebb501b354555b1fca1f4d9cca139cfb5e4cfb13955977bc
6a1febea91996e05c0f9c325,4d65767e7546230297152707ae50da3b8f9598db9967dfec31ab69e3715e3af4
67569adde3ec279a55272e11,979d36732707698df6ed138d3e5ecae8db04a29f7a6d6c79055bb7e611c5756d
6a1fecea91996e05c0fea37a,ccf0e6a74f19579dc0bfd13488c03995a16098b8f929d1b547eacad2524b1d13
6a1fee5591996e05c005b212,9e27e433df3d44c7bde53e43608882e414547760c1de26295a2c8d035799b103
671350c2ab7e60756ef2ab6e,7de4782d51e4ba9fb62d2d33957ec0c435d862a10933dcff2bb7b45c1637883d
68c90514e3ec279a55bbb08b,133ebf42616573f622848201043560294f283dd706b689ff624879cac1393d62
6298ed2053c65bae2e7600de,6ed02a57ff1cd5201de1ef72c74bf03b083022b235c109d0a131b61c4012d811
6a5f33df91996e05c0fd8424,28671a6fce9270c7d2ea5fba0064c811fd1cab5c05e2fa8e6799f534ce990f29
69f08f3991996e05c0810531,91d02b9f9997687a15b763b132d5f4e9dc5dae9e5398c7fa055307a1f51ffa84
67ea3a33ab7e60756e9b166b,6608c4d01ae6fb1f766ab4d2ac3d36e91f22a016cfefc11f67bc518816e5ef5a
628f470d7bee9c5d5a897d0c,f44d03280981baa7aa15ddcad92578129bc1f291a523f293fdc4582a004282f8
65df2e0acf21b2948d25617a,fd6060621b768d499b931794ed08c56de79b753207651b68bbb02ac80e331b67
62e8eb6c7bee9c5d5ac1dad3,f281e069669378d03cc0195c10c58f099294c07e60463cdab8e8ad3c6f58b5f0
68e656dde3ec279a552776f4,ecc1a93786fc5d8704ad28329f4b84dd2e6f20d9e84134ebfc4bf599e5f8cb7c
6298f61253c65bae2e7bfd49,8f9c993e66228c4fe06d2f1626762f88d218b31b0e2fdedb2b0616d2c6e99282
6a1fefa191996e05c00bcd04,f8a84aa617c8584fe5bb70be7cd4dfdbd0a7c3cebcfd9115ed77d801461a3c8c
6298e21253c65bae2e6da135,df07a6581c3f1e2fcc127a1ef1ccefeaf1d9ff85bbe2e040ac83fd6240a6f20e
62b17b6d53c65bae2e296604,fe818265bcdc8b131e85862b4f8c935d1703e43bde14847bf48bf4e9d72769f4
6a5f2e9f91996e05c0ed2893,f2e8dc7913137a4622a17b1e05084d7a5c22ef0bb48fcbaeb102a9ead84bf48c
64afe4b0cf21b2948d639826,6c4061bc2979873aa1282b5e50b50aa15fb4e33550202b1d167ed3a05807d5b5
6a1fef8091996e05c00b32f2,d6994be766dd402d89c982f994fa945ca5b16e35decd5ab7aa710ac0b123bd94
6a1fee4b91996e05c00580b8,a38092266f063e15ccff2a271f28310dc082ddbbc3c25012fff7aef92a2a3dd2
6805f42eab7e60756e2563bd,2528378017b6a879554cabbfe0c1dc41baa7c881074c149843376155c717dade
6a1feccb91996e05c0fe1163,04990a036b3189de411d6e4c9d890f4646a4f61d327a619f8609f51284046c1c
65dcaaf2cf21b2948dba395c,72fe3441e177dce24fe9fe3e81a39677cc89e44723df6c77a6bdb2aaba2f00f9
6a1fee9591996e05c006d395,b1ebe4a45e62069a5e2a843e3935e4cc649a3191da14018d9fa3e6f962b4de30
64afe3f0cf21b2948d616d27,75014939624da0f7a389404305958d44560f93b97115992831ccefed372edac4
6a1fedb191996e05c00278f6,3f47c9f2d7e9159d9c845c7f7878a27bd79df65261ccedec7f7353e6468184e0
65df2658cf21b2948d13cc00,b84754379fd980035698fa6c864e9718a14428154fb4b6f3b23c9c8c4d520855
6a1feeb991996e05c00789d8,ed6a562bd78b6f0dc929c9627c47a5476f4874acba1dd856a62f9adab7cc1524
624c38d07bee9c5d5a49efed,3331590a5527324183a81fe775935b01c36b4a9164c7031dfca8228a2ca8bcd4
65df45bfcf21b2948d6244b4,aa4432274ea14c01d2d913150b88a51c020e0fc8a1b16800ff08a38b912f7e95
6a1feec591996e05c007c003,464a0d1c8c7d3ea7c3bbd5084687eb60ec514031a92bbcc148cdd970fb99472b
65df2470cf21b2948d0fd438,340d0d5b7fdcfdbb7b83334ca75c4da2681b7ccac0ff5cf5618dc2d2c8a4feb0
6a1febb491996e05c0f8aa52,d7102567f175baf2da9cc504656850464657bd952c8f1f84a1cb08d84eb42f29
69bd6d4b91996e05c0ba7674,0ef7a9308bbc6aba5b224a56177ad516e6594f6b33b4d9ded9fa147a4b0c18f4
63c24ef67bee9c5d5aa389bd,bd1e04c83b85d7a1782aa4c0bb4516aa0336384454cec502b597730702e5b50a
6a1fed5291996e05c0008f8b,3717b6257707e9fc0eb175b5246df024f248cb2e2fc8d33a62044171e36ae84c
6294dbf57bee9c5d5a61a1d7,6f0b5cd84d8303dd42f1391f02d171ef566ac835e24093a2acae6492040b62c1
6a1feaa391996e05c0f3204e,268aa47a4b379888498129b0208350d7266eed431b7aa6aa6604dd8c929ac2aa
628f42537bee9c5d5a858856,3e7d8732ee91f96275c0f86980e6e6486ce366cf20a6d2c709f47d164fa28e46
69e0790791996e05c0a7c0c4,076c84d397c10a9741f7a1cbe6536502ce660efe97422adcc4c8667d7a9cc7a7
61c99aa6813bb28a90e1f637,9eeda81f50c8d933dd3e6445b37191e6d6acdbc56c5d9e1e22e742844b0f612b
6228390b7bee9c5d5a9babd0,bc09d51c4454c72fe5b1e7d1ffcc4f1726a53ede086b8cc1271e82f7e654216f
65df3ce0cf21b2948d4b71be,58eda1cd49b0df7639dc4adce16c74d97ffd60ebbd2d4ba958984d9ed27eab15
64afe558cf21b2948d663c66,836cefd8c1636b40fa6b3991d43504324dd9abae7ecd6c50e1f858d9942ccedb
6a1fede191996e05c0036b7e,ead04878ee33944fa9ce219decba884d4c53a74bf12019f6d9327a52d5c39019
6a1ff04491996e05c00ed726,c5a8636bdf816a1e2c13f80a398f85a48f5dff6d3470606ae7ace9ff5ed791fc
6a1fef2491996e05c0099412,9b43d3f041667bd170229a3a210a0d88906d2bc3eb5e20a5aabdd42bcecc516e
6a1fee4991996e05c00573ab,3f2be9d42d01526800464194fc81f93c480e54cda609e7e243c348ff2915a60b
68527ad9ab7e60756ef82589,f7b1ca2c06ad8d9633b7f1d3707aea15fee2f799df9ce776e9690c75748d3778
613eeebdee3b0993ea956c2b,30f2ea84e89cd7ac277de800307a3ee842007acffbf6a71fabb1b1d408490e20
671350aaab7e60756ef261bd,1c6a58c62e56c77ad8acead16cf57d432f4986e81f63380082cbf0f6e45045b6
6874ea0ae3ec279a55e58c52,85f27742cc1011d66286090231ba808ab2dfc5823b4056649339eafb8a969072
6a1fef0b91996e05c009213c,06baec3e380d5cd9694ed77112df30ede572c9eb6a4a24c206981c6d23196934
6a5f2be491996e05c0e49ec5,e021bc705ceee02634993635bc1782535929849576782156a0c662ecc581c726
65687fa18c12ebd66f14a640,3e3d73089e99bb7474fae4ca9c74305b29129085db07b2fdac6c8424c7c09caa
68becdf9e3ec279a558b1ccf,17f8d324df8e4f04d88c038be38a3ebf41c50b2b109e63b752d5483ed909e0f5
69d2072691996e05c043a413,972f32f82fb0e5415af4f031312680826e02455d69370b29b47d5d7e0da21a11
6a5f2b4791996e05c0e2ae62,98cfca701d211bc159540957742637459448c7e8041ce4b6034eca09bd58e2fe
6a5f2ef291996e05c0ee318b,2362e8775c1c280cb24f70a609918b59f6f9f8264cec6b975e608b547424d4a7
6a674be2a8ff762f0dc4ad7f,b8cfb1c08bef97c71c1d58ecf37a8f61ee3b6a8d678960f47014b3a2732aa6e5
6a1fee2891996e05c004d2fc,0640fa38631b273c428610fb224153360fae341bc6240ed47689db2c96e8975a
6a1fee6d91996e05c0061cf5,9b023165971660d5dce140825ce7c1e6f1d19b00f5b09d3bf82f819f80f4e971
69bdb57691996e05c0230ada,fc479b3d6713b233afbfb1459de15f1c0e5ea4393d8a36f754db8038421427e6
65df1ff2cf21b2948d04dae8,425aee66d6464a599c2a3a05e343331ee3b2e86aee1f868cd1261cddfb6c1778
6a1feba591996e05c0f86835,c30f6b3ac8ed8a7678ac6b5f62d3e3ffb3949b2d13755b725bee503719235fb8
67135863ab7e60756eff9a74,09eb5b6cf443a5d66796dac16886fda7f919d365ed3a36ef58703c70ee0d0894
6630d9498c12ebd66f7f4118,8e3453296784009665e337bae17985291bb4682bf83e1fcd70a154fa28f8c94b
689616ffe3ec279a5567f15c,7eadbbbd63f0e1107054992b6332ec35d3a28c4890c38c921f7007b1f3b8c559
68db700ce3ec279a55b30dd1,860209be893aac5f8778abfc6e2ff983b3110a6e368116356aa00a35b03b2ef7
6a1fee5391996e05c005a724,833cb788d0b18d41885b3cd694f730ba154ec9ab899a91894c28f8dce66a2cff
6a1fef4891996e05c00a318e,b0fc430f1e173193e120614b12462b9cc54aeab40b1684cc4595fd21f5595cb9
69cffda391996e05c02cf446,3cb1486793f7fdaa8f2871775d2a70fa6098a3daa93898721759e31afc033b5d
6a1ff02191996e05c00e3014,098a212abaff726894ec72966833a346efa39e92d2eb721cf8928322bc4e9704
628f3b057bee9c5d5a7ff314,f097fce00514a61ba564fd3960ddd0541c0b2ff37afb97af1ca4df4bacd48a8e
62991c8653c65bae2e8c1dde,58c10a6c2a51da40869d0dc6c0e8b3bcc9b6380ef1a354b55efd4277cc83be37
624c147c7bee9c5d5a30e0b3,e057455e9c296e50eec0f2bd040c644ae948840c6374d3815176939f5500b019
6226f7c37bee9c5d5a214f6c,e8daa2ce5fa93ea41f0a2003c55637c8c557c182515bbff3c7613ba126a0e5fa
64afe44bcf21b2948d625483,b6c44c3410dc64c9fd996f6135f0ebac425cd625ad50193a114d931dffa82f6b
69d0b4a791996e05c07c2c46,7c936548c9bc8f0349b834b5c1d402bc51d5d822594a96ea53910e1322f8e829
65dc7f0acf21b2948d50c72d,ec9501023b00f6185fcaad84479d6e380d92d312acc947fbee828192ff0f1074
67ea3010ab7e60756e8857e0,0a8d08a4678e16a2002abb8633990c0867a061c181494deeea9d8fcc124f3ad8
6a1fef7191996e05c00af288,2b7dba5ebf6af48724345c48a64a49cfee81850cfde2020c23fd93264681b279
69d013c991996e05c0516789,fd5614ef9d77e6448455b429712a981b57c45176e3ab71503957ab44f4fc9249
6a1fee7b91996e05c0065a84,3e76c708e8d9b0792dc539362c0b52e084cf44c0598123bc69fbeb4c4f421cc9
660a8bcfcf21b2948db35694,99e215a8cfee09f7a3cc8207c71fe01b36968bc64996ee414706e84cea5d9b8b
65dc604dcf21b2948d0fae19,44148b1853f27d804c37c62d6235552346dd7381cb2fb8ea5bf2186b2a455cd9
65df4b3acf21b2948d6f9bc5,494e5ffcb87a413279195fd5174d74123e1ade4979d629647b0972f427031e89
6298ddbc53c65bae2e68eb52,a52f6e753462d632cbfa07e36f72f2cd512093175770079a71fba5a21104adde
660a87e8cf21b2948dab0875,5256218b50f686b72d06bd6975bd403d91da7042fbfdeb5cd90041213277ee99
69d2087591996e05c0477f82,a8ca876842c8d21e0e2ec7b17868565b88f75bfde28a6fdc7232f7b37494e688
6a5f34c291996e05c0001c05,596254f2451cc11eff5db28c114b51d2c6b392e15976dc9c84b3d3102ff0200e
6a1ff09f91996e05c010811e,f3acd489ccc068d2d807e5e1a3ae605efb1e6412c591d4ee8067066e1919081d
65dc9600cf21b2948d85f1c2,b79bd2b3b3da8e288ef7e0ed886b2efd511903da9fd89b21c2edcd1973b09bca
6a1feda091996e05c002251d,0127fab28e37a900fc45650a6acdbab6fa5267ee07c96924910346a61e9a9bdf
6294de937bee9c5d5a640d43,3dd919cff5a879cdd74505b6d52ff5ad59fd10bdef3f17d0f94bde7ab6fbbbb8
68c90608e3ec279a55be16cd,8e4bb5d18c1be0d4288c6aaa94c2cf3253be8d2395e898f0cd8577522c81fa27
5f06f4b64b61bb08c2f321ce,005d9a1ee505797af4e634b233351749da16878662ea18c394b346945988f1a4
628f49907bee9c5d5a8bb77d,dec656c9cafa71423b760831ae68e2dcaef24bb473e04b35c2aa7a95b4ac1ee8
69bdb7cf91996e05c0244f96,33a2b4734110cdb562d577bbc2d5f8f7bd3d393b4c000b223abef18e765d8f22
628f4b9f7bee9c5d5a8d65b7,69dda2fbeebf53d88fc21c7b875bf0cfd4d80adb25333bcb0c1126e8aa7fda43
68db7025e3ec279a55b35064,1a03faf6144fdcb6b2360a0f2eb8eb916f7b3a3e4b286103aaa35f81b31abbef
67ea31c7ab7e60756e8b56fa,75b4feded82ad3f73bd25304f21b5da3cbc17465e5b925460324be8b824fe45f
65dc7a63cf21b2948d465cc3,fcd39686e19327996f5a641e0fd69a698c175c5f9e8597dc7c50c143881a1650
6a1ff08e91996e05c0102cd9,fa6473d8f8c1d1ec4ba32d426596d8006bc3d418a9f71d858865b0abd5406665
6a1df1a791996e05c00fbc6c,f7391c23c04e12d58d7bd4c2ab7f31a7d5d63a30ecf063e2dfe5f9f47a0ade7d
6a1fec5e91996e05c0fbfa05,697c69a795a4854bb35582f6722699762b9bbff7fa34be2d1b09e16565991540
64afe4aacf21b2948d635d9e,b21293ec0b6a538af1a6bdd278b1df7dfd672adc7bd9f42d173632b686cdcd06
6065a586d5cc3545908bf0ac,8aaf20f5d2e3b6b4654388e89a9d7cd279bee234a1ddd1d66d69ce436fe57c34
6672bd4aab7e60756e1eb3a4,1a91f081362c3b0dd83e335b45b74733c903d4bafb72a1f7e18094b04b8510b1
6672bda7ab7e60756e1f3d1a,2b2bbca7ad55b8e16fbde851fcd37639f28eba17f30838ef4451a0784eb57248
67ea3820ab7e60756e96dc22,733ffcd1103fef60c1ee47f415787afe55ae45fce7587e8b2a3ede7d64cbf583
6a1fec2f91996e05c0fb1bfa,d78dd6120067ca8a22e66e3a1dd2449f2230244d4947ad519b61d33762de0bbb
6a1ff05d91996e05c00f4a5b,c14b1a782b20d71b3f3c76204a12b948508b1c5092c04e9a27f1904820d698df
6a1fed7191996e05c0012f73,66e2659e43e527e6fa57ded193648a4cc41e00e57b1646dff840d5b015b7ee1f
6a1fef2f91996e05c009c41f,0da00144a94179904635d676993df2968bed4660f5711f25039aec6bf7fa64d6
67ea2708ab7e60756e78f270,c152e3cc49133f6e45e1aaa646c14843de0d850eafa8f9e96c0171507d113cb8
64afe4abcf21b2948d6368d5,92821c99b5ae4a98652561eb14be63b832aa897fbbd2df3fb75dffd1cba590a9
6a2d3ef591996e05c0502250,4a6ade13b972e482a09b575114a2b1d829bab078d7c3f4991e2ffde14f26eb2b
65dcac5acf21b2948dbd7afc,fbf14b326e2af65c84979403ae4bda476fa5112098a6f02d60a5fcb68ff799ab
6a1fed8a91996e05c001b16e,31d02160adc5b7e7a45c1080641e9a085c8ba0cdd10d0f4a22086390366c44ed
6298f86953c65bae2e7d5617,a4f6b6d3cababf1981b5f13a151a00d0911fa12da417bb7dbcc52cf9f89c5a75
6a5f2cc891996e05c0e75ce0,4be28a02a6ae3efd85a080e83dc4469a2142cf7c8e335074c3841c7a54643e04
6a1fefef91996e05c00d48e6,8551452981553455b6083532ad8f0131154f2455f83081a8d651f44363ed5aaa
63cad6947bee9c5d5a6e442b,bb769084df636f8906686382338eb9f3c8609c33418113e5b118143a25e8f3f1
69e0c6d091996e05c08a9d91,99fea24edf13b54f178dcbf801bd5356b8d58ca5d920f53e714233aee6c2f5a7
64afe54fcf21b2948d66085d,d3d3c9d2f1ae77691e329877b5703e9ab7bd09f04e753412815c578e784f3f8b
6603dd28cf21b2948d52bca9,cfa8da06556186cd261fd9ff666b98dbd7102682f4243b3fd39eb5d2014f5802
6a1fecb691996e05c0fda514,1f1e49f62863a53da5201fcef46b78c623656986c70ea7450a1190bfbc2f819d
680609d8ab7e60756e51ee5d,d7a50b924c04580f57d67bcb61e4ba7b79fc81f3e29116c39a89334547a184cc
69dfa7ee91996e05c086b786,fe6306014014b4f638f97e7f6f5cd0b14f3dfe6a172325caf97d3e3bd8748b6d
65dc777ecf21b2948d4076ba,1f08dbd9656b8e45c7a901f7d53c302d914a60189a48d4a992032f8953cf6718
67f11800ab7e60756edbd318,f495dc6ade213230778693590918812235da298aa88f7e7a415574f8f50130e7
6298cc5953c65bae2e59158d,659a060d1863107093375d5aa07fa6d1bdfdf29cf716254f89677f7cd41e7d50
6a1febcb91996e05c0f92541,c80a51cfc8c807ce7217a7578c74fd122c73faf079530faa891ea370b838f0ea
6a1fee0291996e05c00411f3,0011128da5fd322e7672a9d38890c2ac742b28bd15e32dbce26431045066ee82
6a1fedbe91996e05c002c117,29766b22f5353bbfcb8716301d343caa4370ac13039ffe997892630d546b6845
6a1fef1a91996e05c00969b5,b018368f50397b6ee1a1c7b92dfbd45bcd2bce23d7b916f659053b9f707f7bde
6a1fee7c91996e05c0065fa7,f7e7a34b05a58f6fc69ebfe1bd67c54bfa4ea55d86560c9d4d7c5fea978789d7
6835b397ab7e60756eadcb30,ec64b11cc934db38b7f9403378abb1eb4f0814d6236fdd6883349e7ccd7d8345
6a1de32291996e05c0004b26,ee0335eea2fadea70a5ece3afbeb230ea4d1b7cf8a564e681a4e339fa8b89f7a
6a1fecce91996e05c0fe2160,9c58d5936d110e0977b7c13977db26212e5a43f9b089c92b8e9dee8fc14f42d9
6a1feb5091996e05c0f69d84,fd6fe7b615134e5524ca5a1046072651edaa22b72f98d80615c5cc8292bdf341
65dc6807cf21b2948d209f31,c9e6049721f132df7a4f957cd7a1c55f1aefc588c7fa3d9d4747627dff6ee2c2
6298e24253c65bae2e6dd0f1,7f6d06de25cccf7b4cf9a71a8c8b1832a3ff8be3dbc369ccc8e3314f29c8f3a4
67135bf4ab7e60756e05f497,abab2853130eaa6021ab2ae49c998227a394c106df3133ac1ce58142b7474147
6a1fef8391996e05c00b4372,d4ac3f0da063a9ebce57b3471446c30bb3f71a385e56486aa92307c12ed38b81
6a1feacb91996e05c0f3eee8,bfe9bd8bae3e8c8e46773e2d0cc13da3f45c034aaff1acfb5fa850dca0018417
67ea3807ab7e60756e96aca8,715ae8d9f30af4900278b7ad91d0a2f2eb52776a56b80710ae29aa68464533b0
6a1feec291996e05c007b44e,c1e9636cacce8ce2c9ff1bcaafd4b1fbadbcd98017dc877c63e9e9ecf84eb538
65df414fcf21b2948d56b7c0,9ad05b241c6472fccc54af217b0f1ae6f5722e0e403d0d9cebb02e3a8797cbef
6a6c6814a8ff762f0d410c39,4403ebc75f546bc1922abc1b7e831b0e51b77cb70cf63e8c60046453e6b2bdd6
628260067bee9c5d5afb197a,ff67281bacffcb8bef4bc625f5880340c22fbcff968d506685e4d9a45cb15977
65dcb130cf21b2948dc82033,7cbc862b41ab0fc3cf74b178b8a1bb1c825646fd6338c517a9cf55b942d45c51
622051987bee9c5d5adcfbea,1f41ba0eb9df75d3a2f888406a6d3ca305ff6d9a38a99f7c01a8e634c58ca1f3
6a1feb2c91996e05c0f5d91e,a17c552d2eb25e2352158d8e1f13fe41c3a9ac67cd785155879299d37236837f
5f62db78146a9f17ffb0a917,bd1e807d072279518612cc1173f89eb6857532fca27cec978e4234e1e5823c67
66978918ab7e60756eef351e,de37749c1423c39a16215cc9a4edfb5f2f959b958ed1e65b2e7c7c03eef7a116
6a5f27eb91996e05c0d732dd,8d79d9af3c6fa50f0b924eb6f5d05c2aaf29d4a6ee89e612f313a0ad9f5b6fa0
67135841ab7e60756eff1db5,04ad7941721c8a7c2c27e99d2f88e5387a75f1c20df0063cba0b74e8c291f42a
68c7ed14e3ec279a556d82d1,f458156c6ab367b61fef3149bdbbfabfa9f330f4819079c7c5d84ec595b71394
6a1fed6291996e05c000dd7a,4101dcd48ad3eacafac215eb7d6a2dc780ae6e9f451de4f78d0aefbd46145056
67134f4bab7e60756eefb3d0,afe7cfe477c5586a0d03ae5d852f05a88532d3ddc6f5527c6e5d9a0f30b6a378
5fff333c7e23857eeae8c60e,4c414f32ce0b705c8c9afc79b3d0c1da425a9470db2164e707577988365965d4
6a1fef9d91996e05c00bb9e1,085a93a2ec67686b316c55f194f8c5be0787ec0da6db9351e1881e4b3a91d29f
69f0903291996e05c083ed89,3a0534f48e681f0c0e6e32d20f8fc1868277cb4ee45b18d17e5021c7f9168d35
6a1ff0b091996e05c010db17,9750515784e6f5400df6c171e6b933b9837b8b509a91702d974c6e3de6668478
65df3a2acf21b2948d445400,291ad935102010f1c07d5519fe10c1b004af0ba81460c7ffe66c6c6f87251187
63cad68c7bee9c5d5a6e3cca,fe3d3bf10c4b0d8703f705e13571a260dc3b58486fb578948d867613ec603fdd
65dc99c0cf21b2948d8e9d03,dd645b5d243150ffb58240f1dd24f229f8ad177a01f818d7236f9b741f0e5a6c
65dcad84cf21b2948dc069ab,c615a9cc197c59156d93161c802de182198224e2f2e8918bfdcdaa87bfeeb5f6
67ea37bfab7e60756e961afa,003dd8b55b1723b4efaac17ebdb19d9cc25daf42be902c05181ac11fe6f49303
64afe4b2cf21b2948d63b235,c1334ba2b16db661355f3d40f166df04c9286438be050be1520d4b34c517386d
6a1feec391996e05c007b76a,33d09f325e21c240a556339994fb5342b145b2c1d0208540cc96d5482bf09296
68db6ff5e3ec279a55b2d4ad,6110c48068319984ceb06459d001763f13e15019edcddd35177bef9a670ebd2f
626bef4f7bee9c5d5ab5b77e,43bfb7ab9a7b14925fe7e4f22b5301e02b4ccf850548bb7534b3e1956bf64282
67f115f0ab7e60756ed8767d,8efe46ac9d020d3caaa0364dca56b6d278020d2b132463b896a2252e71362537
6a1feb7191996e05c0f74fc4,3539aa816d8761b53bd2a99996c3ae522280fd9556984ca03ea7d8148fc1b131
661fd958cf21b2948d873d60,ace3b287e3193aa12d8b16385547597ca517dc16ace7c48741200ef3feb29ebe
6a1feb9391996e05c0f8042a,480601effaecf146ee36b4f8b5fc76eeaedb53c76949e3d2d8cd38cdaaff96b7
6a1feb3f91996e05c0f647b1,b8835b04f4eb40281d875f8d19b48f3bbd7b11f40c613bff8f834cef7861aeec
69b411ed91996e05c0174446,ec317dd4e13f0f71417132e43393b7c320a4d1daebbea497b4dad5a5931377a5
6a5f325191996e05c0f86f41,d7527dc2a52130c3a804b02d46439db630565e860b167e3f3ac424a77a6e889d
6a1fe99891996e05c0ed68f3,ffd36346dd8e7f9574ee1dfaadae0a6c7ea079af6de7989e8f38a67c5ef632f6
6a1febd891996e05c0f9692c,6545711d007dddcf2f15c44281b469c3d373e111f6e404b391a25b7587c0afa0
69bd711391996e05c0c3dcc7,35d90a3a3619eee1ff12df94e7bd1aa7b7b7762c0215138a06e16479fd5aa928
65dc8c79cf21b2948d6fcf46,3d375f1a8edc4d9a855d37ff1e84a482ccd5d714cb7d98d8ae7cd3b4edf741cb
6299233e53c65bae2e8dd7ff,f64a523a6d96606b9a86ffc5c05324f779406d1e9b43a705c64c02c207a28fc0
6a1fedc391996e05c002d759,18c00fe63a8a846af73eb3cd675b196339a0669268af3fd9cb9caa33a1f6e173
67135987ab7e60756e01fcdf,57fe6e56e1d63e0f424c5567b07ff5c5893b98bc248ac144036a594454d35e1e
65dc8cc9cf21b2948d707cc5,cbcacb93bc244aa0390f23b4c944aecff1fdf05d17a485ae0fd14042e13f5304
6a1fee1d91996e05c0049d50,5095515f44acf573493e65b5971f3bf910781492ffd6fe9b233d966c796c4df9
67135c14ab7e60756e0668c6,a59b050c092ec26e6df586728502e2ce56e819dc0c8eaa04e8baeff12b6bf2dd
6a5e1e7091996e05c0a3d5a9,f8d29bc46344bdc92e7046201c5b448582f7397935a0c651cb058964f994b3fd
6298e2f753c65bae2e6e66db,bdc913f534913c516db08deb3e59232776870a1cc6870d101a5a1c48fd215b69
671350c8ab7e60756ef2c013,8a88a5f84c002b95c5fc9c14d9b1e90f411d13166a7eec51779522eb4f94ee5b
6a1feef391996e05c0089f01,037400dc3b1a59cadeddc2e2e0c69aecc0c2015cfb1ea997642ca158d278b96a
68242aeaab7e60756ef80dab,15a3f09fd72c4366957822d55992051098e31e57a0d65b5c5012a56ce3dd0df0
69bdc47e91996e05c02aeb5f,7c2b587282db974c05efd5c1b4eb02a8d7045c33fa6acb84fb18e9bd5a543afc
67fdf668ab7e60756ebc68b7,6f9c13dd52f5b97888852c40cbd4b3781a3acaa732032a1dbb38c7e54211cedb
65df3c76cf21b2948d4a51e2,c5bede04949ec116d31c545f3eef0ad9e3f03a18c6e04b4e5405a2fec9de824f
67ea2adfab7e60756e7f2946,49bc963aa9db7b5f9a2b7519daa1f13a6ca73d2dc1e7d74c0853fa3c92c02b80
6a1fef0191996e05c008ea9a,b401cce918d81c11c6e25d63b94c5e47df2eed557bbd14fef80b383f109c4a18
6a1fef7691996e05c00b089b,938ea3b9197e05f58df8c9e55da7e933fcf0b7813e8ea31b4715bfb394afae32
69d0204991996e05c05ede77,6ccac20ba5dc7d3ad6c188da960a391ffb2a5e1d0727684668b6eef6d807430a
65dc9574cf21b2948d849f55,6081bbb91bebeaafe7117121b5bb61cc3146688f8909a6bcba89bc4ff62253d8
67f11560ab7e60756ed79227,8f85f972977a6a92c28820756f1ff8e4dfc4c5b18a1d2883b973ebadc48a0bc7
69d0b49291996e05c07bd217,c1c3d2c042f2070a79d10d4bc3d3b28d2ffb118126cb9bfece59241038e63693
6a1ff04d91996e05c00efcf6,67e21b4debc40c3414c67b82a2445c9fda7dd591e60e79f4db6a5bd4fb84c9d7
6229ea207bee9c5d5a4885be,050f0d4192e22300f6401f6091144cca4163e5c63361a9f2ce1c1f4abec77f05
6a2fd75b91996e05c05c04ac,2f68c79cb599a23bf4d30a3d4aa6938a4faa06f7f177cf4b42db78dffa5c50a5
68527af2ab7e60756ef85ab2,e32c846d166279cf21bb34424387826df259e627eabad0a1499686f18e1f1771
6298f1b253c65bae2e795c12,963ed408ff78135b3560f1cd28703a4e142b41d77b30b1317e3d08181993aaad
6a1fed7591996e05c0014444,de0a9019219f6719818381200938dbc5970eae4ee6642f250e5568d32f520427
6a1feeb491996e05c0076fc1,e0c44f751c6a12b64b5e2745bc8d9f5f9f1e3354dda8dba3ddc2067c55d0d0d1
67ee8636ab7e60756edd8cf5,b3d7993a7ebe0a750c709123205f69f555e943693c30789c3189aab37c775ef6
61979300813bb28a90284094,415d63a3a8e042d4f32f3b48c940fdad916fb0f3574af44c1566e38b424c4d09
624fe4167bee9c5d5ae64bda,10d2ee4a856d7cfa856e85128189d8a303d7df38a5abbb519bbbb8c5834c29c2
622cebad7bee9c5d5a505af6,8f101854954fa20222ccc8d0b06e88a33014b309e850bbe9b38f39bf4f7882b9
69d0bd1c91996e05c09c9047,1ab727ef661330dc235a73ceb2454daef870ba9a3eed76bc00b3b423a348afcc
629903dc53c65bae2e8338a4,089382eb41f8904a28463821a245a4933e1610c0a4b396f7a34774cf7f03342e
6a1fec0891996e05c0fa5c88,54d64333a7fc0d1806587a60853a5ab1e949c5ed39b83dde74d45a3744bf8d72
6a1fed7491996e05c0013df4,0515dc18902c820620eda3b264617efe41868e2d76dc11fa5685aa5d6f7f07d6
6066d640d5cc354590ae72cd,672691e4ee976cf4606d3caea1e1869263b2c69385cc99b295b2102771b2dff6
671350ddab7e60756ef307b0,a381a253aed877a77fe3de429a273a4b00df1ebd3b7816d913515eb35fdeada9
65dc6e1ecf21b2948d2d7b2b,381d2fa8152ddeac4bd2d2e313e07515c00c7c163e0c4636586a5082c67f6ea3
6294d8537bee9c5d5a5dfcfa,eca1b0d15a09af0649cd0ecefee522417ebc6761ad1dc5d4a239ae5ebdf3a80a
6874ea7ee3ec279a55e65040,c2e4725ec895140ca764c8d7a04a48425421af9df4da21b2ddbedb9674602e48
69e6114591996e05c0b467ce,ce52528564a951ad46a4cda5617a1cb7b340c6348d88e8335e83d712674ec7f6
63cb20d77bee9c5d5a8c4cd5,d64e45f59ddf94af1d43d81d694c1a5945758634529ab8e6c011161730f858ff
6a1fee5891996e05c005bed5,0cfe692b482e64b6f0151c4d250b90cb8ab926b558f2ffbea03b4f0a8477a88d
6a1ff00a91996e05c00dc911,3074f957002b284fde30229e3ac74c1422fc52f7c92aae4525c95d218cb5bf65
65dcb089cf21b2948dc6da57,f0503fb95b7371890eeda0cff671bdf022cf81a53a58b981504e4d810e9a3763
6a1feca891996e05c0fd681d,108bc4162eb3b80f01ad8dfa53e0ab5883979eeb9583afdde920360cb2e9644c
6a1ff03891996e05c00ea0ef,9a26c21e5ce605f2ac1933b796c5806a7224a847362e5cadf61ebe1a43c115a9
6114d1c2ee3b0993eabbfeeb,389829e4be7cf688dbacfd5d4a509e29b39ee0fa37ed5f37a5b0964325643b9a
6a1fed2e91996e05c0ffe3e8,3213f606e71256b6e2da4d2eec784063f3cae36136e01b85f12edf8910e7b018
6a1fec5b91996e05c0fbf016,5b3977f1a8f36070b689fab4144269e5c469cd52e4abd4ba06e80db940f4554d
6298e86653c65bae2e729215,1459ee33f4bf4c34716713dc23bf078390a36b303a70915fc0f6c1f8aee87fa9
6874ea61e3ec279a55e61683,4b29d5134f7c3af69d33996ecf7deb06240ae851a54c1cc633d75e5deff6944b
65df2133cf21b2948d07c0c8,d216f7d6941b5933152c052209857526dd18263fb57661d247ebd953c508d127
6294d2447bee9c5d5a561d1c,cc260af381fcb0104a089dde9d8f7d12b40c529db62c218462ad3bf0ea568974
6a1fed7d91996e05c0016e03,1b9bc935a02860c1963ce502ebe06ef1d19e309e79b41d9d22b8a3a7daddae75
64afe3a9cf21b2948d60b7b3,958ad61a69f7d4aaf75f9cffdd943f480799cfb3a225f8cb141f2c54758e4e61
6a5f326091996e05c0f897ce,d9d1c9442650f9dfe8d68d90950731dc18742e443a4bf8765cd2be7eed0e3538
67ea395cab7e60756e995783,35bf77b96a4212832286e6f42c7ff27e9fd622d4dabcb0fb2ba929e803493f68
67ea38edab7e60756e9867cb,427b7da0d2a37d2804eceb5f28095d83880dae5925587214dcb7de3b91ae3769
6a1fef4491996e05c00a1de6,a6752850595793ea6575cc0ed2d2751f9cf21f3a324ddf96b73179167c375c6b
6891d970e3ec279a5586486e,04f02bef73ec102edd15f33b7d56ffa2ab80ae6da9d18efb0adc28361937b7df
628cf5457bee9c5d5a63387e,3d29e8a268c3c65b045cddaee6aeea8e1896fa46a254915e6c85d3483c950533
6a1fec7091996e05c0fc4f06,5e83dfde9222e8180699862f9aa7fb860f2525443129cc8bdc827789ae6bd615
6a1fefa691996e05c00be0de,470ea205889c77973084d0c555081014638b069e70c67684eb8d52df88b19a84
6a1fe9c591996e05c0ee63e1,9e376db661a0c5e0617dd3ccb4f78d3fa83acb30c8adcc73d0c3c6c5fd885e57
624c04ce7bee9c5d5a23d259,d36683345a7f312842879e7a7338dd5e70ab149fcea6764a255ccc3dbf00f9f4
6298f69453c65bae2e7c44f6,f6b1245040ce2f64747f95e247cb0cc410bf9f0dd05bb3d85036058f5e2457e1
6a1fefbf91996e05c00c5e3e,0bef2165ec24f1f7f6581840fc2a92e59e55b694f9135aa8daae8c10263f6783
6241522d7bee9c5d5ad7a579,f44a6f5eba3d49c222a99ad87acf4e2e878ec932af870f04ccaedd626c167ae6
682d7d9eab7e60756e794b67,5fb373481f1f6f702b5fa6b9e7835294c5bd469fc1a1524e368fe917134c8817
64afe49acf21b2948d631d6d,21539576c05d9a8a490707bba0d8d24d4d1850f82e8e92090fe8350c045dbb54
6a5f34e491996e05c000950a,631f5c8dcb965292a03820111d5a5557d000b40f79195eaadcc8aae6ee17a9f9
69dfa0b991996e05c072dc53,467b9ea9e49d6c230dd359046d8f7e3fcce1f03c6c5b9a2ff0f94ce86075dda0
622f236c7bee9c5d5ae1c181,020cd193ef783a18c8c91d8611cd806cde356bc12e3befede8b53ac16c877915
6a1de4cf91996e05c0025f41,6b1c47e592bb58f3f1764a8312092336e27c1a787d1c4f83ee00351c47c13bdd
628f41147bee9c5d5a84791c,8938cff328fce0d9497c8d49b1e8872f354961f59cb95a0bd3a1ff56d41e230c
61949e25813bb28a905a32b8,6db599eb81c777fbe48c5ffffa1f7daac440928564dd936a18f2679c09dd7c33
63cae4a57bee9c5d5a76cdd7,91f3428576c4d881ab9336fc7b6920fc1f91610ad0d6095a74d4045a6b7b423d
6a1fee5c91996e05c005d1e3,79dffedc58566562cfd08695c4e959914ba0790ebf3b4672ba1eb28b7934a76f
64be45d3cf21b2948d0f4efb,953dfa2fd8bb811afd085ec17ffc2e88d9ade552224bea437743c6cc00e94b8b
65dcab18cf21b2948dba8cea,47a6fbc3dbe8c73caa558e7d0b39a29d70b64fc46866fad41754ddde4e0df79e
6a5f268691996e05c0d28fcb,12c459c8d15aab6f600e335ecd50a1a97a407022c656519621df36f607278e88
68db7093e3ec279a55b45b06,ad986011bc24bbbe93b09752a29f96c9c915776819b738c81cdb994aed16987a
628f3c317bee9c5d5a80cc42,1f571a1ecf07bfe09fdde9107d0153da17ee730e447e471f1e729a094ce03f24
63cadb807bee9c5d5a718a18,b43967fef3c8f3abe9140a370ceffeeae201fe53ca7894335754fe94e213b2a7
6a1d791b91996e05c0e146c7,dcb854397c0abaa7c213fee281a935244b67e5ea3e46a3124e9f7e1a051a99a6
69d0b69091996e05c083b4d5,06f3548ac5c5f8f121f2d2d276ed1539f6704425062800df11a9507866015c97
6a1feccb91996e05c0fe0edc,35abe03251b040f2448888202626218961949ec7e277e1e665d65c16ff7df1ae
6a5f340591996e05c0fdef22,32e73ebb4a76bbb5a9fc17d3a1f914785d8b9ee27b9140782f4567cda24d4c9f
67135c12ab7e60756e066406,a8629bc8ef31b939670c44a74faefc6d3fe98c60127df9eb4b6a56643fd28b52
6a1fed8591996e05c00196e6,6aebd06141d64a044bfc98991a31591b14bf854295bfff0ba5164b0aea99c912
6299110a53c65bae2e885b9f,2c5d5f0e0430a49731929ac79a74bdebc9f883f01746fa0656eb7f642e9ac762
6a1feb4891996e05c0f679a2,65061c665257556db9f4cc71c675ac8fcf7486bb62d057a9f508ee2a85c04230
67ea3a68ab7e60756e9b7f23,485dcd54114433812d09228cf2adf220c4a7c1af825329c9dc005a81fbc3a674
69d0b72f91996e05c0861020,bc1ae9c04859ee76924f3db7ab1e9c3923b31446c1513fa34e4bf4d25de0e6bd
6a1deb4991996e05c00a29a9,08b62f73ca7e846a5c7f1a8d626290b9f9d1eb7defbf4eb0a30294221a1cfa7c
6a1feb8b91996e05c0f7ddfb,7db7729f93d4e6f7cc481d38d51167577352ef5f0b5749a32200a925242b41f8
69bd52a991996e05c06356ae,f8823f61c3f908869767f48dd08d487bda58b38aefe8b14964178039982fa47f
67ea30ebab7e60756e89c65f,a39d1eefc3adf99b7188c2fe601263125f3cb5d8dc0d08cea17b09343886515e
622f24097bee9c5d5ae21fa0,ba9e7be3cbde6b793a09c8e0068a2162d07355dd881d045bac421d69a12f7427
6a1ff00c91996e05c00dd1d3,03f673f2090b01c1876cf72e07c79e117d3bebc011c7afb2c2293a563fcdce7e
6a1fef5891996e05c00a7dfc,f31121693dbb164515bd201bc9bb7a0b39df6327cbec1110584239de1eaffa92
6a1fef3591996e05c009da78,216d74340c8ffe180538241b4bc35653f246a7dc81cfe9351a59bf57c05c9fb5
69d0aa4d91996e05c0502b78,631fae823a93d7e70424caa5a5595ac7137e2387504b5d1382abe9256c2fec3e
6a1fecdb91996e05c0fe5d50,8c78b984579939a95562a0eff40e9112a68ba50ec631b83297767eb0da038504
6a1fedc591996e05c002e22f,9620e160f2022e0f2ee1666097b9f33d4857dbcb653a9f20f59611a0e95ef926
67135be7ab7e60756e05c6a8,11fe68f3dcf69c3b479725d923d897b77795df08df44b55aeeebcd33fe6a11c3
6a1fef3691996e05c009e074,92e80ffbea343aec637ccbf7fbe8b6b2f972e9f3651ca19aef4542d422e82cbc
69e60f2891996e05c0aecb9a,9f3a609eb7081d5bc47e3f13ec207425d5b9d656741218bf8baa0d4dd9c826a3
6a1fecfa91996e05c0feee7d,f83defd81de64238d7a21876a84ce62a0bdb5e84b692a8cd1a5e01e924d13ce5
6294e64e7bee9c5d5a6b7e70,9786ce5d39c37053c7122dbed7a7bb98b1a3a4523cbe3a998fe3e7fdd17b06a1
624e9e027bee9c5d5a4ed5cb,9059e094d6471baa746f2514c5bbda8eb1b8325aa22caf5675cb0c6311cfe273
65dc92f4cf21b2948d7e814f,5ebda92248a1aee86140d374d3953f0630388e6f3861b3bad1cad5ef25a76c15
6a1fee8e91996e05c006b03b,443b0ab5d16da4d031934c15eaf0ac0bce53dec034f68c67d1d89d551f0fee28
624bff467bee9c5d5a1f6898,acbb09afea38a5e6f29a4d0b2b479cb8b0ad50007e2ff9b9ec341e0fae9175f2
5fad22327e23857eea840442,576d9d61dd1cbf728ea50cb8c10c7b3a7b1f58a58d6c0e49bf3b6b78aeff6347
63cace117bee9c5d5a66f9e8,eeff033bccd13b566bf1f52fa67b8abb109fb5ceeb26fb5654c004db2f934b9f
6a1feea391996e05c00719a0,5228c59aca37ae98794476be8e1c3ca79577f9c0afc74c9d7a77f71400db8cf6
6a1fee2691996e05c004c72a,5ffba07d64e9d246a70cae6fc49038edbf07f2b648d6a601f397caba73d1455a
6298fa7b53c65bae2e7e6ccc,cfcfe2e50147db1a8808ca7933e446aa0997e38d124f24ce507329ae2455fd44
6a1fec8191996e05c0fca5c4,9bd00712ebf2c057a2b9e9c0729013ee364251377b57ab7339ed1ba34c6923c1
6299082853c65bae2e84f1af,90f0ee04d230a5477a03cdc79c9549732bfeb4634203e8afa340e682e0bade55
6a5f305291996e05c0f22d85,6fb722d6134cf30e3f8064f4ce4f06d1294031506caadad91ad2ee8cb74880ff
69d0a4fb91996e05c037d17a,2874889309cfff7adee1674c688dc04e823878e784561c067543a5a1b48ebf70
628f3ef87bee9c5d5a82d4af,24ee3a435b36fe65468bc6e0920582010131271aa7ba334f4a5682cb5824f6f4
671350e2ab7e60756ef3152e,d0755d218245e66d5a310beadd5bf6dec3d743e4bcd042e2ca0684bc7a513aa4
689aff07e3ec279a5541100f,0a2bb72d6eb19d5db9cddf5675c8e4bad15f4c34ff16f9242c75722aba1d2846
6a1feea191996e05c007109f,f5dfd4a3d77e68eadca16f15ba933a83a2ae00ec846eee091ed2a68d071b803c
6a1ff00d91996e05c00dd9c5,69f01aa1fb5a468c5ab971094d79c773703890438e09e2bf10b85e5f563ecbd3
6298fb3a53c65bae2e7ed349,2d6cda2d1074c7ef4530e8ef0d9605aac7b4526230450e1a87eb8b61b20ab4f4
629912fe53c65bae2e890b08,259be8a54429191059a00864ad40c1ee8ac121e6d4d1707629127ac1b5a4d036
64afe994cf21b2948d71233d,2d1289f592591b327fdfc4f3f50e23883b2a76f64a9c921151d02abce820394e
61e2557b813bb28a90413362,94c99ced44afbd7a201ecfe30fe86b8f366472bdcf302648a2ed2165292e5299
69cfbad191996e05c055d9c7,f9bb5998a803a2c5b750ce13ae8d85af7b5a92d67316a26d20abec9ade6fdecd
680f3e8dab7e60756e8c507e,743579438240e55c972bd8739651eed9ffc78afa2281e6db4f3bc1aa60514923
682f1c5dab7e60756e3155e5,a4b9015335f893cdb1a1f4ace924816a2ab6945bbb473a0fc5027179f5444fdf
69cfcbcb91996e05c09b8822,1c83da51ac47322817254acbf4ce873523821a207be6e21a1850f99885bb7465
6298f70153c65bae2e7c8ebc,8ba46fcb52135988096393e0658f571994eefca4efb6677181738d610a9216a6
6a1feecb91996e05c007deb1,4aa161797a7d9b0a5deaffa4579273d7b7d82ad76cc976f5c07159c8b5a7016a
64be45d9cf21b2948d0f6c97,a56a32d3eab91488cee8e7ee4aad458482a5ac9200771383da1108b3d55cc0b5
65dc9ec2cf21b2948d9d1bf8,b8ebc5ee494a12a28285c32468ddd4bd4ed92c54bbe0ce4ddeb9b9f00c865f57
67f61f38ab7e60756e6e55c7,080c5686c807102cadaf81dfce053f832be54787de401d0eafd5a0f67d9256d4
6a1fef6c91996e05c00ad616,1fa20e467eb454cec58ab401781dcbf99ee68b94e14dbd831ac7516e1f4f381f
6a5f266d91996e05c0d23d00,f3b5662d625b9cb178101934d8fd66ea5d9eb6e9877e24a59ae5f90b5f897a83
6a1fee4091996e05c0054221,18426e0d4e0c21c528751273e7efb725d8d8807c757b966ccd7731eae25939b1
6a1ff0a091996e05c0108427,658fb3d63edc7c146443cbc62f3894b46be8e16321f94498d46a01c95927aa7b
6a1fec7291996e05c0fc5748,4d58e3f5ae07ee49d2fca351dea44de8d66ba5d7660e6c4d425dcf07bc73cbe2
671350b5ab7e60756ef28367,73fb1b3b855a9e0b2252a216d4c9ed4071b45c8ae69e918a072eee6400e4b6c9
6a5f2b0691996e05c0e1cccc,80a2854728cf3e411e26322b88c2748c96b0ecd2dc1f7c59f240d6057a07ce89
6a1fef5291996e05c00a5d07,f84b51cac47416c836622f69887121211456b9641b44c2946bb50ff94cedc3a2
68060ad7ab7e60756e54a562,22abd0233c543f2a95210018227e00e78e707d9e070e9589554e1bcca8d653c4
63cae17a7bee9c5d5a752aab,134293da2c968ccf955ceceffbaf8e58dc9a56f6d80fb511aad0dee5eead4817
67135c23ab7e60756e0697b9,c1f2044c09933c263a30dc6c9af35a66911df648a955e60b531a7cb95d700f04
6a1feea391996e05c0071d46,ce3ece903d8fc9dec5e6bba42d76562572b1f95bd951585fafd6e8a64860e1a2
69bd6a2f91996e05c0b2a168,c1bda63e8501543bb08fe4789bf233a365850d80d11474a23c3df05cbaaa2816
64be45e4cf21b2948d0fa777,b8904d0db786ec2f3302e37c5a6819cbdf916f9388d1b4c07353b4ff1322910a
641aec817bee9c5d5a3da4e7,3995b3c78de25486cfd99d9f671870f503eae028d607ad69bc44dd045549688e
67efd941ab7e60756ea70a4a,813c479d02dc5053f8e12a9410fa2bc39d72c855d25aabf7e9e6375e36aa4c60
624c00e27bee9c5d5a2047d4,0b9b456cd109a6486320bb3483552a6889791e1ef3067bacfa66b3b1b1d6559e
67f10c90ab7e60756eca4d5a,24f872f307adfd4acf3d703c6b4ab9d7c098f412c348087e5f1062485474b925
69d203a191996e05c0392699,151061a22871f1f246b3a9d4ea54d5df4317d27aacd6c0a3d1f9e45212e7bf6d
69e1529691996e05c09a82a5,e497678c8aa4738dc0bbcecbcf2ac8fbba5696442ae108ce78be5fe75b529341
65dc8adecf21b2948d6c0cb7,afe1d9c8b8e841954c925bb60b5f06dfe8ffe2440d064752f5f4153735633efa
680db92cab7e60756e08955d,ddebb6e5962dd8c34e1076bacb1e8ca157b20c46c348fd1ebcf34d90ef2da492
67f11642ab7e60756ed8fb55,85fe0255d9a4676cef3c591c6ab9b8b138e959f9e3bdf78f2144582352a5ea80
6a1ff00491996e05c00daeeb,34c68d8a29e2585f697a5a8c4db2a181c6129833c43c2aa31f6d9385436e8e23
6a1fec4e91996e05c0fbafe0,03fd1af0b5b444357132bb25af69d881678430d835d41980ff02a664f99ea2e3
6a1feda991996e05c00251f4,56e644a473ec482892aa06f5d8dfbdf7c8825d08110a5bfa328302c76532af00
68638ac9e3ec279a5560881d,bf61f48215d12b7aa07c761dcb0878cefca88b49fabe3d8ab1855e761b3a8f47
6294dcfa7bee9c5d5a6295d2,ce839abd15aa86f06e6fcfff9ce624928049ca1a202b28e4896761bc3d403376
671350e2ab7e60756ef3176f,bb37043bee16fcc148444c15f648cc1b02176afd25b85b78c05da0eb9584ec84
6a1fee6f91996e05c0062330,f7a2ba10e0d9b8ed825fe1b910bbaed643e5899a67b4af276213c3fb9906c661
6a1fefc391996e05c00c75da,9d4f03c4c4c8c25e34c511eb43501b2a6a73927fa82f353986ca890156deb96e
6299053053c65bae2e83d0c4,c82aa18fd945f4dbaafed1f022f3cdf835f7d52c55dac4d80b1b37c9a711217b
67ea3a4dab7e60756e9b49eb,d90897441028b1bcbdda4f28eeba6a4aaff5ed1c710c728f6c4b30c76eea58ae
64e48611cf21b2948d07957c,e9578a322b337109d21bf0899c633cb2f1bd0d41b379b898c0384aa9e3eb8dc3
6a1fee3491996e05c0050a36,bd1c5713f201594800582b03d3079a4812f5b7b9824b98add9c95ecfe8b0cd35
68527af3ab7e60756ef85eea,2753eac54671a904ebaeee3968fb8ba90fee08b6edaa41c30c3f2f08caecde37
629906b553c65bae2e84602f,8da7c8f8c2567671f0e4153eaff249975e2457961d8347bbef0f8b4213e694dd
67efd943ab7e60756ea70fa4,a36d1ec2eb563cf357bfa41cab3f29ba222e7f2080e5fa7eade2f04dcdeb7810
6a5f354e91996e05c001e6c6,741b0d19ef31af116a035e78df862bf1a26e42d3f479886ef76d5051e98c6f54
608d1caad5cc35459085117a,a94b44589f419e84d490996e702e8b1b293f55ba6a3fcbf711e472da167b2c25
6a1fedf591996e05c003d1fe,2b296ecd252473de74d2ac582e6d66a9729ca945cd3324c10c50d3df970ce8e5
6a1fec9a91996e05c0fd23c6,2a45cfe3b93f7c8017ba8d1bd4d9c3bb1bf950431cb028cf1c50d069c2d62bac
62283e737bee9c5d5a9e0f12,b3fe7f048ee061c66ea4de8d1f1a199bdba4f9b67dae5bee3c669869131dae85
65dc8beecf21b2948d6e8b33,dcf675d9fad40fdf7a451220a86d959cd69982ac8f1b0d510f6304d9668fa29a
60d475d2ee3b0993ea9fa740,0a9016b8c646b8f29915aeb369a75d10d408f2a10f97605d6de1c3250c1c862a
682d7dfcab7e60756e7a13e8,e8bbf6c767f85cd9522909b6e79b0d1d7ae202a411238546a0616a85bd921d87
6a1fef0d91996e05c0092ca0,e4335c7bce41b772b6007b1aa1da0edfcbdc634990c043dc39ccfda365efb3b4
69d0a34291996e05c02f767f,d96f89388cc45a4a04e6fa0bfb68366daece6fc06ad5a86666d72d9bdd0b52fe
6294de1b7bee9c5d5a639c8b,76d1d020705f6bbe77f2dda862550152182cff1543e616254d7e35320bf78c6a
6299054353c65bae2e83d612,e74021098f804196062d339da8711ad501dde4c769cce334a9056a9901929532
6a1feee991996e05c0086fae,7d0eca10d8b8c1f186d22a5d71b059cfd970dccf228556d9b154f1a190815d62
65df33d5cf21b2948d3437e2,b90a46213a0e05c3afe5a887502c2d75e0aa46bc3eb54593e93e25918489b9fd
64afe6abcf21b2948d694c8c,778542edb441db68e6e0464f6800ec90b5248a1f49297711c81a268248388357
6a1fee3e91996e05c0053c19,349fd232644487d71f9a153b2e457d42f2c6f0bfa96fd5e29c33eae3ff4aaece
6a1fee3291996e05c00502ff,9fb10c6c06c5672847f8c5c8fd1cdd7c2da0e669a570bec9222c5539f35ecfb7
6298c41b53c65bae2e507c93,e290a3ce38a3736ce90d88c03407dabe887343a34e805cb8a70e046369ab74f7
6299036d53c65bae2e830214,af8a42554ab6b19a8e18d85bdf27f37bb451aa3f35f3f93c2a47d80d175be8b6
6a1de05091996e05c0fc9f39,e63c1f1abf0cacd1b05747b104b4c7d1345ba0d2bd815a4058722a2cdd323443
6a1fed4691996e05c0005577,0f3420c5b957899d833a2b972caa30cc1fff4578f32f6224a4e23d8704443964
6a1fec4591996e05c0fb887c,202843e26eba2b9520a504fd465cd6c3ab228b97d597dbf52afd7b5a9f4cccd3
64be45d5cf21b2948d0f5cb2,4f7646752b74f55fba46f0aebc37ec1b4ef41d209450cc5042e260b0a83c6634
6a1fedff91996e05c004054b,aa4167a98dc325709e822dd54ac4c0bf0e0bc7b91ff307b2b20522f21fef1140
69f8cac991996e05c05b2d0c,5ea5da664b1d4875492c76c045146b7935fb1276f0f968978e3999b32a934485
671350c9ab7e60756ef2c38d,d8afb35f00281819929859431a3cb0bdc2ad4f5ef0b44b0dbb7ad41e774d452a
65dc63a7cf21b2948d170271,4a854c269d19ddfe2d218e83b8cd2a9173eab71fa38a4e88fd72b0ab399f438b
6a1feb9d91996e05c0f83946,6f46cbe19c4eac65ea6907f1708d41b5794f221fbb07807325fd4b7a4eb6862b
6294deb07bee9c5d5a642f03,0615e1d6cfbd3917a652dc6c57229519dace0c546a191e23d4f9df443972cd57
629901f253c65bae2e8260d4,0ef177ebc9bb28dd46f1ced0f9b2df133eeef04136e00c0af1f9fb6acf584c66
64afe4aecf21b2948d6388b9,1d28815fceb3490dc4f6ad172d86a25e8064d4f0c97c10e899d58985f852df16
6a5f270f91996e05c0d46715,45b37e8f4f9b274cd4a313eb7e1154a8106009b45a3adff325eb512a5a8bf44c
6a1fea2491996e05c0f0797d,dec3e09c86ac09e627b46665220ca364f6db03a53af9c2d97d215642e8341fbd
6a1fee8f91996e05c006b818,9cecbc5cd5301f5fb670d55f53fc621eac848bd3f6e3e5a9c24e125c2ea4ac72
67f11036ab7e60756ecfc748,852e35cb9f45d1da3e18367b626f07842499db5d5bf1c97c18007c7aa0c0d1d4
6a1fedfa91996e05c003ea6f,f3882b0776b668a82c8bff3cff05a46ec7a73fc94841da430a9e8ca8c50ab89d
6a1fedbb91996e05c002af6c,3ea38b633f1a3fef8c516e0da316345e7f49f9a186cc2c145e2312f9d77f1a33
641aeb737bee9c5d5a3bc4c3,5651fef2a420eacb817e3ede557e339a8e60bb326e068a8b7b6e0cb109a145b8
64afe4a7cf21b2948d634baf,85adb08334f9aad8794ab753fbb9620639c252840f6dd6cedf8adf135cac1c29
65df4537cf21b2948d60d875,7bd5c339b4f58292e19b1e61e4c24a2298d616c751c3f18c8f1ceb0113db1439
63e5db5f7bee9c5d5ace71b7,96954fdd0fa96ed70cc371f9b8da34396ee0c9afed8ba3e08f59515f3d887a62
641aebaf7bee9c5d5a3c3e3c,29aadca8496dff7bb45d7696773595c8d21d7e6bf6586813abd2d2a2eb9bd411
671357ccab7e60756efd9bf3,5a7842a1e2e9393b4a77f7a64c4755f17a8f9061be0a95c03480824c497439c0
6a5f29cd91996e05c0dd910a,3a94da8f842fb7fa939a59479c6ef0c90c8fc37aee9f03d49e696ac51137d4ba
628f49287bee9c5d5a8b4fb2,bae2b3028d4b168206a79decb3750b306aa7b2d0a5ad17a781750f54753f58f6
6a1feca391996e05c0fd4bc4,469ffffc9a0cdce43b9187631a0fc2fe2994d0d723418acdde2386cd3c78f7a2
63ea1b557bee9c5d5a444c93,000ce2932cc5b78c5548ba5f2740f8bc07f60cf8fb7597ac2a7ff772123dd05b
67134f34ab7e60756eef5d8d,fc1b276b22aaea75d7a19046d7ef53a929a745235606533394e395cbcdddf48b
6a1feec691996e05c007c5d1,263768487c9023da03f438fd06283c4faeac9f0506e9556fdbe23459be80c843
6a1fec2191996e05c0fad546,4f5785695b529b2bd633c0c9e1e8724439c18fadcbd8659a6811f472d2ccdf54
66596331ab7e60756e3c5613,e028ab92a6efb3d8dfb9f049f40ccdd798c348fbd8d3bc93fab03e5ae796f533
6298f38753c65bae2e7a84f8,c296fdca7c111f6f9fe5218847d798ae6ba7e965ef052e219e8797a30bd0fa61
6294d8037bee9c5d5a5d9e9d,9eeb5b613fd540f169181b4ef1343e515f7f200400344dcd6f48a5a4559f5517
6a1fedb791996e05c00298f3,f9ffa2e132b8d23e2475ec7fdf4b46f72a1dc2cb19270386e00d44edb3c0a865
69ffd95691996e05c0d55b2f,a0a5a82b139d9bb6118e64ad242f9cacd7d56ba6d0063bfedb139fae9f0d6149
628f459b7bee9c5d5a885f4c,040bd41d9c4004ec8a1c70707b13a0d1efdc823b5d7d08f852113374d1742335
69e610bc91996e05c0b2fdaa,42f144018d2be06e098dd1be48e7da36e262c1594be4a242e8fe288519b3bd4a
6a1ff0ee91996e05c011e885,28d8a48613268d97966bb8696380b5706b34eef2197ccb7143e98f74e813a291
65dc8856cf21b2948d661200,e0a95f2b7507e7dd7f0c808719c23337f19bff00bf428539f2f1b709c8f4f838
6a1fed1691996e05c0ff71ae,199c5aa7bbb0b4665fbff4880708cdf6cbd65127b9cdc48f3e2297741a2c9161
6294e46f7bee9c5d5a69bc4d,3ffcc1695c633290ff62dfb245a95c1202b5835077a42da32995d37378a4c162
682f1c49ab7e60756e312991,a7ed0fb7e47cdb486f87e66ac9f113b1f94dad0fbe268fbc957950c70090e5ff
6a1ff02a91996e05c00e5b54,a48c9498187cba24b20d2563d9f51e099f67d40d1dd361c9f182ac6ec5657959
6a1feff491996e05c00d6447,f51dbe18b66db93626f0e15efe1759298a17aab161c1925b846e7812d684a71e
63cae67a7bee9c5d5a779b5d,e516c73ba989494839a44040c8aeb6ac02badf9642667db1eb254d2300f7a4a9
6a1fef9891996e05c00ba054,3928226683f4c1a30b3e343d2d0c77f63b938ca05d72ba9d15c844248a8e406e
69bdb55191996e05c022fa00,2927c2646bbbc68f9be8c96310e9cd25cc41468cf65323bae2176fefb5cc79e8
63142d197bee9c5d5a75aa91,abcc0217d525b78bf404d9e7d5c40601581ee8cf59b33a707fa34f23961d3068
69bd51f491996e05c060564f,a4167b1eef571c092ada4444049da76c2ce94fd575ace6b5e8e3d33bb673200c
6a1ff0bd91996e05c01114fa,f90cf5ab45af16d753eb49b0c8a77134891d01a3c4bad05cc73132a87c03edbf
69d007c691996e05c03f91a7,fb9f740e82746577223736dd19bd96d6c841e8361ca0f73fd511eaa2e1a5d514
6a1feff891996e05c00d75e9,4a2a3cbf2e40b263443b682eaa5fc6b69f6099d7fa8403f7ea5a15c3071380cc
6a1feed691996e05c0081892,d97e914bb819d35b3fc26e3b2ec145b543a7fbdb653ca1b0c5f1b14b81f11f95
65b3ef61cf21b2948dd26a13,2336ab7f1796fba957f111b8f1343b44dc01e840b91f6eb83aaa6706d195caf3
610be8ebee3b0993ea368d28,65f98c3c76ded1f617bc25f8adc8a0f0ce934ee90300f587d1453c9cc22a0ef1
6a2fdbb591996e05c0677aeb,aac541cf34e13837f4d1524beee4ac38b8c06e5de24620f31839e3f43d12760e
6a1feffd91996e05c00d8d83,de457fa9285ee3eaf1a0b640374500a64352dfde8924aa9ed479a3046a9320c8
5fca27af7e23857eea35d2ed,07bcbff8e335c66cb045b9b74abbe7772fe44b6f4cc81d8fe87275679ae7a1ce
6294dee37bee9c5d5a646607,a60883ce4252719fb6879d4abffc2ecb1f493c18808f9b018ca6cd2248ca83c8
65deed13cf21b2948d9d38c9,f407fc749900ef5a06fc0007dc0c976da6637f8c99a9b0c52261ed168c556b36
6a1fef8d91996e05c00b7174,add3adfa6ca2f7f993d8673cc74fcd5719bf8885aefd2014e3751df62058a5ff
6a1fefaf91996e05c00c102c,a8e12c55cd9c271be230ded7b418bee60f6ab07a9d7e53dc66ba8eabfae04605
6294deed7bee9c5d5a646fe4,2eb26ba96559655ff532b231c5b1ac8908a5d6b952b89e0c71ff981c61524662
663a1a69b7e461e1e5131b19,5441d4fd989450a1d70b2a735efc633c696ecfb6fbc1a23f164773f156c44d3b
69bdcae191996e05c02df76c,c87e03fb98d2281e44babc0e8b50a044f510d2cb13937c91be5d20bb365c2aa1
6a1fef1891996e05c0095d81,19fb507ca682f0aeb53072231ee01da37c063bd16178fdec5f01d764d94226b3
6a1febb491996e05c0f8adeb,fd9c850b5aca7eaa12634d3b69086b0dd24293d374d23fbeeac0e96af24cdee6
65df3ccfcf21b2948d4b448c,d7619f98a28681369b91be9ed4ebceda6c4f91c6b4ef9a4aab4533dd255f15de
67135883ab7e60756e00092a,f2194a3bffc46e4ccb2fc857351ebd236af1695d1500aa5be8e7cb4eac80455d
669d7eb7ab7e60756e330593,92f0fbebcd0c0ebf0d0667e4faf059a9ac4b51097a0508bf7d441ad36845f9c7
69bdf71a91996e05c048e385,c6a71cdb451a9e9cbaa93fd1b68afd9a1499da28dced156ff422f6fb69a86ddd
67ea39f8ab7e60756e9a93db,b58ada6badeb0baecbf7dee50779a9400152a83b8a86fc83c61f2b4f850efeb7
6a1fede291996e05c0036e72,b63dafeb518c3e83ca919e7d11daf3502807f58286cd1943a9f2f8bb332164d0
6662b29fab7e60756ef24ef5,82c00167c168c91d0184e53fc74931c02ce133a9a82aa69c0114f8fd328b8763
6a1feecd91996e05c007e8d7,2f3dbb4a27ef562ed5f325ea6c85a75a792ff674fb6684f8fb26e2e354af9fe3
6a1fed0891996e05c0ff303c,2154e7ce8154a1dcc2c53098338d3138dec940cb6e1d6926c992299e323dd2a4
67135888ab7e60756e001d05,3ed7bdd86ea7b1d429ecc339897d6eb4251e76b46f9b585b0255b204315618eb
6298dd4e53c65bae2e6884d9,5c42f6e5ceb1321efbff78ad02761d09365ea570f6143b953f9b2c025cea3d8f
687e2679e3ec279a55685c85,6f06e596caf60a70c22db909375cd3b4686168b82fffa2681dcb40c1d06b8e5c
605b1975d5cc35459090dd5f,909f8c605209f4fcaf79868912629ed49579c75e96fca04cb5be5f17fde79326
67ee85adab7e60756edbfb62,8e84c5c91eb97d2c717de85e8161c821be31a699da6475add99ee8a4f570fd06
65dc7f3ccf21b2948d5154c1,8ed6d58cf50a5728333e26cbd90aabde8628923e1d8fe1aa2e4c13b244fbe938
624e6fed7bee9c5d5a30b13c,126aa3684a7086a2e3b485feb51f3be14ebb2e989b989f077726b9b6c7c39a60
628f41a97bee9c5d5a850313,1738206bbb7552f4ad23d64c6264b82e9eb6c25d4060a2d0d5eb485e5a45d8b5
6a1fef3c91996e05c009fe95,445423d3fe229047f5b838b08052bc8fbc8f2eb98d5598854347f6a6260a8192
6530f318cf21b2948d57cf29,28246bc8da24fb13f9a11918d61542450e69525924ab2db6fc84a26fca4374dd
65dcb23ecf21b2948dca476a,83a0a0102a92d7d1582ae771e11a2c9d8d14fee9d9faba6b3cb3da962dcb7ef5
628f3ee37bee9c5d5a82c229,70892444005958497873ca7c8e2f3d63c97d6a26867c08fabaf064f91e1ee98a
6298e67153c65bae2e711aa6,a578fdf76413901ed9d89f0d1b870020bc59d71db1f598322a4a2cd8d60c82e1
67135c1fab7e60756e068ebb,472053bf4042a7c5acad9a63485f6a3e5ce31a684525f7825d25f3514de24585
65dc9300cf21b2948d7ea006,1dd86b63046f5fd1f091dc4675deea3e71e0714ecaf5885e5de03772ea14fce3
64afe4b3cf21b2948d63bbef,94ed52d573852d15ae846e8e9f30ec6fd84b59fc8abf3dea68939f5424ac21cd
6a1de5bd91996e05c0038d31,75ce3cfe90bddb12a5e8ff06ba92610858eee6bc5d62fe76f25abc5a8e4eeb02
67135843ab7e60756eff2639,9d6901a66618acf12b18d7cfc61b879e05a1145da9d145930cae50b05c843516
6a1fef3a91996e05c009f46b,8c198e118a3e9ad3d5362ee36ea550c8afdb86db147bf169fe11e0c844e6bc51
6a1fef1491996e05c0094c55,bd7875ab7426c0aa48e8e557558ef40c86a1c6a5817fde3719a8ecb1359b975d
69e0c7d691996e05c08d55e8,2aeadf7a0d17f03052c656f125f1d7e4d9078be4b364df53ba78448f82376daa
687e263ae3ec279a5567b493,9fa47ad98eff042a13ce5a2ae984879fab42260db4cf36fd96e55353440c42de
64f00169cf21b2948dbe2af8,299fce23c7d8912697d2fab3738a4073d2c110df48a29768975da74be1adc26f
6a5f343091996e05c0fe73c8,3de72f6163ec29834ace0be44ecf812b0222e22774f1e8c64364600f9d8f9763
6a1fed6c91996e05c0011374,0bc9f7003468187780b39ad92e6f4aee8c1d68253f49a2a161319976dd6dbb6c
6a1fee4a91996e05c0057815,a9fd0ad87f84b1ba0b272899fa45d3e00d4ec17b544d592cd2d9e8e90aa33204
67ea31e5ab7e60756e8b87b4,cbde12b2fd71c6bb5271aceba608662f0de77bd0bfeb4b9838a24250f6b6ef63
624157f97bee9c5d5adad948,1d86553b2811d94f83445c8c0a6d2d4d3babef4e7abb844f39990748b52e5bb4
69d20c1791996e05c05353f6,29300813792f9f537299bf9e036cf55e8868561bf73ae143fcab66af1a6a13a6
60960485d5cc354590b0df55,0f4464e426db9f7c10a51ee40869ba42e88849ae61fe57a487072aa3365cc6fe
6298fa8653c65bae2e7e71cf,d21c1c473e768609d4cfea9a243da9b27261dec34163a2b419785f619bec124b
6a5f34f791996e05c000d0dc,6741ced98f0699bd5812af99d0c0ee2dc0745e9d03a0b5715b4f59523f49756c
5ee328e716d97489fef1f1a7,24257ab1d6acf6b0e3431182dd5d5c245ddce100b4d2321e9d980baf6f8aaced
60f9053bee3b0993eae113ea,b23c31243d510758a42e3f3c79c4d8ea1ff2433c4dc1178c9f5d883682c37b02
6a21896391996e05c0ca2832,7218a282720362af8f8e9bc31f2dabdb4e8bc854cb71f5f5021873467dfa71ed
660a8bb4cf21b2948db3035b,5c4da870a7e9f6ab06ef35d2ef117353ac1bec5e6df6fa8183d919987af1b849
6a1fef4891996e05c00a30c7,ad08dc95a49322bdd923ba50a1fb95bc916b32bc5e605308e8eb7ca2dc7346d1
63cad9a17bee9c5d5a704866,d39cb05b121f5dcd65e109e748cf2b93ea079dd778ed3d2c17b9f024c580f2eb
6a6dc2aba8ff762f0dc0f012,7366120757d94ff659130d959934a0a04ecf7d01bf9983fb5347ed316daaa69a
69e60f8e91996e05c0afd582,e42d981981d70430cbe39e531df57342ce968da94cb9ef251140057008012330
682f1c74ab7e60756e318795,90f81e2810f503a0cbe37c9726067fa60d097092ad7202e9e6957b304f40c1a4
6a1fee9f91996e05c007086b,c3b96afb5dbbbd81d6a6baa657d1be8b480aa9fc5aa3071dcc3f95bd0cb7b306
69bd59dd91996e05c08043cf,390c5cfd3fc4c5937fe04527fc6fd2642fd34450f92cda93bac876ca573ca002
6a1fef0191996e05c008eac8,34a60ca3da5895e0b952c7984af8c6f381e540b884511aa352a5701979cf3988
6a1fed9291996e05c001da96,d4abfe509a5c90918823b245121ea5433faad9f0324322560400aa11a4222954
6a1fed1f91996e05c0ff990a,498a4b14a0f04c3872ed4b9abfca19e4c5f6b0801f0ad460801e87f88b02326c
6a5f299491996e05c0dcd4d6,208b8f3c5e4ac2c6d9edb6b971a2c8260807b799fd327783d74e29bdb2b422e8
69d20c4091996e05c053db1e,3bf29da5767993314bbcf47aa36344165c22d679f0c73af3540e2b4e0d478998
6720d995ab7e60756e7a4afe,18e3b92bf1754911fcd647651e1c839a5f7e056138c52df9c4d9d5e2c9009bfd
6a1fef1291996e05c0093fd1,339b76d076ff217198d25837d9636ba01320f07dca67f70a72c6fe5d92c04200
6a1fec2c91996e05c0fb0fcc,e5419de1d4ea94943bbf5c4435cb32186c98e12f137a383910181601698691a6
6a1ddb5391996e05c0f6b8e0,af23841fef8b284560e91d5f11fe0c010b99284c3f4179151906086f0f6d3a4a
67134f3cab7e60756eef7cd7,8dcf2108dcc63e3f17d8d02f4ae4656ccbb67021bfe235fe46dbc8ef1a4c0c57
680f3e59ab7e60756e8bfdfd,dedc2ca88dca5177eb4a26d21d0779a88d96615a63c4df230b15c0289215eba5
6a1feba291996e05c0f858fd,6820de950764ddb062ef811a3b3a6ec0ca4b31470d73562009cf4d6f6308ba57
6a1fee3e91996e05c0053aaf,3ee9693ed0a9683643ae41dc1519c2f85af923145cfa76741908575168ae6e2b
69e610b791996e05c0b2ee88,ccc3c88806d19f697fe56717ac00e8801925b7d55a79a4371c5335013b6ba11a
6a5f333591996e05c0fb3d5e,0c8bd90e29990a96fe839b4e8f274b8f5c6872a2052eef58412c36e2063379d8
61e57979813bb28a9044e802,670a498cb3a47608bae36c932f414ee5974b08a9960e1131b73d7f702ecb6c9d
64be45d3cf21b2948d0f51d0,a50b4265d1c13464cdd289e42ea8501aedf42cb0d317e384c0cc6853b17db160
62991d4553c65bae2e8c557a,f6de2b8b2d5c37284ceb89ec80f72f4a0b6164a93ff3f27ae4b6e01ec6fcfb7f
6298f2de53c65bae2e7a169a,80a264298e3fdf280cd3e9ea167df4f6bdf534884748eb6bfb70d52224870575
65dc8a4acf21b2948d6a9bb4,7dc324f288f170b4e02048dbb529477d34c2cd16d5450f122379f774b9218cb5
6a1fec7591996e05c0fc6976,6cb3c6086b73017d86a55b218fad2fdd47ca77f3ee1b81b87980d47e67211272
64afe4a9cf21b2948d635c06,35fa459bfa886809eaa6ee3581ee8aa8c777027c79c8adb46aae8c8a926f7e5c
642c19107bee9c5d5ac64406,03edf84b9ba55eca7b2a353420e754d2af2728321965ed1bddac6f6292352c20
641aeca07bee9c5d5a3dddb9,ad4cfafc5ee5bdb0402ef591c0d2d86ce677f9c7feede3c2d5edfd2fdcce6f0c
67ea3704ab7e60756e94ab51,f87b42d363fba347460068b0a5a8a4fde40728ca06a59f0c9b1417a02d0277d9
624c04227bee9c5d5a2314a0,4e468da100e25799b70d4c5b98d70e6697671fb2f943b28397ad6d0678d3a1ce
65df257fcf21b2948d11fd17,3f944a8688eb2b16b9630e4720d13676cf404272e211e374cdc584a48a4f3a5d
6a1febbe91996e05c0f8df2a,9f5f85802cab89aa5c5bc0cb328c04299724bf0cb6589f8e74af0a909ca627cc
6a1fef3c91996e05c009fd66,347572bae8648ef2e3a6a11ad381dfc16d1c781b006b65a1f19a0203c66170f1
6a1feb6191996e05c0f6fa4d,a184014edf456e3201121677c6306a0b5054e3095ff6db9535c2710e969534f3
6a1feb1f91996e05c0f59eed,f9b599ad4605f1e60933b79276db5185a8bca7346b53b41592076e0741559174
6a5f2bf391996e05c0e4c98b,e56a178ae6f600006300b6c99fa84c7bc0ae9fdd2330137266f0b632ecc78c22
6a1fee2a91996e05c004da69,06322d1aadf0d82a90c98cd10e562a21ac873bccc24defbba7dd038416b303a5
6a1feefb91996e05c008cdae,4344a13dca6c4d197a06f06588c83b3aadbe27e9e73467ea876388004de0c31e
6a1ff00391996e05c00da6f3,c0acd74fa80717bd1b55e9d5d223088f1b0e7473b5287d0b684cd02c3530c0ab
6a1fefab91996e05c00bfd87,541b87ed97a28e3cc12077b3ed46eca844e348321163bce41ad7254d305d3972
65df2682cf21b2948d142847,42210b9f19e5d5368dddb04a7b9325769d905443366046c29b2cbb673d36904a
67efdaf0ab7e60756eaac8d4,af4d188c3eee85df868a4c20503a2d6a86d3fa80014e229ea9d34ac147ec250d
5ff491a07e23857eeab0fa8c,01ebc88c6a68a13c9b4c37d548951e3b28e375d7a1938c9d9ba7b915dd01db2d
6a1fee8a91996e05c0069c9f,e99cacd1d001a827224597d8a9f2c7a7ee1a46ad9f8942976b9e261ffea38e7b
66978976ab7e60756eef9a0b,ba149bd54ff958b5de4be0a330f14117c8cf17976a3beed4217d8326fcc3709b
67135c0eab7e60756e065581,a4ae7d2e2f58e651805aa5e5c1a758b98785f786db2ee346247ee6abc1cb24d6
6a1fed5491996e05c0009650,53014c5716ea0e5cf6fcc8bc22b64e9aea418b050cd18d0a585714a0529bcaa5
641190ea7bee9c5d5a0782f4,05a6d8dfb39d2bf00d45afaaa090d1c0d875fa44eb2c3febd89d5993ce254494
67ea3791ab7e60756e95bea7,eec32e1dbf14e63d300a92aa7d741f9ae2bd41fcdf558270d4ca1b9efafff862
67220ec2ab7e60756e6de5ee,34f9562530c49cf64b1ff7c74dca3e7516b897d6eeeca16f22e7530ebed2f947
628f41627bee9c5d5a84be55,e8819a89509e2ed388857a8de7b810bc95b30d90900b86f32fc64d8920b680de
62991d8053c65bae2e8c64b1,f87796164075117893a1e69a6030a284693d85a121ad946815101c9e020304f6
62e8dd527bee9c5d5aadb77a,93c613a41ed43f2ccf278e63e585f2f1b4d580f1ed28f2c07c4780663964f8a2
6a1fed9691996e05c001ed9b,2e479f39a20b0cf3019e4e9b7fb21ca2cc5bd928e90d6dd7db49d1adcb6a0325
66978978ab7e60756eef9c03,af01f38a5074b53dd1c8f034558e5979910f4950b133378c20610be1c0af8603
65df50eacf21b2948d7d63e1,f529ccaca3d727b00185b17c694fcb18d185e46f02572ae3a0b9d297e756e14b
6a1fef6c91996e05c00ad962,9b46a76a31f3dbfbfa90e0c72ffd479f5ab74b8517ee22c876f690ed65d67ba6
65dcafd3cf21b2948dc564db,caaafdc3cb6aee14804a7171a96ec585345eb0cab68571959e4d3e252b2bca09
6a1fec5891996e05c0fbdd8d,c7ea9120f4e3a271e8f48eef3623a4d13d0ff484171a8141301eb4e0f3973536
69d20b7091996e05c0514c32,4f21a8ec16c078d194a02ae23471faf4e9087c5dd76f26b9110c4ad3d0256f6d
641aed2c7bee9c5d5a3eecbe,d48c9ec831dc5a0659a0d05c1989ff94178019d9956079de28adb4e15b61f5d7
6a1ff06191996e05c00f5b78,a6a33731ca24e2a9053073f300f3450961ef32502f5cc3a77db90fa0d815ae1b
69cfba9091996e05c054560f,26d40555eff82b50de7dcb36dc7d6c202ff796c3ea36be5a8b8f9d1912ca2b1f
65dc86edcf21b2948d62b3e4,e0d9c3cffd5716e4c9691d6fceae470cb077a9cd1dcb2a6136cf0e9170a330c3
6a1feb9691996e05c0f8130b,5da0654ef4508c3a07b3f15a49f51ff2530a1474b38060858d979b91be61a45f
60b60f88ee3b0993ead8d848,c7e6fc4b4565c9182d4fd4780911e1fdea986c813679d87e90854211f67a18de
6298cc7753c65bae2e593625,1b95d9abf2dcb8659d986fd138f3143b0679a1fff2cc59d4c8ec2aa3c5265421
65df3314cf21b2948d323821,2d8358a218254bba2978c63b3d6e2a2d1f7c184d8a900f347ef19a82d9478351
6a1fec3291996e05c0fb29d9,1c224fcf4016f0c584d4bf9c5561902c5ba1b47cdcd05b29dd90fafc4e0b8e1b
67ea3a1cab7e60756e9adcf3,24a133c21f4e1e0c11f3de003fc938896b3abde5fd397e63664839bed13a4909
67135cccab7e60756e081e58,297fa69061a0252117e1a63053d306b8a534361e76c52b9da6a53aa0de7512fb
6298dede53c65bae2e6a0f4a,a540d17afc92ee3e52439efce448fbbb64bdeb3bcd12bed8e1f063f2e3f30b0b
6713585cab7e60756eff873c,79ae2fbf88d358aafc787e21df4cd274df7b666d02d7772e5c81a5aaa04179ca
66978597ab7e60756eea6396,69b678511d7b574beaaf7cf3efb8cf0deaca57798cacaa61701df3c99b2b6304
6a1fec1291996e05c0fa8b2c,379f4b8d0ac6167e3e4920c5282fdb091910bec4319a47e64b44af8b1c5f00ba
69d015fd91996e05c0539b8a,74fc0021316771f3700c5ba0a233bed0fc9b7b52b992a4fbde002cf0fbe2e35e
6a1fedfd91996e05c003f97f,c9da2cdebdfa757729899d2c4aca8419f7bb3775f5253504e30f78a7de200cc1
6a1ff01791996e05c00e05df,44baedcdd89b065d9629b05289b416c71b073b7231cf12659cf27a173d56632e
6a1fefc291996e05c00c727b,85f526e1ac6c55c99229920f22bab10b720860a2d18d843895825d74abbea77d
6a1fef3791996e05c009e877,5cad126cba5a8b83963ae3ec685964c06197d178f0faae2de261c9975b5db5a4
6a1fef1391996e05c00946be,2b7976cf5927d69bdad1f8c659d1b71a716ff89a92d3d1d4d2a6431b2f7f0eb8
6a1febd091996e05c0f9425e,751480ab3846fccf8cbd209617ebbf8f80cecd96a11a7cd15814f3da7948d75f
6a1fefad91996e05c00c0752,c3a368fbb8f811845671295fa410184b80cbdd3ae0e437ceed89a158cf5eaa33
621394aeee3b0993eaff8382,ae6210b3c900156000e998643f429ff9d592492def6af4040e0968cf5f36b0d5
6298e68553c65bae2e7126ff,1b3147c422519ffa754e6859751f00945a17137dee837b81cdefccd99481141d
62f913257bee9c5d5a4b079e,c1b97f318cc8afb648b4112a5d71ca6795826070ac72d8fe8011a69cc3f448e7
68d1090ce3ec279a55851243,c251444ace49fc31f085cda0f4a5367e8213a1ef42a4988bcd7c1b77a6ae5e4e
69e0c5e991996e05c0880a09,208f24869c54559f7b530110f8afc7b75d10ab085279deb61e729161b8de0f50
66d0484aab7e60756e02ee0d,7ebd9655e2b47254b2d50491c27fd6d8cd7ac5bcadecbf7aabf30c5987ae8dbb
6a1fee8591996e05c00684e0,80c7486f7dc6dc8a3f763d3c0fb33972212b8dcfd7b3c42d7ac667ab22650f69
6a5f350c91996e05c00113e4,6cc84172843db77c04941d0515ab2ed2ed8ef8582b694324eeb1f36cc18566ab
69bdc0db91996e05c02914c1,33a1e7823550374ce4b45d6cffd9cd9622383b7f72dc514b4c1072e7e5b1a2d6
6a5f2b1691996e05c0e20337,8afecc045fbe582b5384a79e7264cf57483572f80b059530f8ceedcc5ddfb747
695fbcdfab7e60756ec6e56b,0cbf3482c36cff9c86d5f0b8a629e86e1c3606e36899c1052d17883d160efd5b
6a1fef3a91996e05c009f3a9,8d8b5a5756dc103b1693ecedfc383df1a1597df8b6fcbeb867631c8d0ce56c52
68db705be3ec279a55b3d145,fd00ab69bba5268c8ea51ce3d3412da169271c2eec00fc7fea1bd1a9c3df8abc
69bde98e91996e05c03dc3d3,8a302713b9b3d17c7c440951623b0e94efe5e765eaa2850e523fdcf244b3b1e7
63cad9b47bee9c5d5a705a13,4cb1ee5e83071ae1bfe8e3fd660df31184364a59f2f3bcbc85e05ca9971d486b
6a1ff0e391996e05c011bb2c,5e6f9a78624608959fb1e28b9d430c89fad92fd1615c2387627d642d49b52c22
67efd97dab7e60756ea793c2,d93cf6a991cef8a303a17665de374c7d55ed42b8a9fb253c3016d428d03219af
69d0a3fc91996e05c032c4d9,3dd21460040f367733cd45119f2edfa7aecc9a39e190927a79fb89095be0ebc6
606463a9d5cc3545906ba697,8bdb2aee227428b309d6949cd1589d523bac1934352303f08688630235b99b94
6a1ff00c91996e05c00dd3af,49a315e31e6078cd1cfef24290cfb47157acf146f15fd810d27eb6da1dea605f
6a1fee0e91996e05c00451ce,4ca9390ecc76bce6b85c39ed957a2df3108e7a95cce3c9df10d13aca1da95d0d
631f4e167bee9c5d5a2a681a,8a8975c40d6078b30e8c4c741da487ba8a9dc9b1558369e9e4ece9195e325025
6a1ff00091996e05c00d9c3b,fe851415937e1b629db52064bd72dbce1989acc1b31617f2514238b8b7fb6423
6a5f320f91996e05c0f7a473,c1e0aa765fafc012cf056287b6e1333cf12da1201a152b9a0babe2cf811f7dd6
629905ed53c65bae2e840d1d,693c80ef209469ade8762c7fe769a6e2e4e33c38793871b6482559d193b0b7da
64e4860dcf21b2948d078002,e7d2624bd435a4d444c5dab17ae557a545adf2c390170c057becd22f17636fee
6a1fec1e91996e05c0fac447,8579d5a0abe51219577e5c6f22601bcc495e861c2e5f506146681c77c9bc7836
6a1fee0691996e05c0042957,6d1c306ba3dab83ff801d7e08eaaf928a6b0b1308505ee5d8a4c94ca6aeee62d
624c043d7bee9c5d5a232ca7,7f53be695ef6ec6a1d74c52ab0a4f15e7463d31cb83b8e95df1b6d7cd9b8c552
6a1fef5f91996e05c00a9c91,004cd4d5ce2e902742c90075795bfbbdeda34d216975b1f29b7e87d05d46cedd
67ee8619ab7e60756edd3bc9,5eece6d57acd349728e3cf47e7ac0d28428c5d36cbb16778aba027eb63a5c454
66965af4ab7e60756e14bdc8,e11561797a82b7598d71e01ff6b135f6d3a0d3c5eed26abca0e09b48a04352be
628f48627bee9c5d5a8a9af0,0e46158da18126b3dc8cf7a7a7ea11ff376d4f5bc2bf8685f1b00c70b913323d
67f1167bab7e60756ed9556c,fedd91250ad2db516cecae699a93c3d51199b8e1448a01bd63c1a32292f67886
6a1fee5191996e05c0059ef4,c5b8ad6bfc5abb4d4d57a700dbeb2a2ecb8bdeaaf8ae4293412b2ca4de23644b
6a1fec9c91996e05c0fd2f38,3e356f75b3159552706312183b99117d81bec418546d851185bf63c73b9e90aa
62b4704353c65bae2ec71b00,1c3828ba84e5674f040f16b9110bdae49d48593c941067c342cccd577883dca4
6a1fefa791996e05c00be739,ebc37e89305611d769aa112068d2ffbb88bf774f3de20eccd261d6dfbcc51836
6298fdce53c65bae2e802ef5,11177ca599a21aad4356a4cadfffd3f79fdc078f1c4c22bf08bb3ac919fd4ef4
6a1fefe891996e05c00d22fb,d43a7efbc16fa1a9d121dfa4c50d72cb7566e29baa3b0187bf0d1d9d05fc558c
6a1fee1e91996e05c004a194,70ed2037bd947172eb2aa5d90107755d22a6f02de7b801aca788ba3c289d12c6
62990d9153c65bae2e872746,174a8ad5bb3247addb11784a5a78352eeea10a9b3ac77868c02e8f531ed9f901
6a1feffe91996e05c00d8fb8,e41fbf3bdad7e07acddad639f350c31467a18f47ee4717298870b1b611390e2f
65dc986dcf21b2948d8b9028,4c83e670bc8339b51418d394ec60bb092272915b860532bc7f023a365de0366f
61824783813bb28a90e5ceb1,f298e33ab6b1280ff6727102b25b14b0d84cb13ad366714a235ee5d0e4125c33
628f42e97bee9c5d5a861148,1f67f0c382205872df65e70a2218c00fc9a4a6ef68bc8db553eca0b4af00a63c
69f08f8091996e05c081d774,992ffa7177ae9296be4a35384b26f687e3669d8c44998cc4ba860353b9fc6650
6a1fed0d91996e05c0ff49b6,6ff88a7ded4f45087574e002e116cb62d72ae2159d27b9e9b53882a5b89bee96
6a1fee5291996e05c005a443,da7b24946a9da0cc52072ca013c27bc618e34cb95f89bb04c8ba74e8dee513c6
67f11738ab7e60756eda8d49,579b349fa0b40a52fb676f4ebac3c7d2f075891b650420e05af4a67d2cc91590
6a1ff04191996e05c00ec8b4,a06d3589f27562ab9adfb16d7c0d46d193e67ace425cb47f3bd7bf0deb033d00
69d0a3a091996e05c0312728,92bc2816c4d8495fa367b8e9df9d801f8cba3bd460e33c50a4a8915b4cc239f8
6298eb0d53c65bae2e748050,44c80864a7ed34105b66937987e6bd185ebb2c24de173f7431c26bd4d95fe063
6298e83d53c65bae2e727202,c0e9f5eed77917df7213bcf84d6aac5de9b6a78b7fae009c17cbb5e146c2de36
6a1fede791996e05c0038c49,f8bc3134c2614a6d84a0f07ad32ca7980fe32a3cc44468e9a586fa1f4c6233b6
6a1de5eb91996e05c003c6b8,6874a6b1423fb99ca09ff3d5dc860f91f00b91915624978a3c20bf65e4807863
624f1db17bee9c5d5aa51ad3,481544dbd0befd1d37eac94189dec1ac1953b40f866652365083b45e31c61231
665961b4ab7e60756e3a213b,94470c4c2656a407219b92e7499f84e589d8ba8dd15f08d8d4e8ecfba6e56f1d
6a1fef8a91996e05c00b5f75,d4240ebe31e59353ef1b2903adb3c01dab22d373d44cdd32060fde144a3b6e21
64afe994cf21b2948d712203,410d37f0436b280b8b6273d2b513658f01982a6b7d8551282108e7ab85f7b35d
6a0321f191996e05c00e60e3,be74d31748dafa7130f9e2b068efad8996e721ccdbe9f2064bc23ddefce08249
6a22c1cd91996e05c0aa21d5,a60010f7979de0900b932602d77248578be4ab7d56a5c832687b4ba4b3b897b2
6a1fec6891996e05c0fc26ad,6d3838f5da18ef38c6dd558e59fd40b4b6fdf5974e731532da8a32153061e656
6a1fec2691996e05c0faedc0,d46aceaa53cd2f0debfd1b3c6c9b166e679f6816aee4485d425f24d2a3d4facd
6226f8b77bee9c5d5a21f88e,106a19c65fdb9b3bab2f8672c5e6e068f06eae8e4b172ed2c4a57638bd822603
69dfca3091996e05c0d02e77,aa8b75f8b9af37a4f7fb26bb70084031e6277e09e0cc26f28a9b3a763b5f5741
624c0c417bee9c5d5a2b1dd4,86ce4b6fded4d5e7a1334b6626c5c4625f38518a52000248dbd70355c9db65de
6298e0aa53c65bae2e6c2fea,ca9db8680782a186473b047ea081c5551900e77321075f2ce2f964d85d2fd81b
628f3e6b7bee9c5d5a825fd7,808f1211a3e494ad03e98ce36fb27e8bad1a4a426073b984835a43d632a638d2
6a1fee0591996e05c0042323,52a0cc59634d7e6647bb78c324760978480483e1a315787f71391b02056bb3f0
682d7db7ab7e60756e797f7b,6df167ed1bc3f1b8301e602b08d3752ea51a59a3c87accdd8960948ffc4f686b
62416a8a7bee9c5d5ae4dd9d,4ceb4368f504d815ce244601f0d7252dafb1a996064cd694f9f4713a8660416b
64be45d7cf21b2948d0f64d7,3d423925c605b575cf7c4dfd3ff501f0d577ef94332bade600dcefbb9f0d4b39
6065b352d5cc3545908deedb,d9a560eb51ec9770626c7ed3a662bf4de2adc81b9fc0fae9813c3ceb615b8469
68c90517e3ec279a55bbb747,8e9a4c3bae5f0b928003ffa03f96229ca930f95e32cfc81e3e411f838d130f18
687e266ee3ec279a55683fc4,eb89498426a26ca393c77ed87558aaacf7d458c9b5dadb0a15915994bba56036
64be45d5cf21b2948d0f5bff,f01f27e46811efe08f8a742ef0e3cb7ffa7f851fe725153b29b02ab795afa8a0
6672bd8fab7e60756e1f1a76,97216d9c44a0ff40d864e92d21fd673809c6e223fa9b6cbb598211d644db3300
6a1ff09091996e05c0103a17,c22f6ef62dc0682bcc05a2e3578460007a53960071a593e6d74868dce56d9cec
6a1feff691996e05c00d6dc4,f0ae416ace6e008bac40b3a37b9bb79b81da27d357fdb1368382e3c5496143ed
6a1fed6191996e05c000dace,2b571d7fa3514e14378b9729fdb79f198bc3a6c14beaeb6fcdda21a4b30487a0
6294db377bee9c5d5a60d754,3466f56b494f7920d93e62b816550822655033bb8411d05555638b8a1d2aef5e
6a1fecc191996e05c0fddd9b,d19bbb37841e298e9ed0c4591bdbd44cb81a2b5fc105be30b8df44791f4317e8
65df1fbfcf21b2948d0469e2,9f71c026c4c4591f28dcb36644680ebf3851a796287f80a657e0d3162ac75b42
6a1feec291996e05c007b3c6,d09c1fbff812c29411422781937ba98b43d6abdc02baafad495b50047f6185e5
6298dd5953c65bae2e689075,dbfdbf577ef7096494a20d48d16ede5a432f3f662edb3a0e9c124770d05a161e
624d61097bee9c5d5ac42a87,42f9dd1cf07b5e7f4948964e4585cc53971e1f743a8b25af1fab00c89c4ce772
64afe4abcf21b2948d636aba,b1da42d7a34983146ecac6d9e076686ab5e9d4700805b81bb84d51c60313af2f
6a1fee9791996e05c006de20,c6d20981e02944f289cb36fe0f7b6fde6c7fe08e076db0fdf6d5ba8a00d10407
67135c05ab7e60756e063587,9ce950f80de30f722c7d0758f60c9b128997fa07f0a1311de59ed381cf04ee43
6464826dcf21b2948daa82eb,63929be0c2cf171374b0fb7d3286849da357ac4b3928713180054f783850f7e4
6a1fed0791996e05c0ff2be6,16165e52f25abfc8ea82fde5263ae662437ac8b7c1ecd0ac1d31af625a6ea589
6a1fe53e91996e05c0d6cb99,25c2f14de7f9c2a373bff41496a078759b238816589855fc0c42cdf9c8ed8137
69e134f991996e05c082f73a,3a2abf91f792533551e1efe0ebaec0dfbef3347d9814ce28c3a17a9170692e40
628f46c87bee9c5d5a8949d7,4e9006aa8e8337378b4f1c3ff918bed1b7f52b1e92098a9218b8127d42bca669
6294df017bee9c5d5a6484d2,2d70c5b1ef2cc5f3fe03a12948a0a20dbe3a25f0a401dcee0df78aaf1b4a4a47
62e8e6587bee9c5d5abaad72,781303c38928c8fe296341ddd0589a5821f58f319bd5d3dc18d39c41e3c0ee3c
6298db7753c65bae2e66f94c,16908fb88014a3cca948727135213e34674dfd06f5fca1664fc741ca50a9c22c
6a1fee4a91996e05c0057a06,00b3fb91d32226abf2ef3759df29b4cfa497de568e83b1f656bea1c7b9ffc455
6299131253c65bae2e89120c,5b909e4c9e6ba4d23bd78b3221b079a89adf57aca33f532c909f01557adb0b44
624550b17bee9c5d5a6e614e,7d8a8c388f3d0d5789680d66ef510b40de299b3d5f545a851dd4109120811626
6a1feb9e91996e05c0f83e1f,9e2b534bed76285eb949a504b33d8b6c06a88f0c6cdd526c974ee4c97e873250
6a1fed1e91996e05c0ff98d3,254b36810b76974fee15f83e26e5aa2d34b0e7adf2bfb2d48032b88a1cc37183
68404a08ab7e60756e2e33ec,0dd46f69ceaa374d3fc33dd57675f83ad09043ec95ba2e085017d167a7dce0ba
67ea2e4aab7e60756e854ce0,5f229c0401e774f6f241bfcdc8d400437c0c1bb21acd00d7ae848efb43bbd95e
62e8dd707bee9c5d5aadde70,4027253453a86a70fe671e03428cacca120fe8480c0063a12c644aabb4c0f2d4
69d20b2291996e05c0504680,b214c1b8778a438c101540f2254943357215d70a576770eb088e93ab1d050f4c
6a1feda191996e05c0022a15,a07cccb7d17256f6e013637ff6441469a526d1163916a8f2663ce719f3100321
6a1ff0e891996e05c011d21c,fa0f92b3269616f06fb6716f3c2021f0419841f91f220cb15e952207ccab3503
69bd4c3291996e05c044c921,506a511ffa4bf0b27ccefc9a0b1ff67030e84ec183d01bbbbd8351f94e825074
67ee84efab7e60756ed9b7e6,7c9e5f7d3eabded42c82521fe1c7715aed06e59c40dde982918bc324edb87c07
633ac5c87bee9c5d5a95c1ac,6ff4642a7762d28c5958fd081395bdb55d2ca919e472fe80e7438b04cc767fe7
65df3f65cf21b2948d51bbfc,67ef5cfedc974efa736fb50372861f58a9c29e108c94c4dd5e5154257f43fcdc
65dc69c8cf21b2948d2472d5,56b9c93dd4ed49f7a3881ab30cdf33bf5b771443e77d1fee89d8341bbdfa0c77
6a1feead91996e05c0074d6c,a0214290ac169b918b601c93c79776f91b11612fbab7f14561f9e3817fe33ae9
6a1feb9d91996e05c0f83a61,74a501e07a0932d29dc1924875282bcfd519dfbaf12f9da3a0e66aea64147e8e
6a5f2d5891996e05c0e9201d,75b70dd5203b4b9432bb98f0f6065cf154de1553ccb4eee1fba16d08468b8f2f
68db7085e3ec279a55b43d51,e8595bbb6bae5edc09a2e8a78c9ae2847e2d9112be209598b80f60f7a1840446
682d7de7ab7e60756e79e42b,7b9a6daa082d4f9e75db70ab8ce1dcd1eb964ceed89faa139cde51f36a1217b8
671357baab7e60756efd5d5f,7385c40ca5b8837884526d1b2fa3559e089d1c1d10f215a1fa5fbe56e8280bff
6a1fed6591996e05c000f311,b376304e142abc03b9a62ff102e0590104afc965e2d6b7f9a033f11165221193
64be45edcf21b2948d0fd27a,b4f32f825c156d23850caffc5c3395399fa5446d2b7645019b7c7f06d87a54e0
6a1fee1d91996e05c0049c11,0f36cb63e715506a8cb83556c152a9d13c12b1f1fcd9d5c2ec98a323b9b2e1d7
6299124b53c65bae2e88c924,0671f2f6d2f76b9b5c1b3dafd89677574812823af64a673e03da73fc81273ada
6a1fec3291996e05c0fb2bae,697c77a1277e9ab2956c6208b1530e7aa967a081f56c89a75ca28071870001f4
6a5f34c691996e05c0002ba3,59990d7a132a584a0f14ce72fdd2038e0e9b9d25202443350a777d5d860943ef
67ee6da0ab7e60756e984b35,e5fa5e07f79b6d77a1a40065cef494f8a718e3a8ee9053f76c9305a11f43a2db
69d0bd6d91996e05c09db459,d04ead101b9debae5c04d03851fdfee5fbf348d6a47370e8d38ab6531c38fa12
671350a4ab7e60756ef24d02,138294fa74a676fb0e8dae53317592e8d1bf2e9fec8404b1ecbdcb7693905048
6299044953c65bae2e83694d,8ed7a991d38b1c51773c9532527f75a36a378ba969a7b4a95ff0c41a6b26f270
68c414b1e3ec279a55efd1a5,abc58076e9f25858a59ed801456c358db735fbe7d884d4a75c1254fd3c0b7210
6a1fec4b91996e05c0fba478,af120913c44e5866e773ac5cd4a9abe0218a5dfda93bac85f2f978220397dc03
6a1fecdf91996e05c0fe6d00,925707c894fb604de1a3be065c963d1e2e0ac6040d9778bfd306243341dc70db
6a1fea3691996e05c0f0dbd3,c5d458a0e5f34e3860b345f43314108b5a96f9806cf87587db641fd78b6ecedc
65dca780cf21b2948db26a40,aacf71a13b47ed7a920ad656f1718020483f8d48e8514d99d71039c41b78033a
6299035053c65bae2e82f393,02b7fd6001b167e2d0d7164c2ad10d1fc498fd120c2f5ba3a2fe6cffb160aacd
6a1fec4691996e05c0fb906b,40967003770750344fdc340971be09543e7b0ab8063cbde8c542b8b90ed69295
63cad20c7bee9c5d5a6ac188,c32488686c733da9e69194694ac4870361d8ee7c4c9f542c6ee463ffd2eb1f21
60926c08d5cc3545903b511a,dec0b76b1987110b24c2c27284a18f61b551089c448449691f4bc8f1b3ed89e5
65df47d2cf21b2948d679ea0,ecd4e5ec5c0206bf737fa68804c722086fa58c998888205e03ece009f831bd5a
6a1fef2691996e05c0099d22,0a791c363f312f3bfd0b58bdf1fd740cdd20d7d1183048b8ea1f8c325b6131de
67ea39a3ab7e60756e99ee99,427c5d3b6b161695fd75ee493f599cf3e0561afdc7f7a7a37ddb0e13e3156532
6a1feb1091996e05c0f54f54,036353dbb4bcfa60e18add5dd4538c20f68fb06f5bb1e190289eba1eee10c7de
6a30f26591996e05c05cd9ad,f3e3be7afa37003490fb06fad632049efa86f963032d37c8f54753a40df2ae03
641aea0f7bee9c5d5a393127,240a229fcb134b1a5c6728ba2089ed6a07e495b8e201c4e2ab918fb5d1f02ad2
65dcaafbcf21b2948dba4de0,f6ad68b5e2dfc7540734a44dfd9156a4ef5eb2f561296b95aa22dd289a1335e3
67ea3a8dab7e60756e9bcded,ef2a64b735a09cdc78ccb40eeb40a0c134c5eb1f146ea23d7552cb2f041c4047
6a5f2a2291996e05c0deae6a,522bcf1e0c3e93f76a283932569d50bb59925fd4396dee94ee0ac53cc91e2219
67ea37c5ab7e60756e962838,9a1a8cf266abe80a80e4c400204f3b6b494e6b333905709eea7eef28d5b2b22e
68bece37e3ec279a558bab2d,e0e83036d5d57cdf5290436f73cb20394550a60055e6b4c8744025e5745505d5
65df1fbdcf21b2948d04645a,a45e898922c072f45b8128a29f7864bd8af20ba7062ef1301ad0a0b1ccb3ad7d
62e8e5687bee9c5d5ab97339,6e3e2cac5db8f1f8e3fdb7770a1b8d761f1e69c455d6626332f1896315552108
6a1fedfd91996e05c003f842,3de1b452e781e52ceb0501e5464c7524c0b4e0ebb110938fdf8c7661d69fb668
6294d9e37bee9c5d5a5f971a,f29eed527f899822aa661d13414f9520a55135ef73dd552f22fe49498be292b7
6a1fee6391996e05c005edf5,f29a22a205ea09fd6a04a3f59ea5a7d7857dd19fa824e1815551cb1ddf351fe3
6a1ff05691996e05c00f2dbd,60962778d85d3e5e4574153d6e549e3297a128dc5b341fb9f5cdde249f842072
6a1fee5091996e05c0059b50,1a2533d69b770bc75a7b97f0204b2e31df6a614e9fb2854aefe8033599ed0757
69bd604d91996e05c09670db,a7e2aa699b157d35ed99b3b59675ae2a3dde29b9a3e2ad91d002df5f442cc3a1
6a326b0791996e05c0c2b8ea,a77ea651c3b3424ef6647379596cbab491c6f7ee03b28b4dba3c0caef4550813
628f3b867bee9c5d5a805459,42214bb75ce8d70dd4ee1a59d87980101559c1433979d401df4b9c12f2589b15
6a1fec3891996e05c0fb45d2,9f03c8ceccd38894878ae8dc133a7930fbd73638397a80d71b1760c911f53bb8
6a1fee6a91996e05c0061134,8824fdda773d014465db048533f0f43a5c33a41ab60620cea84e2b24e807c681
6a1fecbf91996e05c0fdd477,69e7b33e8012ab8c266e17eab6b95f9063eba275ed78721697103769245452ab
6a1fedfc91996e05c003f567,ed433084bdef9ece41ddbe91e75a234ea65f558e1eaa8704318af901c6b80a6e
69e077db91996e05c0a3c1a4,cf640a291b1c553675faf71c1866a37f515db5874eee814cf4cb9940e30e1094
6a1feef791996e05c008b3fe,bbf15c4a1d70f9db1c6b1b02154221a9a3f359306d358178bd984256e41c1bcf
67ea3929ab7e60756e98d627,3ce66d22d8dae05d58a624a40a09a14bc0fb834a4edd27fa8c11ef90cf7e64e0
612af90cee3b0993ea7869c1,ca87cd1603f74ac649b87c6749331abd3905a50c7c2188c2afbc3f806a8ad661
65dc960acf21b2948d860883,c28513077c148e61e130126030ba0f6d01a9b66da578754d7deac47af0070a9b
65dcaf90cf21b2948dc4d73f,033335af346ff21bffc9780b67538e5228de6ea8f4df7a67a876ca8e8cb31ef7
6a1de67b91996e05c004742e,2dfb93054a3e37dc22c75455d7eadd4ce0cfba99fa7eb00d6aa6e4365287a2db
671350d0ab7e60756ef2d858,61a8b7565be7b23939b67842864710344324ef0731b4d7dab9a4f49a57342a4d
6a1fee2f91996e05c004f66b,ffceef34f4ee8a8ffc20762fbfe4e8e69f1ca16a7a42597d9ac44f8f03398c13
6a1fee6891996e05c0060592,34ffef157151dae3c37ca14c7f0d832c3d232e8a58ec3d821329fddb4ec804c7
6a5f2e4791996e05c0ec0ded,cb5f76226ffcfc08cd41b8aecefea7892296a4cfc995b0c541ab3dc9e441dcea
63cad7de7bee9c5d5a6f2462,6de20a82dbdc49617ccdbf2b74eb27970e350b31c7917d2edc7ca13db1bc5cb0
6874e9e9e3ec279a55e55631,0d617c38d0c97af4195f1f769d6f49bdb28116b5820593935c930f38dab699aa
6294e15b7bee9c5d5a66cdd2,811a0769652fad7bda4212e053b1296be5573cd738e12f40ab3e9842893a9484
6a1fed6691996e05c000f855,ab37dd661dceee8324255eb80cc618b23fc9b8000d415c2241537829cb739537
6a1fed3a91996e05c0001f0d,dd03bd62886fdda574f8f952ed19b94de63e674e8443b8e2c8a1dee86aaae771
6a1fed9391996e05c001e208,f5e1d40c96405970f1d59cde68fa42763b215ef3d9c8a8e6cdafa94631bef3dd
69f08ea391996e05c07f6695,295c4b336b6e82813558b4e1c3fa4f23ee32571f62dd90dbdc34551981734cad
68060b38ab7e60756e55c03f,5dc2f18a450351e340014f3569c0633c11df0628df7c95bace0c3684266ae53e
6a1fec8691996e05c0fcc13c,effaca853d8d4af1377846e37cf75d95b3e11ac59df0a7a60d9431594ae63ba6
67134f59ab7e60756eefe6fe,c0affc007f4956198591234269d668b691e89457c23a5ba1a8d7cfc2a5bb21bf
64e48628cf21b2948d080d5a,9787b833af70fceff06867ff320e8643d500269306131f107a0e80cf2b3f5a76
6a1feeeb91996e05c008756b,1d088176a3431cd0fca1e41ab94f7f7a093a8119e886142894700cea1a4fc046
6a1fec8891996e05c0fccc3c,fbe1be4b991a5e016e421d409d1c22f3bccb164da51015e1fbd551018f529314
6a1feeec91996e05c00879c8,9fd1c23bea31335b50e382c38518a7cc128bd871e411b89daaed87675e5a7e98
623ea0d17bee9c5d5a0670b6,c91556421546b960fe60030806f9d8607ecfa8c74b7de53d1bcaca1b27f63d15
69e60f9591996e05c0afebc2,9ff18cf4a513337f5545cddbdb786b0634a0857df5b5a8aad346ad2c96bd0d26
653912ebcf21b2948dcbb975,baf36f57b7f0ffb6e0aec5fbe7f90725999c1b3bcfc0af776ed153536f8ad2d3
6a1fef2a91996e05c009b18f,b2ddff2fb2d1c48d458d86ed6c883c06b28330c8e7337daec31615f8cb3400d6
67135996ab7e60756e0230aa,f29b1c2ff2cb7ffb6b1684b312c22ac39eec3e5916c71c9cc953d1aa648fbbb5
64e48608cf21b2948d076935,1678b8b8d51a51dc8526329b161df4e79850db302ae481fc33a118bc6f6779eb
6298f8ec53c65bae2e7d9972,241a81be19353a362fce9c86d777f5df6830581ddee882264f536af1e6928a9f
671350c9ab7e60756ef2c302,1fbfdd99096c9347e0fc353eca773dbe44bc67e9615b83c6214c74855292fbb0
69084d62e3ec279a5570e9de,3fe4331e8faf96c057cefa175d5502d5a5815b2cade5bc51aaad8ee02c4245bf
64afec10cf21b2948d75d160,405f2e6ef40ce66b8f88ee2cabb22230ea689e685bb0050b95ee134b87a2722e
6a1fefe891996e05c00d2485,acf6ae87e8f58a76eb0c0c4491cd377e1fbdb737b8ce4cd5f977eee0d01ec274
6294e0547bee9c5d5a65d3af,5b4cd304d02080c5638c27c5fbca4280eb4e34e2f4db64cc4fdd380a709b3c72
64afe4b2cf21b2948d63ae52,67f1704fd0a2b5d39f3a743a8031c2806b8d7123b9d4c974c4bde8da47a7d468
69d0011191996e05c033d34a,26bc473e92a768c9bd3a74b245dcbe3f9028a9b83e902e8de3a22b9fd0908c77
6a1fef0d91996e05c0092c28,190030f1d55caa77f4f33ac1ec680400f0fc78dab088dda5cc97bafbbc6e467e
6a1df33191996e05c010d4ae,9e3ac5e15395f713482f33885db25c9d9f89c74d97edbc63606223f053ef14cf
69d01ffb91996e05c05e9305,bcf35bd16a82f1ff7a3dea2620e5a923161dd9b454a39f86cbd023c4314a516c
6a1fef1291996e05c00943d4,d2cd9bab9a0586f3f86e387b0b27e19ea65cd689085531bc3160398dd7333365
67f11721ab7e60756eda654d,ec19f437d04bb398ac6a19fd46a89a45790b4e5aa6f5c1505ace5b8515108e03
67f1168cab7e60756ed974cd,bc5c774c5d6fa2e6dacb16f4bd1b2d874838b3ce44c574c4d927e57d981ae786
69d01a7691996e05c0585889,dc344a29203380a33fcbc99e7de1b65eab4683993b8c50c6d78eb1a6c4371a74
65df536fcf21b2948d839aa4,af29b82e821dbe3aad46fc54d3436656a6670b2e66b70d7c1a4cf7df30c0350e
6603dd47cf21b2948d530c92,56350d093861c8db820b739c2f7f447d293428d97a9bcca436c294feab5a126e
63abecf87bee9c5d5a0efd2a,b3490461779b14c8cea8aa239921efeefc4e50e5b87b81c3f2af82c733c4bde8
6298fcdd53c65bae2e7fb31e,9b29587a33af87f8e5d61229ee3a571165b0a6181e0726ba0e68b04668c1f1b4
6a5f337791996e05c0fc0e95,147092e87394ee63ace8fad4a5a8c270747bc0d095a017757a41007d3a276285
69bd9c0291996e05c00d2fe7,52ea340afbaaf2a9a65e1d40b399bb7592580c58af5e09a3e4dc96ff82e8eddc
68db6fdfe3ec279a55b29b2b,47828b58994b65e7bfc3a7a1de1091fa8b23a47b522f7de6339837c19ad058fc
6299063d53c65bae2e842fce,a8a533a8ab3689de5435af4303549c5e70784a2468fab55a02b75e0fe7129dec
69bd733091996e05c0c9028f,e319107b87b46127c7abf4ab1a931894e792fc8cf10c8f3b609f61495ad517b8
6a1fef9d91996e05c00bb9e2,1b65265781711a9cc9268972ce184ce24fbf9c005202853ac817a8bedc675958
6a1ff04491996e05c00ed79f,259f04e19c95d44dafcb4653e00ec2f43c34c65ce971b9e03c3a6fbd919a6f95
6a1fef4f91996e05c00a4eb5,4714d603ca65aa3d523d162f834e15c0c432fed3f65cb762e919063357531b4b
6a1feffe91996e05c00d90b3,876488fa9957b4b766729ff5891dfc22891029612036cceb0f0cff7fc56e8cc9
67ea3988ab7e60756e99bae9,fc5955e431f691af7012f174b56d17a92e4f0d8d4ec0fd9f2c1b5aa81859305a
65df38abcf21b2948d40665f,26714b3e589be5a40cc22173835cd0046785d8c50e12b67ffb0819987e7dd0ff
6a1fef7b91996e05c00b1ecf,293d862093b67b6080ea75d5af4475df386535c87b3ee77486aa38e368ea1c18
67ea395fab7e60756e996081,d94f580feafeb2b5bcb11522444581c55586c3862fcbb43a7416834a6e87cf6e
6a1fed2491996e05c0ffb2ff,cfa2c886ae4006f42c3a7d1e72564795a16c7f8766647dd64ffad8e80a6ff668
69d01f4891996e05c05dc8e4,3a78371d472d102e18388c1fa244b449c648d387acaca286168d0277305ceefc
69d0bdad91996e05c09e9bce,00ac26df056fce8f549243439c03ddd4f58db91b0d946e5ca1584943571b73b5
628f42ad7bee9c5d5a85d666,a870fbaeedb0ab1aee97597d97dc52e032e71af4e096c128b940b00f7a1cbd25
69d0b5ca91996e05c080d4df,0a5821b29610c80cfdbba8aa55e2c0b02a0a8736a4b783f0554ad18f66ada8a9
65df48b9cf21b2948d69bd11,2ce3fb7bef2101af0e8a78199c1b5e0623a87c399f76ab4a2066d6d42728fa7d
6a5f347991996e05c0ff4a85,49db6d99dcae428a15a89d0de257792e6b51499e13eb5eeecc15df84cdec41bb
6a1fec1891996e05c0faa73f,864f151e33e0069aea95cb1e738808af52e413298710316913515f4f7ea4f45a
6a1fee8d91996e05c006abcc,9d36bec6493dfd3f296e60d597c9d4644ec74aefd0652fb609695f3e729a84e2
69bdcadd91996e05c02df4a9,ec8816de8e6f5ff9eefee481b6cbe692ad83c7e539bc0c3542bd62f682bcb265
6a1ff03a91996e05c00ea9f9,a7f188cbe1cfe3453446343516f934bd3b017c2af6271fb4160962ade30f32a7
6298f0c253c65bae2e78b72d,f833b49e4fd6acc5550608a017809b8fed54c9ca79802c676280844a74b43720
62ee56377bee9c5d5a52d6f1,ed9fc24737da95883ae336ef1e214b4eb7aea42b918e28be5cb6dfed52f87b1d
6a5f2d0b91996e05c0e83acd,5f967f8e63ad0d4025343d45ed414f0818c35079c2fb3e9281a1cab64f2a856c
68c7ed1de3ec279a556d95e6,7d0bb3eccbca702dc84fce5e782d1b680a8d94c4e0b627c303061d648f0985e1
64afe3a6cf21b2948d60a587,e991e707cf3e0f4c4c0ac89118ac68e94747a19fb58bc5c6f44decdfb58a79c5
69d0165391996e05c053ef8d,ca9f105e233423a192f4d30abad98c9c0e57be280beacda83dcaa2be7853e49f
65dca712cf21b2948db169c3,e4edff9cccd277c329a5f8523f57ed3366b7195a840a807461965fd11adf1c23
68060a2dab7e60756e52d882,8a73ec5b1db2612bd4f505959dd28b85dc7e6821679ef39137c30e3e55d7d7a6
65dc6c98cf21b2948d2a80ae,77e19f07a62fd88757614cc647608bfd00e8d0760015c43b0a72c8681dce5b80
622831f17bee9c5d5a983630,49801807a1d4a34ec9b4e094273beac185c1322d7fc6655cc6baed8ac55e3392
6a1ff01591996e05c00dfce1,d0bdeb70dbabcaf41f9a9a0186aa00123f84a2970806a04f5f4ea25a409746fa
67ea2b86ab7e60756e805f20,bbe153685013c9e9800b887914285d04f291e5e0b32e7a49f593ab143c1a443d
69d01c1791996e05c05a3f9e,c01532561b8f492fcb9a6008a4245c5b36bc40c954e9d1b6c9bf0f26e50ed2ee
64afe4aecf21b2948d6383fd,5750aab25ec759a750af1c27f55331bcf746476d2a17056ee58be0bdeddc17be
6a1fed3a91996e05c0001e97,fae38f6f72e2af7f48e904f3a7f2588c41d0032352a0c6561f33cf3042b2e606
628f45697bee9c5d5a883833,6047479fb262ed026e75b0e9d381d1b4bec2946263a6d1ac87804aa7eb2dec9d
6298ca1453c65bae2e56c756,e0e995439455c80996591a56b1fc035cccfae573f88fac5a4afb5f233951522b
6a1fed9191996e05c001d45f,0fd395fcece528fa52447e09a9d592be394deb358fbfe9ee5f1ce1d80951c04a
6a1fec5891996e05c0fbdf64,3a1b3428a49888a1d6fb07b3024f625d1af12aac26e9155b0bdc42f87706456d
6a1fed9591996e05c001ea25,1c9a67172aecf8a086e927551d5cbd6a60bbb85862e1087c73d12904d16eda88
69d2099191996e05c04ace57,c7f9622b6f8558457131e2a2eeeb76fb0f92e8911e8d179781dafd1d212350ab
67ee6e50ab7e60756e9a0467,5913ebee5a9cabacac94ba2cb4eb2a06c0950d3454c35c762937ba2d231a21fc
6a1fefec91996e05c00d3686,3f249fef965c17efcb11e2e95685f1d30ab7e2c55ea13e3a45a13d530e6dd0d7
67135878ab7e60756effe2d1,64181b636b29fdb23e3b87e64dd26aa3f1c7b682240529739d4a372d779a1748
6a1fee8691996e05c0068d76,d1b3dbb6d4a0d6862349134d9f4c789a9ae6b73fc7c88f54f2b96763076acc54
64afe44acf21b2948d624d8a,9f611aa941353d734adc68c3710d4c314bfb8f38786943abda706a5b43a56b09
6a1feb7791996e05c0f76d56,52a8d42df1b6cb44608ab22efe4a934dbfdd206746c036a7f366c865a72ad9de
682f1c7cab7e60756e319b06,d577248940074bdf21c8faba668920b3a42290c811e0630ed419b57c91165e9b
65df5273cf21b2948d813e56,a031823d8f391f30aca28aad83092aeb2eb9e5f8b0d1f8d7396fc5442eb9c0a4
6a1fef4f91996e05c00a50f3,1915dde16cff863d273cf2b201b7adcc2f13cc3672615001434ea3c840153f9c
6a1fee2591996e05c004c580,0e35c9f6fd75349b426222c1fc48098b5631f1a6522324894db6fb043b51f361
6a1fec5291996e05c0fbc646,6f25b70accc69913c2f6cd3dbae13c9f0e0df4adcf9e28fab7bcc0477d53ea08
6a1feeee91996e05c0088662,2322c8c813259b1faf9327dc4083372f4c5146f9647b011bcfb9693b20f35fe6
6835b3aaab7e60756eadf6be,0c90cc3dca768d091e3f8c71d1a76321ecf5837d28abded1c118c6be9e8fe219
65df54b4cf21b2948d884b67,b044e3dea79ea60b00628432e216e668124640202b62839c45d953b51d399768
67ea37c3ab7e60756e962542,f99364c0367da9b250ca0e9ed250fb2ae744ef2f1e2135fde66b270c8a3d6914
68bece16e3ec279a558b5e02,61e83722562b55919e45420ebaf5b71830097b4060a36f320887715ef381fb32
67ea3a0aab7e60756e9ab88f,fd7dc2b5f005d7ed98b0b2d7bb7928cb77d0371737a987e12237558ffb0cc5db
6a5f2fae91996e05c0f065c1,4e3341c2dce788af0f1e53ed1be412db5a8b87bb58491058d8b3945448d00162
6a1ff0c591996e05c0113e6a,e003e12fefaf431eb9de841ae1f493d92e10ae8437e09e46acc5269d8d835073
6a1fedbb91996e05c002acf1,60ac5a392945cdac228ef75d68f1e862770cfc94526477d10e768a531faebde4
6a1fea3b91996e05c0f0f754,11106c3a052f460dcf933b43ec428ab18cdabb842b5607c59c8fc900af9b4b2a
67ea37e6ab7e60756e966746,b28a0419af3461691212f38267ecc9e1d682b638e853b86c4a73b6e833dbc838
6a1fedea91996e05c003986e,8cfa5478a4e1381424ee255afdb31f1bc113bd1f64bd07e47444259fd1ce1b58
6a1fed3991996e05c0001906,7a00126b0902e7ce054c9d5a6d119278287a95157947d7862f37594e10d6cbc5
68e0ce07e3ec279a55024668,8de07c6b1b34e2b81a407d0665f4d2731fad7dc2a7b5d544b287b8f598fe2469
62990ada53c65bae2e8614b6,d09c5f46269790a217f836730257d30afbb690d2633d1a487ac621385e9a840f
65df30a7cf21b2948d2c5149,daf628fbb4b7d835467d00221beafed89c75272887d859b621ce109654ccff5b
67ee834bab7e60756ed4fa0c,9924675e5bbdebb6af19e24a5786983167ecd6026190ec606ac322098e60ee12
64fbc0c8cf21b2948dcd3a15,f6b278c94e56eafe33b6512768a159b7625dee8cd7e9171a55749a05b58efcaf
654dbc708c12ebd66f52deca,42994ba08bdcbea9c7c089649a7ae24e6aedf14f53de32c973c25808a65be3a1
64e4863ccf21b2948d08778c,349375830b66a2f04a3e6d6a6b51cb600cd366154fb64a18a69cadcf6490480c
6294e50f7bee9c5d5a6a50a7,ad012d77224b45243a7fb4f02e0f746479e69a2621d7cf3d6458ea10b34518fa
67efdae4ab7e60756eaab19b,f0ca65d7b28a7e81a46f9d3eec038560596885179942a45e4be03caed5c001ac
6298b02f53c65bae2e3b0fc6,195cdf3150515e25eba1424737230ce0202d21bbe8c282bec861213f7fb6a124
65df4654cf21b2948d63c471,546e8ae34eec006a744e147b232325b13054da73fc9dd5bd8c18a9f6d6c619c7
69d01ea391996e05c05d11b2,3dafb7f30ec1298b46b89fdb6d355517ecb3255821779a13f831ef3d73c7d4e1
671350c4ab7e60756ef2b295,97c1a357b1de5e812be132f44d676e949a9548c4ff7e56b3c03fac1766fd5279
65dcadc4cf21b2948dc10a88,7e44fba3e13a636aacc55cb7262cf3b3083b636b58184afb544540fededdee1f
6a5f305e91996e05c0f24e56,71990d34d6d902eb9c623dfd1324d1541ba0702e8e50bc43729a5b6316437071
664f3a35b7e461e1e548f1a6,f7ccaf661fb9d0449d5a4a13b146bf34467d0fd88adf00740d0d5419091fada9
6a1feda191996e05c00228cd,5e00dcc49b1b70a84160e2c635d48471f325a063ba316dbabf0eb0f28ac79a39
6a1fed1191996e05c0ff5933,31987bc3ebb20b567c7470a4ef040aca4810d6e1df85abeeb3e6a333caf63d7a
65dc9e16cf21b2948d9b831d,c3a0bcb947ef62d1f91d612048877d4d1c3ab2f65ffb4db55a66795b0cd0f52f
6a1fef2991996e05c009ae79,0a3fa55fc57e01b2fcbb14320d098b078e14845a433847746999fbb5dd2267ca
6a5f271d91996e05c0d49328,4de5df08e325c164fe352ab2e14639943c970e2d1ce9a1e33790fb334155be48
6a1feb9b91996e05c0f831bb,6bb98419f3cf892b4dc465411d81ed45f84ee13fa3c3db197acce96b3e0def76
64afe3edcf21b2948d615cac,a8f27416ca97864a9b00bff819383644abf74b371d4fbe3f0461a55f60848b0f
65dcb01dcf21b2948dc5f8c1,345111b9ef38f0971ce8b675fa189bffead032689da76fe08c5d97fd141b37cb
6a1ff04091996e05c00ec544,c491e7de988ee5efe88e499e67175b9988a70feec7b40ba7c5fd0883d094ec69
6103b370ee3b0993eac2ebfe,8b267fe7567a2b0c3b9c2940aa6e8058ea4b15ac99e15c947a90230d2b3eadbe
6a5f2d9591996e05c0e9dd1a,8ee2016e9dd2fc9e55eaac1f9e72c3cd8b87bb5992bcabd7a5427eb866fca1d6
64afe4b0cf21b2948d639edf,ea4d42a923dbec55774bf172057f5596ffe5bcde575e26c511fda4094e394279
6a1fee2f91996e05c004f249,47219272cb82220ea815266fcce7f1bdfe3eaeef45da7af167b24c307effa035
6a1fec2f91996e05c0fb1e58,19fa2ae4a3d5fef714644df3204eb22dc613e5b0cbdbec21c257deaaf3001d96
6a1feba091996e05c0f84cf6,59ab03cb3313433ee99e388f0d09ab9f90b88db421a43d90271bcefc4096c7f7
60fa818dee3b0993ea25a0bb,1fa08daa1402fe45219e481824ccb3678a761130909a5ce0ea941f02ab2153f5
63cad40b7bee9c5d5a6c580e,c710e21dd78289433c08907833448fd6e86fabdf1c11053886a919845c91efcd
62991ace53c65bae2e8b9561,820efa72bc2c61a2380596fa1cee35d3a1d2d2b96b5ab09327b1d97edac23492
6a1fed9e91996e05c00214bd,b7d8dd083baa49137cf2620cc071992aeb360156d0f2c4196b546e48ac879446
65d88582cf21b2948d7c4bd5,4b5cf20a4ec182383bc1ff1d12379d7f6808f6aa4eadf3b704b9fe2395311a90
6a1fedf791996e05c003ddad,a8ee92c7078ed43c8bb96c34ed8ea119e5153484fb71d747aa3ca3c2ed52c686
67135989ab7e60756e0200e6,f02296811117de8652e97403911a04d095667a0139f466ac3afc47d444bfed73
6229ac977bee9c5d5a29e755,9152e65bf16c84f48db300d8892f7e84818717a6baed8eb7957f1f5a9ee6f6b0
6a5f2d6891996e05c0e955d5,83ecff2bdaa77cf11237960499c53cb3d413e0e2d390710fe70e67b9fad29bfd
69bd803491996e05c0e4348f,8506d9e94ac064c69ec2337ed0fb1aed1754c1167e07a9f909cd53ecefbde0cd
661d0558cf21b2948d696ced,c8eb787271ae484e822ba94eb300a611e59778cd2be1d41278639a4a6c78ba43
671350b3ab7e60756ef27f44,4c52464091eb35549d50d84c6b0370e4ae18ada4c362eb4e6e21274988b7a210
6a1feb5c91996e05c0f6db8d,14a7c1c93c5e79fe57e0db222fbe492b340ac75da4f97d3066ff7981a79cbc71
69d0a45e91996e05c034b9b2,c0997b7cb91fc072e9348895592bdce53a51f1a183862978267d38bc63b49522
6a1de1e391996e05c0fee66d,444311269ff8ca2e9a2ea41c4dd68db0ad82f436c7d58362355a1a053c189efd
65dcae08cf21b2948dc1a488,0be7469c96a89c0b3cb5165f892d38a10f29ebb5609a8ce20e3530b8d97f6c6d
6a1feb9a91996e05c0f82be7,39b42e45e628586a8f407344ffd51fac1f3376d142a336f38da2d693cf90db8b
69d0a5af91996e05c03b49f8,7d53bb3eaee15b55df66bcee7c14ee6ef39e6e4cf5dcd64106ee985c2ca1dc99
64afe6aecf21b2948d6963fe,67ee4dba0ee21cfdd8d77229f12cb1ad308e73b8083f40d4d861906d4edd840b
65dca9d0cf21b2948db7a9b6,52b2961e78547fc969323670a1dfc799013c0296acf24852a75c23da9c109ab5
64afe4b1cf21b2948d63a6b7,31b7c0976f19444518f5176870201af0660d5285e85cabb376ded964a3ca1702
6a1fee2a91996e05c004d7f5,abc58e1a4d078e672d622da31c6c3f7e5140931ddb4f421322046876bfc12f2f
69cfbbad91996e05c05a59c8,c85faff8f5aed20280c140ba141f1348e71c59c342307613308d27f09c7a955e
661fd98ecf21b2948d87a095,d842be20749daf91eaa28e45752c722aaaaeeece14c613a382baa1a88b3c4e30
6a1fea8a91996e05c0f29f7b,1343b225895b8a19f95dfe4836a05d25798f46055ee0c6ef0cfb9df585c7378e
67220eacab7e60756e6d9656,789c07c5fc6620a12b20dabd1917a83c83cde694f162dc7df3661bbb0b242b4f
6a1feef991996e05c008be87,39c6156f4243677b9a78595491f183d3c60da896dbdacc59ce8d9b44810e2798
67135971ab7e60756e01b376,25a3849ef7ca1572b3343674347be7d92072b44ae1672c2bfb956be5376057bc
68527a28ab7e60756ef67c4f,37b3337e01ef9c10969d1ccee3c30844f840d8e4b556eae7927c3829d50805fd
6a1fede591996e05c0037c93,d3791043730f4b4c8bb3e127ebab5d3365623ac348ae83427b7435c9608ccc6a
6a5f29d291996e05c0dda6d8,3b84dde917dd900d9e8edddbccdbd4ecf626c7db5caf71e49992059d81810938
692e8f04e3ec279a5595ab9b,4dcefa9a76bd5c362b612d5d313710ebd130a7116af42a4e14aa81a27b9d002d
6a1fedd291996e05c0032270,49af2ca38015f76567f01442c59ff1b24fd2bb9c3d7bc2dfc515a1ea115c849e
6a1fee5391996e05c005a8fd,af4924d9647cdd1249191c2faef3fff43e94008bd88746be65b8b645d719cfe2
65df5428cf21b2948d85c9f3,ea1932ba7a386369dff315d7acf929dd849df4ba989ca7f1cbf866b5005b0be8
5f8a85684b61bb08c2840b25,5bd66fcc1b42f290dc7092b2952e478371698ce752cdc4aea68ba43770e0aac5
69cfc22991996e05c075807f,bb05294ce9e49e7a9108090b6e95b199d0dca55d04a7a88523542ac744f328e1
6a5f2b3d91996e05c0e29348,92b83fa16cdf66f6eb3e2b80f53c20f71159ee6961e75b22da23578a85ea6b9f
6298eb5d53c65bae2e74b5ee,e4ec4b512538acef867da7f62da992d54c29fe2ac12b0025a30223735235dd18
65dcad9acf21b2948dc09cf5,9f23192e10e4aa41c01894b96a59f2522e3df2bb8a66b4422e6a03027de2cfe9
622b1f5e7bee9c5d5aae3582,2447dd712214bbaea9f821e30bf27b3c09040fcc9237ab84b2c6dfe129c1c658
6a1fed0491996e05c0ff1cf4,3036995710cc3094a3203f7458d5b01df757ebd7045ce10f8244eebc5f3e084f
671357c0ab7e60756efd730b,81c08ada427073a89ad99b80a41945ea24ae256c2e0549a9915e235a40a546be
65dcaa46cf21b2948db8b21c,c7e17a059b3e1334649f4946e2ed1db64256cdc9b26c92da95b375058f2501c7
6294d3e97bee9c5d5a58a45d,7421de96c53b15e09abfaeb2f697565f29f8ddc8a505e8feda473ea7f253a7e8
669788daab7e60756eeee88a,764d2f90f55a741b2656a9f62a5ae2c8a27f2878971d6db84dc12fbff56c58f5
6298e73a53c65bae2e71a7e1,1a66192563efabf74975a66d23738fd8bf9f75e2216390b7f84a8ef88929e49a
6a5f27a691996e05c0d65181,74ae025c073a18fcc4fe1657922b24435dda39d62c54ca6d9b26cd8c685d7158
6a1fedab91996e05c0025f70,26e91db8a6d4ebb5a04cee5170318741f0fefdf42dc04949d4990d6f6d318c30
624db14f7bee9c5d5affdd49,b98fffaac96799ef023de1cc0d21f647def87f3405384d4f184edbf5afca7fcd
628f3dcb7bee9c5d5a81e75d,2068862e723d2d1aa3c83d6d301c19140b0e0d7a874a7ad99ba7034e3c534d78
62e8e1087bee9c5d5ab25e9b,b3beba1f0e56abbd7e71e9961b884c3a8ef2ba4f954bd7afda2416c82221bba2
628f47187bee9c5d5a898888,9f4797391481b8257d56251e6c50af46d5f99551aabbacd44ebfcc717c8da337
62990a6d53c65bae2e85ee6f,a6e0f5ba2c093c1d71a5d3570d5a311952eefb7be38f237a5c36350719286c4b
60a14ddbd5cc3545904bcf85,75e287658694f6b5354731b3957af7b331f01c6485c5beeaff84ae880e056453
624c20367bee9c5d5a394094,19879b169687cd8ef40b562a6fc0c14e2a918f59cbaffd33f8f6c4753bdb2e1f
6a1fefbb91996e05c00c4c50,53105fcd47b5f5e1ec52b6ee837ef141a73b68da00591e9c0dbbff99906237d8
6a6c4cd6a8ff762f0de69d03,1b276b8fe75e9703b6f55809c6d638b8d1d00584fb5dcbc13b67ec611edd27d5
65df3427cf21b2948d35006e,dbdac6fc0a121e794dd30b07ff9df4bf12bce8dd21a61ac2c674c4c8916bc030
65df4214cf21b2948d58cf54,bebb0bd098e18ffcbf36df91e9e555a03a82cdff9aa46803d9896727f3f307b2
680f3e5bab7e60756e8c01ed,cd45cf8595584154b796417fd08e0cd632374a21257ea48e31b38fa5c69edd7b
6a2fd81991996e05c05e2600,50bbcd90d0dfa8d71816acac9ad3a3c8e8a56497f7ef2a0a88c3928419b2a6b0
60095a5d7e23857eea55ba06,8c0c4b4e5451d206c988dbad4e49957985475e913e2f2af6cf82cf7c9adb3063
67135961ab7e60756e01825f,a33585a59891690a0f5c62d1faab9192be64c608b6936583b82218ddeda36dce
606c5f73d5cc3545904352ed,6e4a89c219b4ea8f2882c62e4e6671ed99ad1d251aac834dd1c7ea03368a36c2
6298fc0153c65bae2e7f3f8a,2015658724cb44fd3937e8ebd58a4dfa47efe6709943a2848ba6796598666a64
6a5f272291996e05c0d4a830,5153e9eac107ac70f4c56836e3ef0482e8a64148f6936bb47da623567bb5f4a6
6a1febd591996e05c0f95bf2,eb5e2ce2f757b278ff1b85e44248e10c96cff6894ddab39c30cec331ce2362e1
6a1ff04691996e05c00ee101,61ffcca59cacc711a38903ebc7846194d68f191f3d9547b2b169db37dd449761
6a5f2ba991996e05c0e3ec3d,d8272f710f45db9c6b9d11be29287e40e46c3324432467f2b2dcbe027643f682
67ea3985ab7e60756e99b4ea,8c17b851a7e79120381d1126b71b7f814c21f5632fc6f15a4dbb1db3b349bdbb
671350ceab7e60756ef2cd6e,27e88d29dd53e225f12187c1f3352b15483ffebcf1aa3fe0559181e25d191729
641aedfd7bee9c5d5a408241,c874227dca732e4c68327465f0381b8f3043c6fb4f74b49d092c6a01225a1344
5f85b1c84b61bb08c269c7f5,70b2ca5eaf115e9db93015450f3b9eba0c249e1e2ae4c7bd3c9c3e98f4ef8650
628f3d5d7bee9c5d5a81a238,2971916ee1444d3b94d24c9fb48ef5c8a5ad6c44d7ee0cf31cf62317353b31fd
6a1fefd191996e05c00cbce2,36faf4fd556c93334df8efb75c93ab1a7445231a9ede3bba781e84f0d4200fb5
64afe4adcf21b2948d637924,f47c1893342f9448ea11357a604fc39c7c9f48ecd07dffd5e259521a417173a9
629908a953c65bae2e852979,5826a8264a76f87d2082094e687e8d8b7eac05dcb4d65e687cddc8d633dd9633
6a1de62691996e05c0040b8d,bc5c572c91437eda7ac8c96aa1810a0d00c0ceee9c9fcbfaef772f42c61a7978
6a5f323591996e05c0f8188f,caa0d71d23c0d4ac4d385cf6b3849c0b3a5799d96b4781ef685730c6ca40a893
655c4ac48c12ebd66fe6e906,9b81607f1ef218a6a493c3af4c25bfcbfa48d99a747991eb900d90bddee2cb9b
6a5f30fb91996e05c0f440ee,aa9a15cbfbebf6db0ae254e8fb9bb51a7a958e9c61fb6c13ade7acb8c560ba48
64afe6abcf21b2948d694a82,702f188869160711a5b9b162f9cfaefbd68249cb3fb024014bdb4b912d48ac0d
6a1de2ed91996e05c00005ab,3d3d721052dfd49927a5003aed802ac50074310d44fd179590be9e2b10435239
6a1fede491996e05c0037766,6ec130de9dbdf7c10b7322a393e8c238a04f6ce47e350428fd6145bced291997
62593c8a7bee9c5d5a1da79e,1f9188da711ef0effcad7a34618cff6078777fd85b991c3a651d97f7130f045b
6603de04cf21b2948d54ced0,c0e091f1ab7059f92fd494d8948cc553d75b157a8f22a8dc15dbee35cded413b
5ee35f0616d97489fef4a188,d52950152f17aca7438cdbda9b79a592795b4b088335069205c44ba12ac7c94e
6a1fef0691996e05c0090249,38d0c84dd259578ccd9ef425663d05201cb9134375086d4ca94cf46921cee510
65dc64a0cf21b2948d191ef2,b7a91f7832e5ebffe2c9beb7b2fc7690b965541b5fe9e6557dbd469f53f883b0
6a1fefed91996e05c00d3bed,e985300b44dcba1988ec42df253ea0a55f8a01949320da305fcaf561003bae52
6a1fef3791996e05c009e710,11920273e935f97b0b34657785a6c7f4cb9c23d2d0b625effdd75b880220f6e6
6a1feccc91996e05c0fe1584,0017383fe0b37fef518fd2faaeb66facb7e5336ec3ecabf88769da709022508c
652ed9a2cf21b2948d7a2fb6,137d5a43a1491d7daaa0761ce2b24a124c21c53570e266ff65f70b1af9ecde0d
69d209a191996e05c04b1891,2ed157aaef0c2814119fbb8be14a0e205810079232b3b14e58c4e54815031687
65df5100cf21b2948d7d9cc7,ed3d51b2f302d51037a4947741bf3ef0525ae0e0673ce7274a4cceb8d1e15027
67135990ab7e60756e021b69,691efb5c7f0d5aa0fd19197c1352e817822a5c4d61ecdcce56e6b87161e89b80
6a1ff01a91996e05c00e14f0,85e120ee8774a60c53d09afa778d68407d0f0c90225c10c036a7a546ef393bc7
67ee7f92ab7e60756ec870e2,e63be9c1938c0bbe1f4291b23870c623386595077c9933caa6932f876b48623f
6298ed2953c65bae2e76090a,17495bc75aa98c4cd21956e9f78e884dbdfe5f6bc4dce424c1a4952069cf97cf
65dc9775cf21b2948d894fb1,89360757a6a8f27a0e32bd2315c2fe01ccc2349d08e0a2f97bad16ce4a8cd516
6a1fed6491996e05c000ed8b,9c17c4bfcfd76634b54371a3f2590e9621f8761debfe8fd54d4e372b57e87a19
6835b38dab7e60756eadb5a2,77be79a13d69b741051f3a7b8716e3cb031919c73ccf2a3bac58b59bc89b06f5
6a1fefd791996e05c00cd5a8,ba214a96fd598e2fe48099a390fd200339f7fbfe75b48156ffe6aaaf28212adb
62270d4b7bee9c5d5a2d8524,2141d0e47d4faeb2488e3038192cd20f2ea0eb329f9d424a4503a926c8718391
6a1fedea91996e05c0039972,0150ffe9847bd6b9d22ae24f40c03bc8f9f0592450a2b65ca29b80f8c8a2af99
67134f59ab7e60756eefe95c,793687c3fa9dc24de3dc5a814a4a3ef27f1f092dba6a65be2cbab2679bc2658f
682d7e05ab7e60756e7a3096,0932de6b5547356a0da5ca94416535970918d76a80d56d23a22d811caf0c36f5
628f40197bee9c5d5a83bc97,83c637210316e78dda3c7067f0fd213a76db4e160a22c79fc648dcdadc3329c1
642b04697bee9c5d5a2b3a98,d4bf300cb827718d533cd414d14b3ce5725da143789da892be8d5b49660cdff7
62991e9953c65bae2e8cb0f6,4dd58a28bed9d95f71c49f056b3611ae6f78a97a1ab76ba6af1939866a0053dd
66978675ab7e60756eeba69d,ffb2326f5174dabfe9ef87973f6a47fd057ebd2a5e04eae4068aeb5f6ce68d3f
624eb2777bee9c5d5a5f7c4c,aa349ddabf588f191824e139a6074f4e86b9af85492ee28d14cce66e83057cdc
64be45e5cf21b2948d0fa9fe,cbb7fb9cbf7234d4502ebb5f41b151bb8d32e9dee8fb58119c3a48633abd243d
65df52d7cf21b2948d82374f,288fca7a3f011f8a5d935b239567918ace30cc173787a6655baaf00745f815e7
6298d72153c65bae2e62d9bd,5eac4e023e1c0f717928660a6241643007e364cb04233bee98c17c37fd614caa
6294e63a7bee9c5d5a6b6b57,d72eb449bb68deaceaa3a369a12df762559bd9f443f710fa165701054746651d
6294dd347bee9c5d5a62cc49,5f5de1d715715991ecba7ca9e649bcfb35f7d0283af2466392ec4bb9f56f79c5
65df5195cf21b2948d7f0034,3356123d1a23666c19c19559c8d9c50b2a839ec3b4903f3ceffb39a3bb4cc316
62910ba97bee9c5d5a851360,b37a3f96b98de7c8cc5125926a97b45b015a1ba0f3325c7a68feda6fd23cbfbf
6a1fecd791996e05c0fe4a76,e4f75f38c73a2c82d33399fb7746d0cc4f03c8e019b999bf34853e3573817aa1
6a1ff02d91996e05c00e6ae4,5993c5c9a2160c132d889e0eaf9499b004076b60198df9d22f5181272434d3cd
6a1fec9491996e05c0fd05b9,fce874e9765e50995b09f96a7eb4d11e21bdaeb2d91a849534f2d7b5e8ccb9da
6603ddadcf21b2948d540374,b36e120f5c267c261e0dd432cb429b53231f617c23d8e3890799e159478423bd
653b8b55cf21b2948d63589a,3d8ef0b9914a975f1b50ba03bfd1d49cdb293f21e040b070b248a45a66e506d7
67ea3b32ab7e60756e9cfec3,c3e1b33891015ccda88920abe5e7301a1eef2a2e4e22548ac114eea6195e259d
6a1febac91996e05c0f8879d,bd8616afe9f673124e092b5ab579a3542f429b03050bf52f0341a1f7a92857de
6a1ff05991996e05c00f38db,4cd6429e6704f7667e6d9cadfa773fdca2b6bd87f7525783e9c88d44b0a95dc2
6a1ff06891996e05c00f7b22,1bc9043a5a86265d84517d25e0e2675dc8298d84a75717e5abc4d820a3269433
6299036d53c65bae2e830207,42cd0e56811bbeb2f7947ce069f2473f21d75f607f41764fa82bd0ffc615a313
69d1f55191996e05c0082104,aaae93a52f788278c5159b2f7f7f3a7d95a26be33d33f863b0cb6929f06a99ef
628f3cdc7bee9c5d5a814429,c76e1cf5f04005ad39a8ee70ef3945f271b9ee76b06f290074c1ab15bbe9506c
65df52ebcf21b2948d826842,ffff7a50b7f58aa180d533a3ce7628f3467d756f147e80b7d2b09e091b31e67a
67135c2fab7e60756e06c007,604842c11b50d642b701d41dcee80bb5cbf364f1c328a46a5c118496a6b4c9e5
62991c8653c65bae2e8c1dcc,45c722563859107d691911801cfb1442e08b5803dd364fe357f5edb72dba3f85
69bdb8cb91996e05c024da59,df7f69bd9ddf89b4b41724dba79a141470f9db297a4692d98eef76ed54bdf556
6672bd4eab7e60756e1ebb1d,5ff35a1414b268cbb05d0769946572423bdeced4b5d01125b58bab4ea692bea0
69bdb5e491996e05c023419b,cb06c0d7df8685f4da6f48d218e7c738684b1cdc8f01125ced30cccde51275cf
6298b90453c65bae2e43948b,3f4ce32eeaed3271acd6b048bcbbdd1745b5a588fc59f87e924a7d317763f17c
6a1feea791996e05c0072d96,b129bd6f4a5ecb70db4891ccbb91a1a329d0457b8faafe26fbd480e35d3794d0
6a1fef6091996e05c00aa364,9c564f34e40f286edc18cc0ab4f0d3a02a4643b2e2b62000a7a8b105c57c7bd9
641aea347bee9c5d5a39a63e,c91e8ac6a76bc9d2163b721e49825b3108840f0f7a0eb62602368e73584fbf01
69bd569091996e05c073f36e,e0800eac839b29615caeec1819941a430a81c83a6430731245d2679d730f8a1e
6298b0e453c65bae2e3ba952,52852cb4cdd42a378d4da6d28e01199cd887b576f747fb162b551d9c962a5675
6a1fedf591996e05c003cf12,8c2ebee735a35a767384c42b92650866d5262d6a12dfcda314274244eafab7b4
6a1fefb091996e05c00c1441,034fce363550f88ba9e0348d9bad57eebc15c5b1aa6b56ecea968eddd769dc72
629491bf7bee9c5d5a209c68,b029d865df1ff8ea27fb2379ca3e77b1debe03b717494d476f6debf61062670a
6a1fee7991996e05c0064d94,a5204a94132088c3d5caaa410e5161fa11c1086c2e3bb1566413b646aca10f4e
6a1feddb91996e05c00350d0,9fa1e844e9058019631ee6af375575aabcd7af80b5b0e79dec231765cb85d216
6298cc9753c65bae2e59523f,0646cd606131200a5cecd001afc36ed19a0b67c5bb8d7d91df135b84f69dddf8
691afda4e3ec279a55d35b3c,d58da03f9402e0fb7bbf58dcbdf9befcc588034d837ec079d7aada82423e389e
62991c0d53c65bae2e8bf6da,369c1e54060c4f635305e8fe69344c12c1f370d1ae7466c7ac93a911c97dc4e0
68db6fd9e3ec279a55b28eb1,83d3094a69f773c363f4af83a3e4e5992c0f556bec1150d0fcaf64c9a53b0960
6713580eab7e60756efe7cee,696ab5e2347e4e43c5fd9520a40f8489e6039059a81e7fd941b3d34036cdf55d
6294d8d57bee9c5d5a5e86b5,e75ca56cb7a9638f2e830ccd8c05fe48f2f6a17487ced2370449395b1f732351
629916fb53c65bae2e8a5aea,37a173c6cc79f0e448c67acb5cb4ed0ac4d9e361d4745b037ac1f52041fc918b
63cb04717bee9c5d5a85c12a,fc3e17295669e6e08e39cfad9afd327fb13a6141a31f129965e4cbd62d50a702
6a1fed3f91996e05c000335d,88f429e64829c382926da7ffc534031eaf500446817a8e895ca26c825dc2dc96
6927f633e3ec279a552f93f4,ed9f59d25fe461f80bb200720b6efc65d45887710337689891609a4b43231f06
64f00174cf21b2948dbe5ff9,f426b5744dcf0f8e630a240f8bbfa607b3b6a0d81c31aa2e61a3240922d210d2
6298f53553c65bae2e7b86bd,62101ea9596fd1b334b52a2a148305fd7d5605443a95de50c9ecbc237033fb95
6a1fedad91996e05c00267f0,00a8d6b01c6f1a9834ee2fccab9c4832970ae585aead8eadcf40b115c0cafa86
6426764c7bee9c5d5abd4db0,9c6b4c3b018ee97d90799c14316412a8cdabf600291ded20e4218c1d3a362d29
6a5f334991996e05c0fb79a0,0ea91950baf907143710d2af8a5b005f4c1c848a5e5a5cfdfd2f2071ba3cb509
69bdb8bf91996e05c024d2c7,b0dc0e3b98d1b7ea83df5e09f956509bf1ce2283f328e3f272fe0a009cfaef13
6a1feafd91996e05c0f4f0f4,b350fd95acb5e1f03145454b90819f5301d465ce6a955b6bad16c3ec27403a45
65dcb216cf21b2948dc9f9a7,5e8ed0962dc5d11e6f475ca1e2ff6eeb2e1bcee8dd795e83410ae2bef9312fea
6a5f2fb391996e05c0f072c2,519fb2f3d9b73cf8b054e5e17bf102c2c616c876019ea27cba0d7a57bf0dbd3b
65df354dcf21b2948d37c0f5,59e035c4f314df8233eb6c3ae5134f17671a1c75a37442c6c100f734fc6b7db1
69e6111591996e05c0b3e704,d8d28f5222a4f1f17a3136edf1dc532254b310b647e880401c8df68ce83225e6
6294d3857bee9c5d5a57f96e,f68088b011f78720683032b7b91de60254bf68f6842e823d82ba851d78edcbdf
69bd7f0e91996e05c0e20346,93f6305c8f4cf356212a757c2531327122ab5803588955db360e24fd59f28175
6a1fec7391996e05c0fc5d71,698813b9298d5c87241f61890f0476eec4537e142e5212ed76c1afad1b6b6af0
6a1fee8b91996e05c006a3e7,a0214adda424496aa311781abd21e29bce61d01af4fd4705b6c60f6d612c3554
67ea26d0ab7e60756e789d59,2038336ba0d86fcd59987b981e22374292b7f5edc463e7a59d35ee73e74ff104
60ab238dee3b0993ea1ee72b,6fefbc7e8432a412849b9cdddf47d31a767c7cf2eb14f86705e42ef1416284a1
6226f85f7bee9c5d5a21bb51,a7864744bbac4d25495c0aacd659725c3bf9ea091360be3b3a35b67b0237ed0a
6a1fed0e91996e05c0ff4d1a,82b4e3783b9e29af4f66566e9bb44cf8ea3da81d1eb15b9055b72faa743119db
69d0a39791996e05c030f9c4,534e99015c296229752b3ac7596176bada10415c8d94a05750a820341020e0a7
6a1febe491996e05c0f9a3f2,8cd2b545fe29f9f54f56480df87d3fa8885ba70328d91b9064d73b8591834b07
6a1fef1c91996e05c0096fd0,9c92c3160a041e83b103aad946bf2c88f61b09a586eacff89685e362e7c5d42b
6a1ff03a91996e05c00eabe9,f237402731f23ea1a2e3a418f80ab637fa3ade2173143f13d7e57b1f44dde801
6a26a65891996e05c0a9a897,9d1dcfe720b078d5fcc65d0926b67bdf93bc06245f433c6016505d3e619f698e
682d7dccab7e60756e79abcc,cc1583e4bc7bdff783beec0bc41e815a776374ef428471938b9b809fcc624d9c
6a1fefcc91996e05c00ca4a3,943f383850b8d095eefbc17967693deaab9a72972a70871c696f5fc4c28357a6
6a1fefe791996e05c00d2212,182c19cefaab53d3dbc8bb8d15bb218100ee14ded2802d57333f0c674213886c
69d0a2a491996e05c02cd933,e21dca2e8f4e5e535ed0ad408dbe96791bd01c5d0203f4b8c1ed98c3643b8841
67ee84dcab7e60756ed96f49,758408c6e44d65a4dd4fb95f0e8207ea8beea3fe97160ef94832c3a32ce1bb67
65df48f7cf21b2948d6a4f52,05336ee5c0f9cc6b07e78b47012d4b9078a5334e869b115b07954e1e608b3f58
6a1febec91996e05c0f9d15d,e775ac5291382ca95e90f2256dae8b8a26bd76268cbb5663424df79020d77101
67ea25f5ab7e60756e774680,5231c43fb2b1bfd2f6154a138fc4610e36950dc927e28efea89815bd8ceffc54
65df24becf21b2948d1078c8,ab115a1c0cb53641abf83427f7181eea2506902c2d1b9961c3b879736af1dbd5
62990fe053c65bae2e87f2f0,e38e255123f50b4c4b0835250c5b70932b4ed4e2f7b91159b55a01bd62783464
6a1feeb091996e05c0075b71,d354c6ae4875cb4fc64a3ef2db77504a37634cb3cdbf6922799ab5886975c72c
6a1fee8e91996e05c006b087,a9db6638ea3162898b6423e3fb6ab9836ab5aae57af33f49bbd299563c649b0e
6a1fee5891996e05c005bd97,7bf6e7f3bfe9965cb2fe824b86c4119dd762d8ea52a3af2d9a59b63d63f8fd5e
67efdb73ab7e60756eabefb9,8f038e68c74e5744455bbe0c58013a59a796cb0da65f3ec0e107109c8b3593f2
6720cf72ab7e60756e6c59f9,309691fca4f4ba51e40386d7bc2360bc422bc9845841f127aa4d932dde871d72
6a1ff0a191996e05c0108a03,86c695efd5f5bcd7a1eb148f6a8dd1c7789f9c37f6df78886f68365b34888158
6a1ff06c91996e05c00f8b1b,1727827da017c2bd394d91d6bfc8d7ce043410d223d30492a48cde53a6e9c797
6294d67d7bee9c5d5a5bf5dd,3b5f24ce072f89367e38f90b7c032705008a7581e60561e88c9a9b4419dff571
6a1fe96b91996e05c0ec7400,6a14bb5dda15a6acb9782fec637862feb873e277b315e36811be4a0d818aaed8
6a1fef6891996e05c00ac80c,e76564ac42b14ecb38b61c3e7ef27ddfc1513251476290f1725d7a142bbd750b
6a1feaa291996e05c0f31b8a,8cd8a8238a9153abe572dbd8b5e13aaea120f0e795c4509fe81f9e831bc0c4d4
6a1fefc191996e05c00c6d1e,bf7519e5f038bd35e281b6c6d11f663efaa2f3e0f246de8e7691022f4185b59f
6a1feeab91996e05c007418f,db5f1a80f982ab834f66b6939240570b1918242c8d1f620b1dc55b2c9e5ab73e
65df1d7ecf21b2948dff335c,ad2b8d5d5bbcbb59bb710505af6ae35153703309d95828938bab653da6512c3e
60322fa1b2449a12c9d5f011,e0d606969eb7e9d79ca8fa2ef3f2c54a9f75d031007209950e4e1c97206a541e
6a1ff12691996e05c012ee7b,da28f80223a992d0581d8a36fd6f31a12087c27577b68dd9ec907f437da16dec
6a1fee3891996e05c0052120,928a0d340ac5e10d9fc138e8012180954d9018c295673da4a5b3da770ca73dbd
6a1feed991996e05c008240b,1074dffc91b8d646f6a657eaf29dd03a8e94fff04880316a4a76a2f065a32256
6a1feaf091996e05c0f4ade1,b16ab1d881d727c7e109ef6080b1ab3bb0d4fd3efab8d5ed08d2f266fcd497ee
6a73ddfca8ff762f0dfbb986,dd1fe2b5ea93f29f86c8052031e868534e4b1cc558306cc3ee60d0849988ec5b
62990d4053c65bae2e86fd13,79de93ba1a071ceb9d341eab3505aed88b125fedd874f0fdaa2a6958ca60f5fe
6a1fed5291996e05c0009033,7475efdcf267532a69bea23e0e063db8be3716d1d15f48975c320c1f9dc76ce7
69f08fbb91996e05c0828572,bfc16d0b90f91c21c77dadfaacab9b181987e023510cc5f8632160bab4639456
6298dad853c65bae2e66651f,b2df8a888adc024c986f54076ae9cc9184a7c191f923d2e4b9cf125e54dfd0c1
6a1feecd91996e05c007eb08,13b0aeeab823b2c032c2179110d3e9f3492905dc2079d221c20c8b9a8ac2b10f
689aff1ae3ec279a55413f1c,e9a98862629e31318d2a920b4ca123cd975d2a48ccf9f9aabc29d1f6f7c0f32f
67f10d40ab7e60756ecb4e45,4ff90a6ceadb4aff25e4342c467e17635ecb93492280e847dec1af339cf6ebd3
67f10cd4ab7e60756ecaaeb5,7b13260fe10c6c32bdccf7fce440bbaaa66629046a4c4cfd24c75577228c6c87
6a5f288391996e05c0d92919,d095df7449d13c0e8dad87f369649ff916ad94f33591050323be3010a8016163
60fc5a96ee3b0993ea7bdf65,a9ac546d0357633543004e60a708a6ea803a2229bcbdcd7cb4b68c37930fdfad
670ad1abab7e60756e4b3f3b,947c18320932ccf0502ca22b7e0ce07575da25e53b78c17dec8566625ebb7f45
6a1fec6b91996e05c0fc359c,bd7b6d6e45aac5365b27dd5c77a644aa96e14fdfd55e3039e35498648dadfd59
669788c0ab7e60756eeec8ea,64858dc225774cfcfb0997a55e2dc9629f81dd685a2df54c9f3faa2c0db19fcb
67f61ffaab7e60756e703bdc,e3d6ac092e712674c2a30c662efb7af882054d7a2ba85391db5a28f52cb7ddca
6a1fee6491996e05c005f651,42b064c9002e52cee08b07859d48c24a100fa3d01ac9e98a06133074e5e6623d
641ae80d7bee9c5d5a3636f8,072d7275a0c89555838d41aff32254ea977ecac117f47a8010815f805fdbca7d
628f39b17bee9c5d5a7ed8db,962672c67a29529e7ecbdd2e60eea0a911db966b2c7572b89adbd1074f030a28
6a5f271891996e05c0d4830f,490952c8674fffa07f359e4d186d3492ed0b48d67f3e56db3ccf5b10e83a019c
67134f3cab7e60756eef7ac5,25c2504f58d9547299ca628064c21790a477b50dcd1960e88460c5bc218ef279
624c04f87bee9c5d5a240bd0,636ba9acbe01adbbba2cc6118b13913276a67a9fa410bb7ede74137432989bbb
622ad6777bee9c5d5a8e8151,47cf79065a2a54e195d30598e270414a7ef5785b9910dff4a1b0512e65a7622a
6a5f30b891996e05c0f36ddc,80a7cb4e554366efe65cf434b574dc543887614279c8899bb5ff9c77648829cc
6a1fe9ca91996e05c0ee796a,78fce5c23a7a93cfa9d2c3430dc17a6c806161193593f3a022fb2b596b69afe1
69bdc2cc91996e05c02a1125,2621cad28572f1c987e43e63fdee7e1d0c17d7c197847fbb73b11cb1c100c6a9
65df2323cf21b2948d0c5271,0565a42a18fd4ba8257ae7ac723823491daa49c42a9b36ab906b50543fe08557
661fd9c3cf21b2948d880c05,80b29ce78da3b144b2a669a115390ceb3db9a43b360fafea97bf787510db6f0e
6a1fefed91996e05c00d3e3d,7bbdf5919f32a8cd1588d698878ead7438ccae909315738e209fc6c3c429eeb3
68527a1dab7e60756ef663c7,5415cdf53dece75865d5eacef761b54c3161c04f97e267157768124cd6be8293
6a1feeba91996e05c0078a3a,1fb3fd56ea91c2eddb1b45071600f508a7857a16a650d0ab5060a40f7b46c580
6a1feed491996e05c0080b4e,b264fac1bdf8813e8a2a900759698c41e26dd04e9adef88485d5577f72c3227c
6a2fd64091996e05c058dbc5,06986a32dbc12925b8534fa2a062a8dd0981076b21630035d62edb4959ea3cbc
6a5f26e891996e05c0d3df94,3c794849239c5ef297d521ba6e274d76457b62e560829f444ca1cfdac0d12c30
6a0321f891996e05c00e7499,0a87c52ce974940edcf2b39e36c9f577921e5ff816f3c1a93f19cd73b5b830d1
63cad3117bee9c5d5a6b93d2,d8b4c13d94c15af6957d01e949334d33c218eab12fb21bdb7c5fb4260fd1f867
6a1feddc91996e05c00358e2,6fb1a230b29d6b1a0ee656796e2382dec68eb94bd2f54f5e85cd93723923be46
69e0888f91996e05c0e11865,cd2094b39860f745c8e6d594f87d9068d6fd83760319ad079dc648f720b4aa1e
69f8cad491996e05c05b4942,37372c51bc50e7b2fc47b57f67e554ba6add5b4edce40145d7571de811b7e42b
65dca8f2cf21b2948db5babb,00acb33a16cb8c80eaf1dbc71ecf57f85b38d6d8f0ac6b86a4323f9b126fa982
69bdc0f991996e05c029244e,f9a2a4c63a11fbd9ad678cf092c4ba79d56303f0c2ceb686eb0b1ec06398bbd4
66978880ab7e60756eee777c,7cbfbb8cfe78d8119a3845c224e7f46b499c092dba18c97b38c373c1f89e5ae9
6a5f29ef91996e05c0de08c4,40d2c6c7ffe04749c1137eaf8c4937c2e7e5db7eb4e2b236cf69a5b1bf893ad1
64afe3a6cf21b2948d60a76e,ddf34b1ef5f971cad641bf93b0e9bf7e45b9420c3c70e973dc8667021d18ff8e
661fd97ecf21b2948d87870b,1f7376c76772082d791a246874487a119f0c547b68055faa042756e2e1768036
68becec7e3ec279a558d0d3e,1b60c42a1d590cced3f17b7a20c9fff078f6d5c08dcd99ced5b6058604e4221c
6697868cab7e60756eebc445,54d770f3b6e86737b80f3705af54190ffeb567c9e0b7704c991fff63072ace75
6a5f2a2791996e05c0debfe2,545af7645202f2178b6fe07c91178d34cdbd8c5e6c7ce28299ea80ff7e14b334
6a1febfa91996e05c0fa19e7,b1f5e36e892b7c606c6e09ac069447a3a4d1b3197203a9d02ac89f35074d4be3
69dfa17091996e05c074dbfb,eae21f8e93de766a1862c0f03b854118ee2d17b4f75e07af4608abd519fe7dbf
6a1fef2391996e05c0098ff7,545234f0dda391cb1df9e77fa33d677b69869d3ec4595eab08f47f33bf7ce3cd
6a1fefd891996e05c00cddc6,34f4df8c593e190f066df7a9f28920cab21f31b4ab91495f83255a88ad2c9d47
66b5f2f4ab7e60756ef338d5,61df433d209fa1f2742bc9d77405178f3733d5236fb4fb5aff6a0ac9e1233d6c
6298facb53c65bae2e7e90a3,78f22e67f3ef6e16b7b9684f38241efc48f5263ec3613efb31d4b1b6191f2390
65df4ef6cf21b2948d78b51f,35d04ba0529f91786530125e108e0c516700b0f67dc17a8e645d942f0999ef6f
6a1ff01b91996e05c00e17a4,ce6b161dfe5eb467ae858d968754b9e43ef85ab671c0e7df9f0377b7aa5cb89d
6a5f2fa991996e05c0f0588b,4e0d51098d33a54e743bbfcfa5bc61d48f66064e89f6c1e3c76cbd47f9a0b191
6294e2d47bee9c5d5a684ac7,f37c0ec920f5aca4c4819e82e0d914abfcf9b1035d8604b0373a0da431f3c86e
5f699548146a9f17ffccaeaf,0a67dc1697281fe05a8fc4528c41d5a2a9e8104533d8816adf7a1faed6ab63bc
680609eeab7e60756e522be8,2ac6d32b9402297077e4127f55d5c9889ad25f6b91e8487c03b2647006e2a9ba
6a67a9f2a8ff762f0df3fcba,497ec4a6e3a4a5e98895c401037b3ba33124fecf1ca491b90e46cc08965c575a
6298f96c53c65bae2e7dd578,d02c40cd09014ef197e275836609e0a3a9ca9c1a2f7f1299a33cc3ab28d3ed5f
61faa512ee3b0993ea38e864,5bccf18c52337b8b76f8897538643c97316d49f084dcf9bf21bd9bf4878ae747
661fedcdcf21b2948da3fc22,fabde1cc38ff0718257e258a99e68a61ee6b8caaa3ec1f38403b240ccd97aa0e
64afe6a4cf21b2948d690eef,33483d853759bbd136da8891fbe92d06330bb119b293c0c6df74a795683a0d58
64afe3a9cf21b2948d60bba5,359a393c19efd51cd86e7d7d7eddf34cd4d06a1de002121eec9f4b7601271dcd
6a1febdf91996e05c0f98b1a,5d2602b3eae95b3055c9a9be3d7e028814f4f9dc17c9dd77521ce0d36df883da
69cfbce491996e05c05fd2f3,4b270cb57fcbc569c2d3b35888c6cd6cfdee9e6e7ee078b1e4d5ca38d22dfc2d
5ff04c637e23857eea876675,b60de28a67046a536d05a75fe427ee17510126b112d2a1a8c8437ab4919b3703
66584670ab7e60756e6bb0a2,a168ae20ecf601f55688cbaf61c193fdca2c585c865a23b7e51c42cf1a9606e9
6a1feeaf91996e05c0075722,0f5e7a4b55a8033df06d57ab7350f021948f78835f7c7af8903969b6ccfdb05c
682f1c49ab7e60756e3129ef,ed7f285f307d5141b5464dbffb7e2307845f4d55b912f1b96c5a9260fd363616
6a1fede891996e05c0039161,89bcf0ca81db5b77b33c8d57608972463a37bd401b464348f1dd0d0034e31be0
67220e92ab7e60756e6d3e57,36df42b6cfd03c28128f4ef7eed416f1430a0fd8b269dcff743916d229ec7a75
61865b1e813bb28a90cb0119,4e8c4ed6cdd4d2cde409133edc026ddf1220f24a884a68edab31eed53650fda9
68db7074e3ec279a55b41587,3f29439b00b76a46d9decf3b9539bc341af0036fc1d084d635be906492cf0f5e
6331a4847bee9c5d5a48456c,db73aa4cd92296a69f15e2cb3bd9627b78329701e3fece2d3ee16771fd934ff3
6294dc447bee9c5d5a61e998,bdb21c7858b03ca29e5fe629fa5c304022e762d12997fe5db4dbd7a31492f550
67ea38daab7e60756e984630,df0d8eb12a46bf505e9eca75513d733e7024215d2ff8e65562e2a612fddbceb7
69bd7b8491996e05c0db2ede,f031e1c419d73087f15135f2d7b3898594a29b528128d2d1dd1445497664624c
6298ce6b53c65bae2e5b00e3,10ffffe7200e0e81913b395b6bbe4bc20aac98d4514e4d4e7457fbbbcbe79f9b
68d10979e3ec279a5586206a,233a96dce46b9bdbe53d7777acfe260d9680c647aec22237d1cace3cccef303c
6a1feb7591996e05c0f76604,5bd972a6c9ab32605b3ba021ac8f7f6c5a706a0e232346ff01b933dff723f7dd
6835b3a1ab7e60756eade0d6,a4b86f93de9b25cc08ba7c41784d4014f0be9c47642e8cdecc5db4f72321368c
6226f5067bee9c5d5a1f85ca,f8c5ad31bad8e36a510bbef2d49692fbd2e82eb024ed33b42b08d7cbc5d35398
66978673ab7e60756eeba41a,5ab92bbcdc1c5715bf3926f10c63db1780dda253b9658c6d8e657a678a5ec0d2
6295bfdd7bee9c5d5ac41916,e08728b9b825916077083afeafbbe32207e78117fa72b49bc5d3cb5b98bf0808
69d2035391996e05c03823ee,321b551e4c54d690af7e6f3c4dd017221d8b5c55e2ad336ff12460f7b777a4eb
64be45d6cf21b2948d0f6337,a4f822b5531c9b74aa16b89a4c6ca044741b87bd1abdf3e29dc6f944cfc018d5
65dc6d43cf21b2948d2bc6c3,f257384a748c76928560b7ebeb197366d7ae8f29ef2b9cf405c7f4ac232c021c
67ea39b7ab7e60756e9a19dc,e07387405d54851f0b61c5b25e499172eba88d160af37921e22e1556193ffa68
64afe4a9cf21b2948d6356bf,595d785d15da1c3e68abdc179d29e95a969aa15a226545adf8c13e9d03006c86
6a1feb5491996e05c0f6b165,f956bba71b8a4bc1853704d96d6feaaa980f62a1bda96ab4a8f23cb547b418a3
6a1ff05f91996e05c00f51d3,080a2b57f4fafe06a1f92cfbd5d7faf90cc9575f51c72186f273fe9217cf94c2
69dfacdf91996e05c093d447,8f5993e0cd0ef3e66ca0496fe03f341a03020dd9e62f6a547c511533a6405986
6a1febc391996e05c0f8fe33,7de7c07e443134d8040d3fd1261307f8063349e9824854a1e89051eabdd0e005
65df2092cf21b2948d064b98,1af18498e6e229bba706368aaa9d03f3986a7d35086396316ee4cb1164629830
6298ffcb53c65bae2e814dfd,3818af3643da792028e774ea604d9e3f48559ccf5105c0551924ccac62b497c7
67efdb96ab7e60756eac39be,c518218fe57e282b0dc659f2979bbd91d225e31bebb0d51b9f97bea80f256afe
6a1feb4991996e05c0f679d9,7ef6af62d345d08a0d2356161ecf3c283fdd74d6585caeb4dbc499fab997b2c2
62c82f137bee9c5d5a67376c,e1068730681073922e8f0a0ab37926d0078b4e3634bd36ba0323e1e1e208769d
6a1fef8891996e05c00b55d2,3d554c97d485e8f050571c89a42cefd1e9e01a65672e743b031702ed94052129
65df478acf21b2948d66f4d9,7f7c2021e6b03a1d8ec84b6d17687c2be01abf069b2d93c28bd5299339b6b74c
63cad5f47bee9c5d5a6dc261,264228c20548a4e2b31b41ed15a464da0664a87de81304c7cb46a67f8106f5a6
69d01c5f91996e05c05a9347,6040aeef8502fc2b6730d6300a0f78a3acdb7391250dfa707b7c333b6ecbf8ec
63cae0087bee9c5d5a7463b3,40dd5dc7f06edc0fa942651503eeb872ad67cef48e3752fbba02d0e4e491ee6c
67efda08ab7e60756ea8c88a,eb4b5ef846284f9fbee8b1bc2b28ac1fcfbc8ca8e2dc768d25baff8cc5a56f9a
641aea037bee9c5d5a3915c0,c7e1b53c0ed1ee2219614150e447b7f4ee3f1268ff3ff340bc134a9e2efa9bba
65df3c1ccf21b2948d496781,7b8f01d930e34872205b15e87b33ce8f2249f2bdabd29b540d8eea4aa08a3fc7
6298f34253c65bae2e7a53a4,74887157e770a1cd6d3ed53156f753f0e7ad26f16684ea032c9b612dda566761
6298e72553c65bae2e719c79,27fd039efcf319c9e6b0a1740c715711a5b95f1bfcff22a7975ffd720365d2f4
69e125a991996e05c0704308,8aacc4ec083e4a88bf3a8a90a65e2e71e39d374454fd195291e66d79f329d340
6a1fefb591996e05c00c2d12,4dafe74434854aae0e05f16e904e0a578a597204cc69f56b74cccb8ee2c75353
671357ebab7e60756efe041a,c5e943473bedeedfbb25a95fd8d8b8e402e12256276a289af26eac3fa5d7c071
6a1feaae91996e05c0f35836,9143e63fc77d53ab48ad0a97669d43482ccfdf42c134940d95e76fbb5f03ea33
69bd7a4a91996e05c0d89145,3f6d84c4192ada2aff9973027085c1bd33a81b7c8677ac1f0f5e2e70770b6993
628f48ff7bee9c5d5a8b20a1,972658db98ebac9b8a03b26e15ea47ccc95ea4fd9ff8e6cf09b06b52d23eaf66
6a1fee9191996e05c006c40f,9640fe721197d5a59318661c9f9e05b63e6ffd6e068490aadf6d4bcdea536d52
6a5f2e9691996e05c0ed09ef,ead535d01b14ffa4ec3c664ddf9e07354954e00e00678edbf52402e020fc8790
682d7dbbab7e60756e798705,e3e817df430a3babdd5744a2db1f3a01d1b07bbdd0214c660c9fad24231e6dcf
6672bd64ab7e60756e1ed7fc,0abbead3edb3b87018b23a573b80df17091a887c79c6dd272f7f04957addc35e
60028df17e23857eea12319c,375967a76a0e141089dab6341af65321c2a33d612af5587d8f9297007e04a5f7
63cae2ed7bee9c5d5a760543,ce490c68291ef930a62e4bbade5cabbcc925c44dfa4438c79fb1f8d2b97228a6
64afe4b0cf21b2948d639b9d,c463b38f015b423cadc8c32b720324ef49d9f69a1ea3b7bf3334371740b19b8d
6299085053c65bae2e850093,ea68f5f2d2b12f82e0083d460b84362a4cc04da044271d000a098ef79e85ad08
6a1ff0a891996e05c010ae79,b34e68040575f57b4e96d4b82b4ba8f553b95c4b2a4d5a88ddf543d357a4db14
62990a6153c65bae2e85eab8,76cad05021de5d982c854c2aecfb42674454f1f83232a09bcf1c9fed84d822fa
67135808ab7e60756efe6652,b6a8bf61e2a9ddbace3662610207188563056a4179c6b6c747a414e2d3904e3e
6a1fed9591996e05c001e9ef,108c93a0069b51343b728e92477f092ba444539d81a1ee9aa6c163721335834f
641aed3f7bee9c5d5a3f0f7f,c464244fc1a47819fc8617ea4c6116ef87b086960d203746be44f0e7124aba77
67ee8247ab7e60756ed1b6fd,df1d33bee4407b668c721dfe64ca996cd7a695f0a3b3eed842c664fedfe51279
6a1fefbe91996e05c00c5c1b,14cfd0af37c8b646268f0902c848d0bba5eeec2084b037e0e3e4d95ebd123aeb
628f3fbf7bee9c5d5a83743b,de04bec479ab418e7ff7acb3eb9dbfce93ea3a720c730e6138fe9aa18298918d
69d20a9491996e05c04e9272,1a41617cb0d3ac0fe71dbc283628454e87d9f914ed6146903b607c6ff8dd4228
6a1febe591996e05c0f9aa5d,84d0f8bfad50d6a23aa4f5fb3153ea32448e2317e72a1c35818c39984f5ee781
6a1fec9491996e05c0fd0717,c6ebe3ea14d43dda3ec45981fc563bd6819b1315b0f0968a95425c18f9c022f2
6a5f2f4691996e05c0ef3064,33ca23cc2c9ba4d4276ccc744837b65e7d156dacd9b88edd27f141d0b9e85ece
6298fad553c65bae2e7e9476,b4ae0c7ae2ebc1333067b82a7fae1d67c06f1b90c0cdaf865f49997ba3d843af
6a5f354491996e05c001ca3f,7128ae7d21086ce46f1e71ec9fb806bb297eff3c1ddde1316951c5437795cbd1
65df4638cf21b2948d6382ed,2ae021451e009124793fe3dd4041a9f923f738a3f63ab09c8ccdd6304a55542c
6a1feddc91996e05c003585b,61b71aeb8dba7ee3591d1bb4fd9f5cec03f2925d5cb1420d66d258236586c610
601b96f5ccc2678f04a26f03,7c3d36b395d7353188bb1f9f69ea731b1001e1373b72c39ff92b161b536c8b7f
6a1fef7091996e05c00ae953,4ff4976f73eba982d2fda037d1ade2034f6fd378c8cb3504c26f6c02f96c7ca4
6815eed3ab7e60756ea389af,705b6c61431b04f0708ab93b4c1d1029733e1f043fb2b59b4f187b974211b81a
68878f75e3ec279a55096c9a,94c7be7619946fefc0931ef4ba59efeec6aeda724cc6795fc3c43e443971c9e9
6874ea18e3ec279a55e5a64c,98d239a737f40a89c4e3e1719e5d7ef17402d59be0fd3742172ac10673152501
6a1fed7191996e05c0012dd5,b8c64e7214c4c17e7e190194c69cae89a1cc3371fefb51fdebfe461c5afaf316
67ea3803ab7e60756e96a427,ee5a7b16fca1a64988895c3895c2334218c1d117b088238ff5ff4626433a1c7f
6298aefa53c65bae2e39f6bb,717aba96e9e554b3e4e9142b055997993df8091a4c3d745dd05a9847de1d7888
6a1feca091996e05c0fd403d,798c91c82122bf3e92add5533b5e56e52876537ccaa4fe64c443d1d566bc89c0
65dc6de3cf21b2948d2d0033,9af0e9087924938bf38e348a883f648cf78673bc8587f1668aefc6d0d1b01cb1
69bde88b91996e05c03d0ada,f2929cf6e458e05414f7feef9ebd70190b3c5d728a6360975d9525531009064d
67f10c18ab7e60756ec99dde,a2f5d062558a2926f179ac90a13d81168d587a29bd02da5f743a0f82c827a486
64266d867bee9c5d5aa6fbde,b4a996bfdf06c07fe75882ed5040493e8fef37c61c13f6c9160cd09fca03491d
5ee328ee16d97489fef1f7b7,2d0a4d7714e73250976d518f229d574fb4d478cbe77432e506e1e1c6845ba12d
6a5f2c7c91996e05c0e670d3,30151b32d8105f00d54d43229636aeb19a402a84e2460db8dec6744dc18b9a86
6a1feba991996e05c0f87b53,acf4f161149af851b05fb1d8437126515a5402b563a6e7981f82d7adfbac1fd9
64be45dccf21b2948d0f7c2b,4c4d4804b53f35181580dbc481239c465570fd710b2e41a8580c9f3adfcc8a95
6a1fee2c91996e05c004e5e0,92064404efbbef3859ae0bdb2dc28fe33c5f63ba90932ef467c6e2ebae436550
68d1095be3ec279a5585c9d5,4eae83c1597e88e6cacd0778163b5ebdb1483c1dbf0175715c93a9648c79931a
6a1ff05491996e05c00f2446,6ca6ec4cfa1ab6d6bda35be8db6fd29fe6f21f3c7b6fff0df5a1ae1acebaffeb
6298ed9853c65bae2e76647e,b6210d3367282d630f39f367ae2d2babbd1f5e4bb0ca3b1b379603c2159fbc99
665961b7ab7e60756e3a2689,ef5694309714cdb4099bccc9c81b9a63265b3c759dec4336463bf718df7bdcdf
6a1fefd691996e05c00cd49a,4f48857700ae65117d782556909159a273e884efba5a00bc5e39d69f618c283e
65df354fcf21b2948d37c485,1f1b8c9d11d2ee01ea6e70295785bb5a834f8b291d7d55e262f7d7cc3abda59c
66978716ab7e60756eec8219,85fd79a3c7485bf5d8f6e4e5f67b293c8b53b3706495ebae9981ef41453ba1c9
6a1fee1a91996e05c0048f0a,86a20c2bf1f8df8b07ca631aba6201299b700762abe71789d1b26370b3c7c8e0
6a5f2c3091996e05c0e58d5b,fc46cdab016d821a9574b3ae99d0d0c2ef5835fc6d0503692b2fcdc7aa6c0410
65dcac96cf21b2948dbe1682,09cb1d2011ab2cbdf115316cb819885f984b06ee081332a73d20e588809ef39a
67ee8543ab7e60756edaae5b,e7c8eeec27c090616ffa78ef6cdaf4df7fa1041356ca48fe71fd0a85277278fa
62990e6253c65bae2e877242,45adeac3b692c794d784646ecec1ddc9c3c48092bd38b29430aacc93d115b26e
6298e96153c65bae2e73502e,0c440499808b960861b619dc4cb8fd62f60d8acff913bfd38cf5ea510fe4484e
641aea0f7bee9c5d5a3938ea,6cf3be2f3f83cb9baa6c87e2594c80ab8b1ab3762967fe1a97731d3f2cfb5001
69e08be791996e05c0ed000f,901c24af92b0a67fef247a092d3c6f7db4925bde89940de82afdd260368dd175
6a1ff05791996e05c00f2eff,81c41fcd699f9af1915539a863e95c0b779e1aed49ad488fa2c91a5297758eca
6874ea01e3ec279a55e57c7b,0638e9ebfef507b50e4224b590d5265d8c20594aed6eda94af1c3830061241fa
6294debc7bee9c5d5a643b0e,f0343897c9121ce11ff31a819f7716a486714cf252edd7ca6d9d1964e676edb8
64afe556cf21b2948d6629b0,cae16741d6f65139e35c42c48174ceeb7dc5703645a5b0f116de996c31d28c01
682f1cefab7e60756e329dfd,8933e134e87ee1d2a0e1064685666c7c502975b4c46a0d009cef02ea9d08ca98
69bdaca291996e05c01b9238,a2e29f29accd876c39996426d6595ea424856860e10404dd4a24705d1482311b
6a1fed9191996e05c001d42d,8bf6e18c19a20087a833232a5bf3a3bd2a2f604c2cffb5c946641315101367ee
6a1fec6c91996e05c0fc3c72,fd81b563126f4593c0a493a7acd286aeb9fce45eaad53165b211dab94cd291a0
6294e07d7bee9c5d5a65f70c,76de0ec7daa7d38bffc7ec2b3a0f0fc6de68506acdeef5e48575cf8270bc6aad
6299019753c65bae2e8233f6,9e0358aabec226fb59423ea6562bd4ee894c5cf73e9221212a7d93bf2050fc74
6a1fecd191996e05c0fe2cdb,0518dd138954341e3a1b87b2ee761a70c451d2ec73d1915801309fe16c056bf5
67ea3a00ab7e60756e9aa562,e2c7dcb29e350918cf19084fc22bb4220700a5098b2ec16c75a402eba0123aed
67ea398bab7e60756e99c15c,22fdd3d739d4fa9ef2c81b93888f941acce12614af7394c5b0640bfef4858952
671357b0ab7e60756efd35ec,d65280a16a5986c927391ceed438614f50359fb33f1b6c82c1d4e41379dcc642
64be45d7cf21b2948d0f63a0,9f12aa001c91b3efbd210299763aedb5f0d3cff3334fbe2b37440dfae5aa4e8e
629906f153c65bae2e8479e3,dab470300d7acb0071554a4418929778abf77816c4d0c9456dd4a857834ee69a
6a5f33d891996e05c0fd6a7c,279168c87bd2985040c8eb12095485210dac133cfdb58c0e0c8340f58de8f522
6197e4d6813bb28a90447099,fb081f31639617ef5908c339fb090bc49b166e7006136eecdd8cf8fbbf1c2116
64be45d7cf21b2948d0f65aa,72141cc1a4ad9c615b760815de2992d9b677d6224806e04b4f988eace99ddf60
6a5f2d6291996e05c0e94526,7d00efefb922f8caac751ed086c7a71442210620c55b8b19e15b301d192c32e2
6a1fed7891996e05c001593b,a1b6bcfb2530f60306d2d9d358dd0d19c33f6a5595a74e816e1467b0bbc069c4
6294e3587bee9c5d5a68cb75,41f3d39572e91349347a8955e16ec23881505a3d169deda8d449f2ab5400c0b1
6a1feb6691996e05c0f71524,271dc89677e8ed24fa02a10245f8dd461dbc66aba2777eb0709bf2f5126c64ca
67135987ab7e60756e01f9c3,98d7a7cef7e01ad30df8f88a1acde7058899384d1182ddeb633791dc8a7c7119
5ffd21317e23857eeadbeab1,7bebf9afdf9e9e605569ff9571dba8708ee70c7838fd1c4756803c67f1ae4438
67135bfdab7e60756e061855,0baee00380698421626082effb49f9679bca0403180ecabb5c5b91916035ca7f
6298d09c53c65bae2e5ce419,9f3aced758f1587f08981715c3922f4828535e1036d60b5856b2201513e437cb
6a1fed2891996e05c0ffc46b,7f08a8c107e4b07266f4c117b71606d22fb0a7a7e2cc6a7dbe9c3ecbc00201c8
69bddaf191996e05c0359d09,7eafa8a38dcba271826fc255fa9104a92aaad47790ecf72db370e52439237200
6299121853c65bae2e88b65b,b6376a4cb07133448f61c3e76ae2e851aad5ac0896d3d3a941e8da2b3ef25c7b
6294e1307bee9c5d5a66a9bf,bc1f9a1c9e8fc285f9b8eed237d8f384fc69950ad5a3eedaf05c000cbbea44ec
6a1ff09291996e05c010437d,c4d669725cf14e5b72484b3239792439d3eaf84446638e07413a141b824c4162
68db7037e3ec279a55b37b26,c783b0f2ba8c77b5a519ae380151a3cdbb31550375a77b190defbecdb64b2a14
6253b4027bee9c5d5a7ada97,b53b07b258194a3a92a560a82f58d5f178e0a32bdc95566da5bd69201b5af96d
67135961ab7e60756e017f1d,c364e18b045ee50785b2200c00d330a1c04aeb251214e0fb2e815525efd9428c
67e5577eab7e60756ec66a0c,3268adca888fe573e71bd6df49ffc784c29bd88e84e6d18d84ca1b2bb3c1b055
6a1fed3291996e05c0fff536,a0a3977c8802401949ca2ee71eb7f9bda540493882600a3c33a209911e0edffa
69d0a30b91996e05c02e97d0,7a882cc1854459f5bdf1974b277cead1b00674b91e1b8e6a5df2fe55e5502889
6a1fee6691996e05c005fee7,550e3f5a058f09b370cfb6d79bee061174c8d7a77e4b7e9f0665543717d6a531
6874ea3ae3ec279a55e5d956,6068be78a76f9293aa41252ad3fee0b19d7024ca937342a40395e9037c30f36c
65df4f2dcf21b2948d792c9d,f68ce778588ca961f68a93c8f6946a3dbeaefe072bcb12b36d6ae75904b18078
6a1fefc191996e05c00c69b7,3a7f719639ecdadb82f308d7eac74f94fe5a46be11bf272e42d4ab1ee8ef61c5
6a1fefb891996e05c00c3a00,0ebad5b7482fbc80726923f77a310f5234aff60ccb6df789f8ee908d8187697e
6a1ff02191996e05c00e30ec,cffc50f69173e022d478d03066c716b209ff26aba5d4c807abbcb8e79f12d7d9
6298e5c753c65bae2e70a356,c62223366173cd361738002f3b0320356378f698fb5414c12aafb5e17c2a4409
67135883ab7e60756e000998,c19d1aaaa81a8c9cfa11e400ca37b333d57cbbe919d1bfe4552af326884c0272
6a1fefd391996e05c00cc1e2,095da3795891e04d86aabca870b5ed27db3e5a62add4bcce799c02c45ddf196a
5ee328ed16d97489fef1f79f,01c3b2de761b1c21991bbe985ce9c714e038ffcea0265ec68ff91d84b3be419c
682db813ab7e60756ecd60f6,4fdb70c4b95c827df35ff41fed11511220817879f42ea39a4e4dc19c7d2ec80c
6a1ff0f091996e05c011f595,94063a3ad4e728711e7f59ffdfde5eae548f2206b7fb24caa999dcd0723b0a13
6a1fef0391996e05c008f476,0d0935a797b872fde2c45d39fafbbae61e4c1fdf98d2524add1be56bc0dd3fec
6a1fef1791996e05c0095a39,490ec576928b26ff01e8822bfe94f8155e6a59a3b5b6e8282d367e2ff137a693
6a1fead791996e05c0f426db,0edf985680cd3762236f247d6b7cea3bd2bdcf3ce204134be02d50deea78e003
65df3a4ccf21b2948d44b3da,c7c2051d030a54dfe44f2eda0b1dd555887763eab76eae4628e83a022e543eb7
623ac2f77bee9c5d5a9f71a6,b95c887f02208febafc8df3184cef4b410e403df77a125a06c8fe9c7dd990d67
6243ff5d7bee9c5d5ae070ec,5aa63ae2274f5d40c78f157657780f5b26efe3ae27aa31036183360aaf0e1ee6
67f11879ab7e60756edc9bd3,8c638dde1b80be9e379173707b46bae168b63837b7a0b3df81233ce9a818166a
6a1fed6391996e05c000e5d9,3cfa5868dbe40223a4c381213f2baa1a4a7148b4e85fb96eaf6fca01b215acfa
67f10ca6ab7e60756eca6bee,07f67162e9f504028ad9969ef00b5d84fb9d8daaa4fc547b22fcd4a97a3d7824
65df4317cf21b2948d5b5e6f,7a30232aa95d6b39f0d5fe92f734112328a972bde4272e17d0eea8858c8f9005
6a1febc391996e05c0f8f995,e84dcbece9ad10b72d510a83829112e4240f9d8c8508df977e2853481faf7ae7
67ee7c87ab7e60756ebfe318,19558f1f3fd44be21b6b62fcd2f078155c19f8ce6330b10fb81f039b305d964f
69bdcbb891996e05c02e768a,749d35e13b54567cc0ae50c840987c4ec93121c31b49c6160d5ac37b0b128b84
69d20c0591996e05c0530b34,cdfb298f5d1f5f0d04e8365da0aea927793460dd54cef253985b6278d2331454
6a1feec191996e05c007af90,aec85c42c484b1da64ca62d0f4532e6be1ba355787db1eef401a35f11f7a6ac9
69e1335a91996e05c0818136,1afa5385c8386d7fa9528b8fc0c939a92fa350b293d378a542ebe102ce7ebff3
6a1febda91996e05c0f9713f,5703831c6a19b3dc7b454ed969548ba2fb1b515168d549ff2dc18b1f92854409
67f10d64ab7e60756ecb82df,313f1a6326605f53f87ba670a8ec0eba6db56a1bf5c94f1382e8dd1890f965ec
6835b3cbab7e60756eae486a,39d64151f24b14e44024819303585c87a48246bb3e689d11619f8b1ed2e0bb31
69e0c73991996e05c08bae87,24441d8b6b29f0d8218ff7259da9cda97a8910cdb7fdd775f6295769cf565c68
64be4601cf21b2948d103a63,b0b2407480b0d36920a4baf36f2e4c1dc5cc73012bfaded7076179d4cafb0b9e
69b6d31091996e05c0c42003,5577ac77fa7d817298c285dc150b10870ea12912368776880bc9c7f35d3b8356
6a1fef9791996e05c00b9d30,4a693ffe70055cf9d149a90f36573fabde1fbea08954d1983ad0101bab294dd0
63cae2447bee9c5d5a75a24c,93cec68a20fc9a463e0a582c69444333876a23dec455e1f62b1de769aa95df53
67134f18ab7e60756eeef377,3220bba3faef0f204e4f82a8ddbaf1bb5d2be6a06b16cf880dbd1b432881b6b4
67ea2a3fab7e60756e7e16e5,8130742de7c8d60ff61b008276a6a8a0ca4c82ca8e34eb78145591ce3071fb3d
65df23bbcf21b2948d0dfca7,7141cca74b9a34d2646287acb2d08f606dc0e8f728d642031319a6151c370dde
69bdd2bb91996e05c031da24,4368df91dd7edfed17a1de373f2a07fc282b10d0d0e56b871480c766ffffcd97
6a1fee2091996e05c004aa56,73b355bc1e84c9edfb80cd8d4834127acb6af98f3af91b72f389be556bbd7a3a
628f487e7bee9c5d5a8ab4da,ae890364372a11e2dd93f07fa92e39c286d334436b605c87e09906d9d92f82c5
628f40c37bee9c5d5a8440d8,16952af87a0b567325ae8ddcd4cd03db01c92696edbeda5510b053739264aaf8
62991b3353c65bae2e8bb46e,12680b9a1ff4ce11633d315a6f8e0cfdb69aa671cf105b58b66bcc4fff02213c
67f118a8ab7e60756edce339,6c9e3a78894ff5db3628ae01e2100b6b231b8499ef7b3d1c5f5f6cc4313f8a23
69d0a40591996e05c032f428,ae90d74905464f42174449a2f56f39696e5600860449cbbc1215b221fc993825
62990f0d53c65bae2e87ae3e,ec2b1850d46d042c91aa5f26d6ae0f432e185406c19848808e82f4fe2c4677a7
6720d7fcab7e60756e779ab8,549bec776f8e24a83176ba5ab35abddea301d48ae3c91e0e0641541f72bd643f
69bd8c2491996e05c0f848c5,9ebb0c4ea6d11e766f4647cb880bc0e1e7ec64e27b8512157a6e73dff2297910
6a1fed8391996e05c0018c10,1ef92151b6d2e4a6127756c7a1c06adb96523cfcc9f161ec6fc18dcd8e273247
6a5f346f91996e05c0ff298e,48b6c3aaf5b75123163cc0896fa905d2cd8fb8f35798458bb6c309a3d8a491b2
6a1fec9b91996e05c0fd283d,c4baed88987868d7ff814ba72eeff2443d0cae58ddc3c52bf4ce159b914130ea
68008c8eab7e60756eedcb66,57d72849531fbc98e370935aea1774918b58ee1c17b490b13786f1705add5a6e
628f3dfd7bee9c5d5a820948,6fcbd4a944b3e88049aea5184d11b3414b761da720c1c0abdc1a1ce5af9a8404
69bd4e9591996e05c05003c7,ae85e19910281ed9ae72c2465231a4fc2a25a588c14b91d3db8795bf3b06233a
63cad7e97bee9c5d5a6f2c40,49b9eb6218b0a209e7aceeba557bb2349d3f81c82ee09934e6dd4e677c1539ae
6a1feed891996e05c0081f56,bcbcbc7b8e825be76fbb4408d6b396edfad75a6a061eb5f1d68024c1349fe6e6
65dc875acf21b2948d63b6cf,5f356eac75f4016119f403ba8cd9a61f34ec0204c388626dd5a964ffba03be82
67135becab7e60756e05d770,e48c3c6a9c9f085c4f2a5589bf79453156df7c26253eb012841f012253d17af9
69cfbbfc91996e05c05bca95,efba3a67ae0103b758434727096f04712dd86beb39d3301a537f618914601435
65df49ddcf21b2948d6c5e00,c89e322ee676a43b24ded57eecc368a64f5e673ce0ab095dfd8561d6a7966482
63cae1357bee9c5d5a7505c3,cdd72bbd747a11435a0eced13e5c43cec17cbf60d9a0beefef401952797e61d6
6a1fec3791996e05c0fb41a4,77ac895dabdbada52fb2cb270300dd3c038b6b88fe0a378067d5f9367eed2e26
69d2094391996e05c049cbd4,38d568a2493cc2fb668c08e6603aa5f64c62ec8ccda5740c894f52326df20c3a
6a5f2b1b91996e05c0e21449,8bd949e0443611a5fbf3effd8058be36acff23f40a561a68016843b761320176
67efd962ab7e60756ea75684,e33b09027f0497205787af6fd7b325495ec1a6d89e8db5a2ca3dded4a1e927f5
69e0c66891996e05c0897438,e8b9179129685fb8a86319e78fa480e065f37d445403e722de6395d5677c3ab2
6a1fefc591996e05c00c8074,1dc200f0fd09eb1f85df32beddf34a35f46982ff53421d38f36d787d96cdbda9
6a1df34091996e05c010e0f7,996c563938513f0d3ec23183b1e991c7f52a2813823e10cd99149c5bde7ee394
64afe557cf21b2948d663255,c8f0106ff699db91e4d45738bdcc341c61d5d3ff411b769115057e56455a7f0b
6a1fef8091996e05c00b3404,addd14b055e463d4117aea7b2835ecc6a28cf2f674747f87b9f6d4476105f14d
6298e7d053c65bae2e721471,483f9ef9d7b3efed7eef76c62357500f64411c455825db57380ee9e479955707
6298f0fd53c65bae2e78e707,00fbb34a5d9898e76189869c50b655d8207e641dba2c3aad1196fcdf2ac5b78f
6a1fee4291996e05c0054fa1,33a06f240a386db36588c5089188982f228dede1cb677f937cbb89dd93f8a640
629905bb53c65bae2e83fc3e,eb6551f45881396500e9c12e328a850f0eeba997c4633e41925db324e794ecf7
6a1fefe391996e05c00d0f8a,bf4905f5599e3a8ce7cce6e8382ef898ded963603408a1998b52bbc690f62db3
6a1fed2d91996e05c0ffdd5a,4fe379a4e1e0f7f3d5699bda83b7d0560751b425a143da3b783d3343984c93cb
64be45f3cf21b2948d0fed84,b03972de0f95bd1583684d13a7d10e143fda7a052b82bfd3d177ca3fa34b3d4e
6a1fefd191996e05c00cbb4a,ab74c6af630451dae80f033c9a84a04987149a89d5bb0a192094afde56f72d4f
64afe4afcf21b2948d639536,8bc967dbb13d1353496dc31017b50b37d0f039839b0e4b2efa8e1420b9cd7d58
6a5f33d391996e05c0fd54ab,2770a918da4eba1ce4b9c86e338fb6ffcd0d4ed1e2b19253d68ceee39dced680
67ea3975ab7e60756e9990be,b0c184045c2b5685746fe8285e55c478476b5d14c263150d62546e00d80d73a7
671350c0ab7e60756ef2a3eb,e11709369c52761f39ba42b2e5922865b2cb83e48e4eb7942ab656b745f95b1d
6583f57d8c12ebd66f007674,3b03a3c3e4999c3f2d0b2be051bc958115966545b99d0b989af24d9f0b466b41
69cfb74791996e05c046c2de,365323b1139fc7ae674a5455809c55edea2f2a0c2d3e788f05e96beb08b5f795
628f407e7bee9c5d5a840a79,54c631ae57ec77abf73fed1ee53467585914e0847b956506d5e6183dc9dad3d5
67135978ab7e60756e01c90a,3974068bf932d517efccd111b194b8030298261f6e5e59f3aa8cf1f65d3937d7
67135cd0ab7e60756e082e02,ce50fe87b5243d6dfaf85c1cdff8502bc0f3225bd30398db9a519f1e99b59927
628f3fab7bee9c5d5a8362ac,2e2f3c71c759e597e657b601e0840f7ea57d30358be6ac81604a33bc49f595ad
69bd7ae991996e05c0d9e131,2624edfc176e2b869771b80ff7ca9392bfbc22cd5c0090d57ab801d4f53da55a
67fcb67dab7e60756ed4833c,f1c4201c7f27e3e75f65b45f15bc4f18177aa58450af0033cc1aeff4c8ca2f8d
69d1fbe691996e05c0202045,5a099c1c5a0bde49fe986aeef9426201fea720674163068a051554e46fcba6b0
628f3bcd7bee9c5d5a8085b3,33625b5937af39c1d33bca5094154b58b521d1564bb838dd2215fad3989c8753
64afe556cf21b2948d662707,7a031c0f335b99c5a574d4518853caccd4555965ede32e11ba663fc793a68825
6a1fef6b91996e05c00ad4e7,0babb4eec2e55578140f90c24b77be9df6d5fb23664dac2356e58bc7c059caab
628f38487bee9c5d5a7dbbb7,bb94165752ef3368604a589bd8cfebfe771ee1c25374aa8da76efc9c4b403250
64afe68dcf21b2948d68b628,cbf3f57fccd981e3cf27d597bb5d6ac47638d16a9827a57ea03c9526798d8975
67ea3938ab7e60756e98fdbd,1e623920e430df033e5148f2d40b759c2b74ea8fb91691eac63df554fd244962
6a1fec2591996e05c0fae845,15d181233ed0ef681acb53eae023d601e82ab9352ce5d148a82b4142e61761f3
6a1feef391996e05c008a1d5,9bed843b4d04cedd26cf40358552d3355c13edfb811457aabd36e4ea010794a7
6a1fef2591996e05c009976b,03f348b89855ed9153c3720a5a8ec66b95b58d940a9df8c800b650b563de3359
64be45e1cf21b2948d0f96b1,464884f192ca6804fb3222d38080fe6b966db236c4c0137716244c99a6beedde
6294dfb47bee9c5d5a6546bc,4c259b49d408dc6b1c01d8c79e5ec90f14d929e82c4a652f39f9ada3f407055d
687e2663e3ec279a556825d9,b96c8f9db4f93eb1995f0c0dda39a76a799a9bb283f44f7a7c59a53c4d0b8543
643f69d57bee9c5d5a4a63dc,803df5ef3071cfe03c36c88f5ddc63bab4ab944b670206de0f8f244a341b4869
6294d8717bee9c5d5a5e1faa,68fa0f65673e9877dd6b612bca9d6bbf07cd1d7dcd12e30f27977fd6a5410f37
69d0b75891996e05c086ab47,7dc455252c02281804f27b82879b42ed1fd24021c271cc376d34f66e4f47fcf2
6a1fed1f91996e05c0ff9944,607d52d8a5bc4808e20fbe59b264bc2442e41a606d688e131340c42cf6d5405f
6a1fef2f91996e05c009c08f,bdc40c54e0fbc6f2baf7be03b06712a75ce0de02289ab66dc6aec584b79be73f
6a1feee491996e05c0085978,54131249f7e8f09f52e9994bba0c0fedcadd7cc7357b046578857375ad24d599
6298e6c153c65bae2e715422,67028f533bb958e8889d590808ea4b3233e1880cc32984ab8a73bfc53ff6111c
6298c58d53c65bae2e5219eb,9a1a24fafcf0fe12d1ac9cec909bf27d279086de87cbdab9a660aeca2209af30
647de093cf21b2948de5c708,a6454a3e601e33063fc7da2d8fc7aa917a497f81c1cefbbe4e3f03ceb8c59eea
6a1fefbd91996e05c00c57fa,1100b1155743c717a6b7a0af80c99fab26a32553bc58c746a6c9672c1100e8e9
63cacdfc7bee9c5d5a66e6f4,91728d830c643fc4c5c2cb6ce379e0e60d515c5679d9ecc227c3fc161b89a146
6a5f334491996e05c0fb6889,0d32b1548e851da26b6271e62a80d943025735afa73719442c95695c06a10d64
62e8e9667bee9c5d5abfbdae,74159a874913ecb4a8e75aae93fce3e08d43662d8118ed87fb7ebc2955708eac
6a5f2b2591996e05c0e23a5c,8dd652b2e0f9b318ae31f7095f29beec871c4803302625508fe6171b4fa503a3
6672bdbcab7e60756e1f5eeb,545198d7630fc02a4dbf4e2897cb4d6d9f3f33d2b4e09423696628a06929442c
69bd56f991996e05c0757d6a,aabec1d3796425f7093bf71eb91dc9b0ece2030e48e5831ee49715698dfaa379
633d356f7bee9c5d5a3119d0,d5c31c821956768abe591e152a8034b98cf2bbe73ee76a77c767a7fcff031977
671357baab7e60756efd5dfe,40f13b0cdc7d08e0490bd8d26b632fb748151e316379b597e4fdfbd1176e1378
69d20a6b91996e05c04e02a9,aab0ba05443c99af16f74ff200f42cee12b70d0accb7e1e09a8c7bd1e1ac5f22
69d0a2d991996e05c02db383,15f21662099fa4214fc58a7acdd2d87c560e9074ede55232031a9e368a86d2bf
63cade507bee9c5d5a735c76,fdc1cd76425bde5a548e4a4c8d0f244b229f2a85bf9a1d4daed3cd4e2a7003ac
67ee75efab7e60756eae4abf,1d0bc234a04cad539a6b1a5bc6aadf590f085585a982f6bf6939c8745ee81391
6a1fef6391996e05c00aaf7e,3f460d4542bad7fcf4206aeb2d1f0120900db0bc54e9f29cdc4e1b07feeed0f2
6a1fed3591996e05c0000378,2775ecd948f3e53c2b7c2b500ab858ac4095e48798824472a130b3c291811148
6426767d7bee9c5d5abdc4e2,b810cb1f99869e6cf469fcff1a20b136271a538a3b5ad35a3033066586475328
62283df67bee9c5d5a9dd96c,d925ece64e5bf90565bed504d00432fe6f997c59d2af202c2f3eeb43000b3659
68db6ff8e3ec279a55b2da7e,2e67dc8a3cb6fbc3d929247d3359bb26d1f29b2baa545015795430ae3c024762
6a1fedae91996e05c0026bb6,328ccd7f4d2d53fbb406678e6293a24f9dd475e2569d75908bfb148fb60dc380
63cae72e7bee9c5d5a77e19f,b85b0b05cac6e0d207f0888bda50b8cdd42622b94210cce942a4422e119f60de
647a057bcf21b2948d981737,b5b7f35b4b38a66a2815eda6793b867ce5903d2d2ffe35ba7ce7c86fe29e2d16
641aee257bee9c5d5a40cd50,aa2dc752ce1de9e6455d504b094175dae4b17809dbb40dd6bb2d56358280bfa8
6a1fefd991996e05c00ce157,ca9f852d1ce38582dd8eba89096f46dc8cb64ee8042c1ee1058d8ad962336e7a
6a5f284291996e05c0d85b48,ace491f2e8c7b67b2e65b6270fc6dd0b47c75e8647454bca49bc8ccc8d2a6cc7
67ea3955ab7e60756e99486d,f1eab38f15a50f8cede4ebbaa67de8a46d5404da96588694c08b97a4a0b53534
624c1ce27bee9c5d5a36ffdc,ebbf687b80ccc77feded5cce5ae104e903ede362339e83480b1ececf2454cbfd
63cae6857bee9c5d5a77a20b,810a8f1b2c9288d307036c5483fab266bb8fe610f2b2f3411bcb8fab7a6d4100
6a1fee1891996e05c004829d,8645fe659780220482aca5fc4d71b607944e284d7aca979e39af3578786fffaa
62a2e6f253c65bae2e6c05ca,56f172d497a4a4f21a60c43f13daafdff2af4c0f1b4a12fa9ffbbfa9e5a28e34
67ea382eab7e60756e96f88c,80822f1c1a80d1c41f5b36efe133b68b859ebf1a8dd534ffaca62a7c9bf62824
69bdc2ab91996e05c02a007f,f0fe346cefd50a49f97ae9db1d0212f6dd4c4a7eafa3116afbcddc445d8f441c
65df4874cf21b2948d692af1,e999b6194d67260de2bb31fc4e40515eeb80f88cc96589feed3c48d2a1929b1f
6a1fed4a91996e05c00066a7,1829005dd9bdb0847fd6f14792e3403657bda133736bec04b3e87ecff106e3a1
6a1fed0e91996e05c0ff4b8f,8c34e66cacc5e56c39274d3d8dc2bac5e510a845506ee1ce3006af0efc8f291b
63cae3467bee9c5d5a762fcd,eb157b5e2c959de2cc6fde179dec4fd48e3faa4648fd4d0e78f98061a4a2093c
68bece2be3ec279a558b8edd,8951a0e985705940e25dbe36b7b4584a1640d88b7e4d5853d8066ab30ea8e51f
62990ec653c65bae2e87953a,2deedf98de795d81f25a685d420a33dbe1e1aa6ff50efc75222fb215b88919da
6a1fec3491996e05c0fb34a5,787e41032391ba5b86d968bbe8afd1e3d43a97029ce6285e9240faa7ff26ffd9
67ea3749ab7e60756e953142,36a9849c44c5714921a89eccdaf85cf6fc53d44aaf52f40770a5a4d1e4f1a994
6072d32fd5cc354590ec44af,0b3c1405b88fc613e6b78c9b8f4235d6f1caff354aa47b1fdd2f8a4ef1749a6d
69bdb0bb91996e05c01f3593,ce69d505b52088e017cb5d9bc957e997c56ff2c248824274df5319f5dc90f20d
6a1feddd91996e05c0035ac9,5e638c68c5aa340227486a69394fdaed2f192f1edfa334ca78e48ff8e215e858
63cb4acb7bee9c5d5a99629b,872e20245da01fabe2bf902d4a0828e132624e5403af7ad7e76bae2498189272
6a1ff11091996e05c012848f,1dc7b4d9462180501168a924eaa394b0e9087c5f8b6a67eaa899cfec1a97c945
6299059e53c65bae2e83f471,34d6fe726d0bf76dd7730a2f7902cddcf7804dcb3cd7d2fc614ce963419b637b
6294d37b7bee9c5d5a57e507,f47f19b69e8da49d97b85639533ee223527bfb6a9fa93c913726455a38e7a419
6a1feff591996e05c00d667c,3734adb8aea62dd15daac28684854d5d6e17e1264600a152a70ffbe56846b71c
60fc1cecee3b0993ea722638,8cc6cbb9bd3cb14102142248c34bb2a0a9dbe10c2e10bdfbb5e2e8b73a487863
6a1febd591996e05c0f95c46,5724c9f80382acd8be330753f9a21bd262c732c5872392a9c545bda17a44e6c6
628f420e7bee9c5d5a8550e9,475b33958ada587700f9a8b6c5e7f2f05ad8171575b83e5c75e1701d974c0c4d
5f47b0ad146a9f17ff42c5de,c2057fd83b26de06c4db5679030ca4c9564ac547897699809805c7f31e6f6e2f
628f3ed07bee9c5d5a82b0df,fa7d13a82c11b177079b12638f72845274978ef8eb7f85009488929532fbabd3
67135979ab7e60756e01ccbc,69b4c84f4f37ffd83689014e40607663277ec9401576fba98097b033dddfeec7
641aed367bee9c5d5a3efd6d,9c0f6b52354b8a593d8a3a3f2bfd719b936e62db4431d6963660008a630d531c
65df3841cf21b2948d3f41b0,9154219dfd86c20f93d0c9bd7d5c8adf3514bd0552b6a6fc687ed9753bcf133f
6227022e7bee9c5d5a27bf6e,672e793223b0c31fddc5e878396b4b75a8ef459e3de3ab3e35e6f7097ccc0b58
6a571df291996e05c0c5acfe,6c41f424d051e566c959fb6a2c8a990841238bb049f25190a082c1a036ca320d
6a1fef0a91996e05c0091b1c,259ac9e172f5a47fe20b016f8df6ddcc59378a1f03e9885ce09a4a71cd4425bd
663a1a34b7e461e1e512968f,a711dd78686d2ae549d52ca1e6320bcf7a6959b0bbdbd8cb27f6afa918e5731e
5fc793e47e23857eea22acf0,519b1cdc3a5dba06363afef550f6d1007ea6d79f055ab597cd65e216e81aa6b7
682f1c5fab7e60756e315984,89ae9c2362328694176b495eef4b93f82757dbab597acdfc098e0a17e9aef9ed
6a1fee9a91996e05c006ed18,a81311ec5ef40b30fbfae8ea4e30994e65e78c39b103519c906500888484d7a7
6a1fefd491996e05c00cc65c,58763ce619d112bc49693703764f6b63a2db141dc865fbea4ba6f20aa7128b4e
6a5f289291996e05c0d95c53,ded21602e73ebb08c9a0b92762a4ffe528fe5819a4e749feb6ac7fbda103ff74
64afe4b0cf21b2948d63984a,64df85c72bcf8837de91b40833efdd66973be77c610d07a40ecd8e1998d828fb
64afe3a6cf21b2948d60a343,d60c6b1ad79d7b41dd20d7d40c3d2d4deff243dcfb1ca08152b5b395baea486e
628f407e7bee9c5d5a8409b0,1df6ea285beea6f582335fb8d29ef47fba27042f0b0941319611c672f52e98d4
64afe6aecf21b2948d69623a,0743daaff96f61ee29797486613dd4e7742978e8169e1dcc5769b6ede1c6be09
671357baab7e60756efd5f2b,1996725748be643a2025dfc26b24c7a43dec172debb8e4ef55191726d6bbd01b
6a5f2cce91996e05c0e7727d,4e9f06bb568da28e4a4e1f92ff55d22077c400aeb3f2e6c1bc48ec7672bb86f8
6a1fee7691996e05c00641bf,284d0193542a427017be1c6cb4d51b9dd739baaea23e1bbf2104b9f41ffb5edd
6a1fed6991996e05c00104ba,189e9acf6ef472aa369fb3a4a3b948123cc0c3aba0dba613e1ef30ed0e4f49cf
6a1feebd91996e05c0079bc3,40f8f91bedb37de1425e3f610a0febcf60151f019765451a29d64c4c3d7db246
63cae1717bee9c5d5a7524f2,1064556fbf7d39928fb331a1ba35879372a073389ebb6b34cf554a0dbcccc766
6a1fed9b91996e05c002063d,b2b667ebf5a0daf6ef5d2db06d18c4dc52a4385559e3c330a4c7dd463beab524
6a1fec0691996e05c0fa5637,360f3e4f7a549e1a49e412ef0de9e7f87ac380b09ff5e5a378cb6639d38991c9
6a1fec3e91996e05c0fb621c,79600ec6350df7e3d08960237e1ac463385d225ed126c152a67d82442c3b35a2
6a1feefd91996e05c008d8a1,a2ea556b1d653e0973b06976d54eaf64b34f496a45b0fdf38cc9cf2555608484
6a031f5e91996e05c007109f,0888e7b5e86964ddf05b271ffd3ad16cf9a0a08d85049d2f1dae9570fb325597
63cae3d17bee9c5d5a767674,66eb2c53335aaa81dd5f9c3e8b285983e46f50363cc7ee5cfcd93e0cb7179c5b
628f399d7bee9c5d5a7ec572,2f4ea2f3417a86b93627d7a8e0dee161affc0bc058835aeb7c96b4da2ca85903
63cad3887bee9c5d5a6bf82b,df59f728b9bfa56625efee745a535a829736a1e4137a97f8d95619064a8cd44b
628f47fd7bee9c5d5a8a4853,0760cebaec4ac73f146d1d044ac16499e050396aead769cd2b242f5950319814
628f3e4d7bee9c5d5a824c23,127b2d2e7f979977d88186a2f1fde8293887bada909e5b802614cda7b96d6cf0
64afe49ecf21b2948d6329f6,996be14a8d90f68b6e389417b919d8cb2eced35042521f3efe06cfc40a753b89
6a1feeda91996e05c0082a8d,a4fb4babb3da4ad84c0748b9aff9cdee8804b90a7efc9a750350b3127f6c500e
6a1ff03c91996e05c00eb2e7,5fc58578c649121e155ab27641d889031ea616d5210514e4d2c4d5bc2fb740d7
68242a71ab7e60756ef70f52,ec123992d6175d5166ae8d38bfe7d8545c357609c0053981f4b57eaf6efe158f
6a1fee7e91996e05c00667bc,0b4d07d203b7a5e83bca111113f2e94224b8c2b824be451be7a86e658c1ee2bf
67ee84c1ab7e60756ed91c28,304ca60020a14177d4210f928748a100231677db0d354298d01dbdcb02ac77bb
69e090d791996e05c0fc8dcc,43e7f6332082f8fc1bcd9a4d5112f8e6aeb0ddc4be099eadbe95770ce1d2d9c1
68527a5aab7e60756ef6f495,f919cb534d31511eec01bd2eab413a2a5bb5a44927b7c5c27c84734100bde95a
6a5f2bcf91996e05c0e45ff8,d9f79cfa7d16cfbb088e61f091e430ae33937216fa7cec510b28e0c3fed51314
67ee6e66ab7e60756e9a3ddf,082e3b8bf11f1c327b8202e981ed36eab719c2305f79beddd4939b02e3f81b43
6a1fefd991996e05c00ce0b9,43c5a56e8ba9a6740acece8e18ddae2fb5a0eff1ac7a9ff9bc4b1f4bfcd9a832
69e1274291996e05c0726fe2,d99e64010f94804c4eead291772d028e51e4548e29ed0e1d39b2c63a0c78e8c3
6a1feefc91996e05c008d3db,6c78ebae58d32ca6f2fb4f130cb26a77e45769251412bdffc68165f182b66241
6a1fed7991996e05c0015bee,822e653cbfb2bd6336db00e1865f573346ac4a43e13b0141bcf61c93f470e95c
6a1fee6c91996e05c0061937,e45a8d45bd21cfcc7fcdbd2e58cc4a5bb2ffe5f8a481208a6050398b25daf1cb
6a2fd4cb91996e05c055640a,9f8320aeabd67ffbd9c6e33a5ac5b1735f90044cb6d82b2f7be219ddf2c4026d
6a1ff00e91996e05c00ddd25,8b871e59e955567b7a7e10bd8e3fab925edf901d439864dcb963577f413f5495
6a1feba891996e05c0f87577,6952345ec61261efa26634b2676c33441bdcb383d54d488e2a4d4b979e174880
6a1fed5491996e05c0009504,2df26d3314f72e2545a3ceaf843eeef130bcfe72cdda27ed6417f0189a40af23
682f1c41ab7e60756e311602,d6dad020bee5b28196c4544a356ae94cfb00f9478ab9a510c2118a4d44e32146
6a1fef4791996e05c00a2ca6,edc8e3d2f20296eb9d0601c4bd67261826be96cf1f05981150a72cd2e1f10bcf
6a1fed8b91996e05c001b5b8,2f861d246a3879fdb136e1eda3a2aaa7192f16fc0ba749e3ad6c343380014a7f
67135bf7ab7e60756e0602ce,d66fb271e4f59ce98ef6daa06e66ba2c82150b3080b0d4b80cb496ca3e0998da
6a1fecf491996e05c0fed1eb,a84ffb86de7560f620489cb511cb9fe5d18a7dc49cfa5976435254365cdb67eb
64afe4a1cf21b2948d63311a,cbba68ce4ba3eee05b38396590172e5e0cb38d51bd2db36e50ae5bcdf5440bbb
616a7381813bb28a90d5d856,e95edddbd9612a4873c143466e0d098f222bca827bc0c211728be9abba25dab6
6a1fed8691996e05c0019a8e,f5025edf03076f8cd6b96278a973dc60ed19d282f6a4fec613f74a1908103ccd
625028c37bee9c5d5a10d067,c5f74011d9012f81470b7e95fc227b1dbb82cc2d1943ef761f3d8388cd917e13
6a1fedf091996e05c003b46e,495557b750ea9991821d44aa5a08751141c203a99a79f234ce13911d0c45aa02
6a1ff09791996e05c01059f6,b9c142aae55cfe6a697ef73000bc1739078596f1ba1fc907b4014ec9b74911ad
6050294dd5cc354590a36621,340044d1cc25fa62f2f36869f496fc7e8c3698083b8f19d096cca69a569afb7b
67ea3634ab7e60756e930c21,ced6c32a7dcbad7ed99a4085448b7dcae1a5c76bd1a76278130556c01c80fe46
67efba34ab7e60756e6ec7b9,ac416ffc78f8cdef273d479b3d93cecfec69f32bcbd9554b58c311f8b8c68cf7
642676107bee9c5d5abcaaef,5acc3667308bd6fc27068bcb0d09de060e7c3d7c930061295804d75ac7a09ed5
6815eedfab7e60756ea3a543,c3a8b6f459ad211d317b3ac8c693cd725da3761f6c62e7cc578d154b4368e051
6a1feb6e91996e05c0f74238,92ccb43b5dffdcedf72e874516121bae2c2f64d0c4f0c8bd1ef7271c0d99a49f
6a1ff01e91996e05c00e242d,d94abd62a606510461e228b53ddbfddbdad33e23f2cb4d00861435ceed895133
623dc33a7bee9c5d5acb1d55,05a83ed65dfded2da557ac1c967ed16c733d1450153de8cd52aa4888157fb587
6a5f2bfe91996e05c0e4f285,ed91adcde94fb3f87120bcf6adc9cf052894735b7d7e5b1f4a4cc3933da3e006
69d0a30291996e05c02e707b,27fea6d0e34e042add698159b3afc4587a1dcdda7fbaf05926bcbbe30f5b51c2
69d01e6791996e05c05cc7ea,44f599c779129d404d8da83133e864ef08497bb78648223080dc4f567f38ee95
6298bb8353c65bae2e4676bd,0a7b568604c5e9a1f6e8b9e94e82985a2d7c343c9e14ef2379fbcb9d625c1dd8
6a1fed9691996e05c001ef16,65c6ec44ec8c440a68da141f199a8cccc99920c1c16595262ec3ccb3288647b9
68d1097ae3ec279a558622f1,05383fc1144b41f224226df9b182aa34c8c1ebdbafca67bd2d1e9ac857487ee4
6a1fed3d91996e05c0002b9c,3ae82463730121672a55a0f617b827872377263ec72552b6d090cb75e2bb7def
67efd94bab7e60756ea7227e,03e96b50bb8130614a25e6f15590b794da9d00ee2e3b2d6dceeb9935a30ce540
6a1feba091996e05c0f84b3d,b501ce9bf9baac38cb261df2650ba4670a3fbb649a501e475e60aafbc5bc3f93
6713597bab7e60756e01d5a1,349a6c9748dd03fc16d4a2a88f9d222f3335d91215e4090c4e923e7b36c201b6
69bd4ee191996e05c0518415,e7a1c64d48eede9dac5b47d9f20fc218e6e28c3e167a4bf985b4632a8477ffc0
6166377b813bb28a9091492e,7b89e8da3172eb23630b5387369a81def313a4367a5e31291fd48f6c618df366
69f0906a91996e05c08489f7,b57229a534b74da40f7dae85410d14a965913ec0e913b04a5185f8d32fd0e321
6672bd5fab7e60756e1ed1ba,a435aa736f0042b8ea416a85a6a7b9dcd5f68f4b0b9ebae94d0e54e0aa094c2f
69d2036d91996e05c0388128,d1ef551d16de0b5d1bdb0a959e27c36e2a1c5503ce8679b16cfa232111bf1eb1
65df4e97cf21b2948d77d5c2,06ca2dedb7141ccaebe02e1e663fc33caa60ad63260dd38c168a7c37626ecda4
65df3db2cf21b2948d4d8cfc,76ecdd993563624992736b41748a91cb5f55956d90983d7ce7721c86578ea4c8
687e262be3ec279a55678d8d,ceae6f8e3eaae29b52644eb5c6ed418c7d5aaa87a1ac094d7294a0dd4b40a007
6a1fecd891996e05c0fe4d57,bec8690d30f700b597d4e0a65c48091f05fee3d08747a5a24c1ba425a8892bfe
6a1d72e291996e05c0cba09d,6b6cad52238a3e30ebecea441bd2ef9c444d46eae0c76eaacdd698617e5eb292
6294d3c07bee9c5d5a5863e0,9728d3fa435535336c2122f49cafb63d0f719334cdb710b0313764fb02313ba7
6298f4d153c65bae2e7b5646,729a1ca77919470b6cb566f9ea0b4ffb9c75652b4bfaaa7aecd6ec1bef833ce1
6a1ff00391996e05c00da961,5993435a3b78d3c1d19ab7011d198bd325b236313b3cd454ab40fe008990888d
69bdafce91996e05c01e5757,b8bb33f83391f2fdd8e4e5f9907aec458631ee9cb8c562c37341a3cafea7a697
6a1fef2d91996e05c009baeb,1a15acd1240deadd0fdb9cb0dc57c43cf36482bfc7f3eca9e136e93740f4289e
6a1fec8591996e05c0fcbd32,542b351a7d136b41d52cf0e8c296d21bcbe8ded200d9ce12bc3fc299ddb3afdc
67f62040ab7e60756e70e1b2,aa653caaba738c6ed87a72ef44ac2d0c906947be8b107ca5373ba8372823cb90
6835b3e2ab7e60756eae82c7,6cd951de287b50232b75c41ab2712cb68d0274e8b42daf990e0882edcbe53adf
6a1fee9f91996e05c0070631,dd73fb34879d08be4a104a281b258676ee7e67353125018758654fbdcf14adf6
6a1feb1191996e05c0f556fc,3ee1cf8b6c8767e34231dced9d160b9084e02f5f604bc71d0f5820958853ee91
63cae4a57bee9c5d5a76cd9e,cbb7f7026e6d73487f0589bfc51ce61a8409f5c3cfbc92cc4b3bf1fc5348473e
67134f0fab7e60756eeedf22,91fbcb4ea1e0168491ac76c71f1b4ab3252fd5034c6da3f5a2bde41bdb2f6415
6a1feb4191996e05c0f65033,e4dd076063bb39b4a5d4475d2e9fe21c7ed9995cf4608f286f7534ff2d81fa6d
661fd925cf21b2948d86e55a,5e15819449da8d80de328759bc174b54f3ab8fc81b07e9b49c0595b25ae3b53c
65dc9d00cf21b2948d988f7c,556df459f7ae69fdc01aae39ddd51aa512be465c991e4bff96b34073628c74ed
67dced89ab7e60756e7e4214,7d6785a9a686ec445e707828ca34a7714ba0b38f314c6ebd5de91e20ec3a92d4
6a1fecf791996e05c0fedd1f,3c5b10f847a40e093ebc23df50f92fc2fa594e50bb3ec8238f8faa7fbae5c275
6a1fe55391996e05c0d72b1f,f94301f6171ed9c72ee606712855d9adab033cf9b8fc39566c7cc52cba203b82
6a1ddb6591996e05c0f6d15c,6a85166659bf483660e194487c0ad0be6177f799122d3cc43cb334510b408baf
64f00173cf21b2948dbe5ed8,99d032eb58e55440232ad6b64e2454488c05901787e1ea8aa83d362c3edb4075
6294d3207bee9c5d5a5749a7,8860d394e6e2b8b0ce8b210a4db29e7ec87f186ce445a7a3c40b13fd09a004a7
62e8dd207bee9c5d5aad7138,14693b3b756403fc0b17932b0c1e167467835e51d3feaae10c192d2b5d038e17
6299158853c65bae2e89e45c,72546583f712799c4844077aee07e7ac5225edf8cc2547ba5667795ae43dbb66
6a1fec0a91996e05c0fa66be,e0bc41253e4abed3a0261e3b977b8c7843e4811ce2214a19f1763287cedea99c
6a1ddf3491996e05c0fb5230,6828fd8f2fe8c70448752b79e9b71f3b3e4456b7e53bded71fa8fa639e4150e6
67ea269dab7e60756e784c49,505d8403799d6b9dbd5d53294190fd891f4ed165be4bc2ec4f3af4a78452c28d
69d01baf91996e05c059c8bd,f4e048ecbf43d3d6665f2b8fb4ccc3c22aa2fafab0bb0fe066d014276622d517
67ea2a03ab7e60756e7db505,df09fe220b546d9990ed2454549ca7c714a430d3cd63af16b0e6fe9f323b865e
68638a60e3ec279a555f8079,eba3f04c209643c93860bb946946af71e9f7725ba345374b3e87b1ea4c2ee1ee
65df470ecf21b2948d65aa0e,f1b7ce4e3fc4b2bcd515d4945883a7e85985558c0d40cb699c985b9543cb3659
6298ebb753c65bae2e74eff6,6f6136c2a6604c6644f832a0a0bcd8e7de2fcd32e57b1a1321286977a47eb7ad
65dc67c2cf21b2948d2005b5,0459ba19008ebf028a5d6264c59a0c38ef1c419b3d66b750167731c898f79d6b
69e6105191996e05c0b1d0f1,d5ad8b16de0fdd88f9834b7ef94cac8bd7732b503096bfd3729aeb98b8db1cd8
657af2c48c12ebd66fdd1db9,fc2b4001fa66089d66c59bdf631dbbf45a558304a7fd798ee86dc3eddec866b1
669785a9ab7e60756eea791f,94fae616cccbc375c2ed88b9140ecf0f2d4fb10b660302ce7f1bd8dbabb8e763
69e1405291996e05c08e833e,c07ac1abf222936fd6bda9966e981fd7909e2624421a18f9848fb52aca72ae19
65dcae38cf21b2948dc21391,976dbf45ea64f74e0245a4a000a5ab7be7e426d9541a121da7c14bad80d2801e
6a1feeac91996e05c007464c,e9389c28977a2a46916160902059fc13d72e277501f8b324b953264650941346
687e2630e3ec279a55679ac7,59d350dd430b4795c9ca8bb0fd64f76d99fcef0ec4a0a118237c3a8a5a928a9a
6294dbf67bee9c5d5a61a46f,35475268732740fcc1d9da12d84c3429942b892692eb0b8688919888ae14e4fc
69e143a591996e05c091e901,adbfcbb0815a94c6d8b88a68c6724f0df48308dc8141a58a2c34e2ac400fecc2
69bd71e491996e05c0c5ea5f,247e9e0f5c7cfabb3a82d653d5c4680c104c3e8146396a75434a91c2ceb642b4
67f117b3ab7e60756edb557e,614f7763774e976f52144a6425593667e1a9e0e13a98f4cc0cfd3efdfa311764
69bd54e691996e05c06d2888,585bec131ec9ecdd827b50f5b21997d41e8073ed42766b95c20a85013e1094ab
6a031df391996e05c00281d9,59c493f51e35262c0e24ef321beecd86587a71292c18b234a32eb8ce0e45d13b
652f72a9cf21b2948d49cc48,669d5fb50158b95a00f8def4dbb13a7987133a3116c178b23d9cb565eeb80aa3
6a1feeee91996e05c008869c,282a91d3fc748e581fca5f13e5ef846a7f730940f11d0ee89719810b4f5bf1cc
64afe4accf21b2948d6371a5,cf2c4f8edae4bfa7f5ceb0e2eb10b83ceec89b7374d705d003b50a6ac82921bf
69e07be191996e05c0b0eed5,6e50155ca0800c6c03104f040e1073d6c956c861eb68b62b1141ebfab1051780
6a1fed3791996e05c000114d,9026600a7c133ce1fa528e9a3445b529bd900b10b383a9b1cf1417c48d1afa94
69e0c5aa91996e05c087699a,f6e2988596124f649c006cc97e0f361066cceef115b2b87473a8f7a011d7b9be
6697869eab7e60756eebdfcd,2e2c045808e1934be52640db1eceb789536f2ea4260a0b94274911866ac66131
69bd8dcc91996e05c0fa83ac,19f2738d21ef0c821d46e62de5618c392c176c09f1b368bf83d44e5a7072f0bb
65dc620ccf21b2948d1390d6,6195311776fa5020963dc24d187bf27ef7f45320a30a0c601eb045584d4ad0a2
6a1fec8491996e05c0fcb5ff,5f81ff0321d4873b21bcd7db879af64850c7db189470ae02e18ad67fbe280409
6294d6d77bee9c5d5a5c5cd7,76abce9672743f9bd6bc35d7245e31dd2e9f96847d4e31681d13a66e3e93e818
6a1feebf91996e05c007a648,0b05d211b5a96cb21f273d0c9f5ec3a0e6aebdf21cd527db659dd4a0f014192c
6a5f2f2d91996e05c0eee501,27259073bfa720a61f19c5324e2ba64ee749b4bf160e1c2746f0d375922ac477
67e5577eab7e60756ec66954,c7d3826e99f811be4e994fc6699ed1d4b2f32aaddbb89bfaa60323f0255abf5b
6227479a7bee9c5d5a4b79f9,738f29af7aa3a286a83a94cc73d490a60decf90d3df92b5a0ed94f89eb773cbe
6a1fef2f91996e05c009c173,81a4fae2247b06d9e2a44182e6e28358b31a66cf1cc2537836604326bcfd26ea
65dc6397cf21b2948d16df3a,7ae95be37277f652922cf0e19738db22a0b3b54b6cc870cad03ed7241d397cd3
6298e8f253c65bae2e7304f5,4b9a1432f3981cbe85a07d18209202142e35e9a8d732bcc684f41f7ee385a2dc
67e5577dab7e60756ec66638,91831689243fb65cfe6f026d5bcd11981eda696a191c45dfddfc4d4a1bf855ac
65dc8462cf21b2948d5cdd6b,1256136140f548c31fa77ef0c200b669a232a81136baf80a0fac3eb0ea789324
6a1e6b0391996e05c0def7f8,f9b5847ed0dbc110739e7c08d9dbbf164dd31eb72cf022b700a7ed1d0a3b6929
6a5f255491996e05c0cec00a,68bb8b6dcb2f2e699fe84c6c9e8bccde04084cf52010230f8e8fcd6cea451837
6a5f330491996e05c0fa9ffb,02eba9c596b7899421b76e8dcc404ac4fe83be2d898ac402b78551b3d71f8057
6a1fec4291996e05c0fb7a03,9b379190a62ce44efa914f2cc36df8d59f0f8e26e2b42029ac9fa5806b12085c
6a1feda891996e05c0024c3a,fbdadc13da50f5b6fbcca3fd50d33ad9a473f23734aa305b9866ef45f95a8a06
6a1fee8491996e05c0068164,aaf31cb32fee5cb36252663d33eb67041e6cfb13e57a243b1998c1876def00a0
5ff203237e23857eea981b08,d2be2ace449219334de192b6cffa778a18e9cedba8cd2d27754d0f793cd51b17
6a1ff00d91996e05c00ddab7,3203328bd694c2afa08dfce0061ac311d78b19f1829757aec0d690756e1396b7
6a1fee0791996e05c0043188,02a50f2676fce3127e7f03e69301e102823507b2b4f74362ef6a9e38bdee3920
6a1febbe91996e05c0f8e406,c8a80d92eb68f56ea986e9a4ca0fbcbfb6414183a34d85b2445632c535f102e8
6a1fecde91996e05c0fe6750,b4f15fd86c99bf1966259e930f8108b5b80f18d29d5444204d928a4f6ecb779e
69cfb81591996e05c04a112b,7599dfbafa0b93a49f0da9bd2ca09eb336f50e7a0e76352902a1ab84025beec5
6a1feb8891996e05c0f7cb1d,325e0a5e239ee9ff2e2a276be31ffd2c54d6c936363b8218d607063d513bf7be
67f11661ab7e60756ed92b03,ddf1d8f90a17efe4fd252dfd0cf36cae0f7ff12890c1a275576b7b5e680d156e
6a1fed3c91996e05c00024e0,3f7f6744b10e7d8ed34f5458144bdcf2a8731005e4ade0a15f021e4eb0d6b09b
68db704fe3ec279a55b3b612,3387ca97a2d502290ca4697f8d97485f7752b8f05443ce9c79c56e430be655fa
64afe449cf21b2948d62442a,62a4117ff4d29d2b072cf278da5f8e7ef87e7e015a904d2284197028798852c9
6a1fedb191996e05c0027d3b,91b480fb0328e8d0893c001b75baa400f63a3fd783e79bc25a82fc1ab77ab0cb
6a1fed6f91996e05c0012470,fd391d4b1e4c8957692b959c22967d08ed7440f4d5c581bf5d5bb074710b7cb6
6a1fef4991996e05c00a37bb,e90168d83e4e220abacb5175d4aef924f82f8389efcb9912104e51af4e7bc074
629903a053c65bae2e8319fe,4d6ec38c17373c1949dd62015039bd0c7b2be1d3ac7a380313a35ea0b96b40b3
69d0accb91996e05c05bb96e,4b55a192b8af3f1bfab875cae790cf909f2c9e644b89aaef3e957c05b209d69f
69bde25891996e05c0395ce4,4e1ea8b61bbaf9656df599a112820e35ed96c9efbb5fcb69d1d1db7b314e5393
628f46c77bee9c5d5a8948a0,d55508dec863695f8ac6e1cbe2d6ff451b007eb03435e65cf2a01fbd1932dc1a
6a5f2e1291996e05c0eb5a06,c65d84412e8567453078cd5efe759091c189680108b60755137c1c7a7a4af3ba
6a1d740e91996e05c0cfb79d,2532bc88f89590e05fb2f464791a82a458c79afdbfc3bcad7ca81f63493fba79
67ea2aa0ab7e60756e7ebcfb,ba777358e09510c841258c7ea6676f44f8b0947dd59a4a105fd345fea2956dfe
67f62089ab7e60756e71860c,c20cdcc8981ae4340c06eb2b9079d05446151c6b4d561af583b78425cafd5158
6a1feeea91996e05c0087229,5339449179e5ab533a3a84651ae23a038def14a896f26e0013fb741a48437341
6298c87153c65bae2e55196c,73757330fabad5740806e47834cf9f18a66e7f1cb0812ca8c8c0561262effd4b
67135cbbab7e60756e07e0db,961e4c3458433dd733048fc2ea54df49df58228f1c7eb0be282b2bd193224718
6603dd8ccf21b2948d53b4c0,7587ed741170a46b3858f9706ed28f17199638042e7ed2b42850dd1eb41f367c
67135cceab7e60756e0825db,a7342ed8521f0edf3bb1a43692d5c5cb30c8e8f9cbc14b571f71d9ac55443bc9
6a1fed6b91996e05c0010f79,13fb272fea6d51a185bec8de75c0046806e6d4b1a26e8350c4cb4e8df8f5058c
69bd56d091996e05c074e9d8,c618b59f11850abffc9ae2ea3fbeff303c410128042436e6f247719ca1fd5152
67ea3a15ab7e60756e9acdc8,7d927b2547540d98d67cfd2fd1741e8cdde891f7a3e8fe9c50e8203e68dba18c
67ea3958ab7e60756e994ff7,b62c4734bd354b8aec51f51db936804334b2b29e19f0f2dbfc51b92fbbb506de
642a85127bee9c5d5a24003e,9818d36e34f323562d41db614c55fb72a538329aa7f36132fe5fc78844a50113
69bd580491996e05c079a313,3f16567720eb4e8d6edae4028ed2ff0b2d06c4d1ef3dae494c8e2365fcaabfc4
6a1fec1d91996e05c0fabeb4,a93235faef0ce45f9f15a41f501f601174489f7052a7e8b4b5f720d77d52ac22
6298f04953c65bae2e786050,1e1ad8cf011c8cdb20f98722c8e8fdb7a9bc609e3b1d31c48e29966b157b2a33
6a1ff02291996e05c00e3862,08edb33a810f1966ef63885fa9adf7d098f6b69a3bca083ab4848ef0d380702a
65dc6d89cf21b2948d2c4952,7424cbcd8ec2a94b414b788719708e242862d31a52979abac0c3d8177d517dfe
641aedcc7bee9c5d5a40210d,cccb843f2204a1a393e83c1e48ba37ad48c149b19191e3c7c75c27a65fd0e1e5
6a1ff23f91996e05c017dabb,71d36f4e70f4e33b5b12eca7902bbd327e3834ca10d5041f87f58d87b06d08a4
641aeb4c7bee9c5d5a3b8729,a545413041f90221bd856bc24e1699b749a8f8dbed66d82a8dfc4c1708df5498
67135c12ab7e60756e06622d,2dfe90e3f3036fb8650676f1d81c7f873debf6601bac376e02d27c0685f32550
629907d853c65bae2e84d2b7,33e9b5e049ca7bbcf11aa63c38378fd2077d19c52291d944c49e731d3fb62d09
6298fd4c53c65bae2e7fee35,1595b566f7e318a4b481b3f976e34289f6aebb065df52d6099fe6144d992c8f2
6294d9ce7bee9c5d5a5f85bd,104be92143dc0ef78be1934b5db38d796273ee306b237064944ba01982953aa8
65df2f55cf21b2948d28f4fb,f4fe65ab7567211a04df64bd9d9a4c9fe63d3db2c36a4521b4a6597014a0bfe5
68d10982e3ec279a5586378b,2200bd46df08047d3d61e3fe6981f22b4ebefb09d9e7187f42075e11761a4e9b
6298daa653c65bae2e663032,88680873b75f4274a8b253303da45be80cef284195a3254e6de78f0e79baa8d0
6a1fef3f91996e05c00a0777,b483b0166c0529b8a8db134e97645acd49c3fe49e4c3f9e3bd63cf33679a681b
65df2431cf21b2948d0f2c3f,eb2301f819595dcab37f67f9b8814da22351b0367feb0da1207ea4322b8d3815
65e32608cf21b2948d86ae5b,2483a26cce1bd2024862fe2813b54a9bbeabb726521c1b4a23e8571e35d43098
62990ff453c65bae2e87fc70,3dd0802537fd6db42cad7c0c92f7a815690d048c5f1f23d95c73a96f005270c6
663a1a9fb7e461e1e513adfc,de7454098b48c5c77373005be4cb12a265ad68d50ae697298185d97a77830023
65df27d7cf21b2948d173ff9,dc5888a2bf41b90c5bcdb5132a14e5d0dfb04ba1dc56893d43d59d4ad84c73dd
6a1feb8591996e05c0f7bf76,935ed08ccd42f8f719561fafed19f242c27a1c247f05b9fa82af9ff46bb996e4
67f117bcab7e60756edb6402,01eb564771b0d62036d69e9bf6b4afc9ec331baf911552834bac8c185524966f
65dc78eacf21b2948d434e0b,ed222fa56571b0bf9b6dfe268d9edfc9d4d3e29f6ef0987d9c0f5a56012c784e
628f40a47bee9c5d5a842817,33d6296210ffeee461cb0f4b5c69bedc7214c397f9faccf41e3b446f0505984a
6a1fef7391996e05c00af9c6,4bf4fdb1bba795c9356584f43b0bbe0c9c88e149fced3731c204403edfb692c5
613f1339ee3b0993eaa29c8a,492947f2e4e9fc944034b1ceabfcba8d6c8e2131c94ca411ae260f3d8ae71f47
6a1e6adc91996e05c0de4c23,137e8a3395bd0dc8862da9e972193b58e8c33610209380ea2a8f42da8ef49166
6298ea4553c65bae2e73fb7e,d72835bc6d3acbc98e88c4d4a3ff552ce273409d2f1b4606d3376489453b7a68
6a1fef8091996e05c00b375d,23082969258ce45b13499d2ae0daaf4fde5eaed07428fc7c82fd5af43b22099c
6a1feef891996e05c008bd7a,4d0aebf3d3b746c42248b3f1cc63a2ded7f64190e4dff324e4dae0d81516cee4
6294e2c07bee9c5d5a683982,9bc18dfed69477427857e3ed8ffd7b1445beb341652da0fcf22991ed488352c2
6a1feaf491996e05c0f4bf8f,88d3fa54fffc5ed8d20569edad9c211581e69e578755076a877c6d2bbd25c33e
65df5256cf21b2948d80eaca,4fb5b9573adcb1d825c7dc6bee42823c89263411ad091a46b980f6d544f6bbfc
6a1fefbe91996e05c00c593a,ceb713f857ee5e7e78b3a8916b7acf01e8c900fdad5442348b490354e3d65d96
6a1fee9891996e05c006e1ad,61565a8620df7e454da70f8fbafde0ac516a7dfb67036485980b43fb504e11c8
641aed857bee9c5d5a3f948e,d4bc1e3d5a598115129c4d79487c4884eeafe033cb3a9100a816f397b936267f
65df210fcf21b2948d0767d7,421860113c44f5bd3049eb4867eda4dade3f581dfcab3e158db28faa27070cf6
6294d9b17bee9c5d5a5f68b4,06a11f95dbaf2d39de8deb1ea57aa842ca492fdc5651a2154fe37ab85d50669a
6a1fedd591996e05c003358d,58b002d955ae8b9a11857638b896f267e8272738a4bb5dd1c35916465eb2ab54
69d0a46591996e05c034dccb,55f35feb360e4bb0e20be94d1763e8c1b4c237af931e1ad22d3b607387be65fb
6a1feed891996e05c0081e59,e09004ad69c33d92676bf3e59cc3303c72d0ee1f531b3237e217d9814517895c
67f1153fab7e60756ed75fa2,90d8b9b89c76f2800f582e5c17825ce7a6d7963dad95b4f2bc4a3b67bc323176
64be45e3cf21b2948d0f9e89,87561103fb564975760a2ca6d3cf02037605e69966338627aa2694b983944ec4
6a1feabb91996e05c0f3950f,debb37fe0af7d1aeab22338fccb3495bf4c894545e380f71bda5f2702e1bcab8
65dc6395cf21b2948d16dc9d,d88fa97339350723d8752272632c261122789b94ac048e8b7e04ad24ece2d509
6a1fefea91996e05c00d2d13,ec25f9f6a2d61b2eacf58d72c4d3b4934d077bc87131ebbf50bc309b6054bf76
6a1ff01491996e05c00df7c6,a2dd9bb6346b1081b5e7760de35853e06a7bf83d05b9fefb52031b9e611a26e0
6713585dab7e60756eff89f4,23a4fda1291a423951ff2688de9e5de668a4388ac1b5a4496aa3afd5a31dd775
67ea3a4bab7e60756e9b455e,dcee0e25efadec6dde121c7f1e4f060c4b9be101a9f562f114677d113725fc0a
6a1fecf691996e05c0feda09,218759ec6c28ddf5472e2904b49d773f6ab14232ebc833b98c54f980b2d47156
6a1ff03191996e05c00e7cc2,fb98ca8d585ce35d9561ad1ce05bb836838e5166e7bd233f12240930a452747f
66584924ab7e60756e6fabd0,591e16ca739f6106084c8b4ae7e0838d4395def58281a5337716e3faef5aa21d
660a8836cf21b2948dabb229,4179801993a867680c68adf87b91f55c368a25fc74b90eeddbf0594c7549d9b8
6a1fec5c91996e05c0fbf237,93a7d65269b4b53ca0e0696cf705e653b9eeb5a8fe9dcd79c93f65bb9ae772cf
693f7863e3ec279a5569851f,bab4b735d3cc30a79c46ffeac4539ce6153c84e69e47de33bfcc6f260ca46b94
65dc693ecf21b2948d234d35,fde146caf5bf28653022ba58136be95a1417e987b6225f0bc9f7af25a057bb2b
6672bda2ab7e60756e1f3448,9c815121a9859434382dd2f12932289d1fb2ec313b6c50dd3d9bffdb233a126d
67220eb9ab7e60756e6dc613,c760cc6aec8ba7a3d680d0c7a0a174d2e78cabf986c89dbbd44815cf9dca706a
69bd4c0791996e05c04430e5,0f364c228c373ddae0a2d984a57e966fef254e3b945e6b66dbc21b51b752ca5f
6a1fed1391996e05c0ff63d9,be4f6ffea9128df70b0979016b944f0063305763f30bef6c920907259b41ec09
6a1fef0f91996e05c00934c5,4c08d618788d2a10530e4e00b4cda903b4727b6b6681d9f360eda148539b76d5
6a1ff03691996e05c00e9681,d166a91b01c5112514582c4ffb4405d2384c31be8eaad2e24aa503ecd772a8e8
6a1fedb191996e05c0027c5e,df7787eddefe4b52cb1ca5618cefe1c6a69c9793f87b3f8fe4d676091ac5ba41
69bdba0891996e05c0257f19,76209a78f95d96d86b30395d90e7eb59920f1b5a19e97976b4a3c7bef87316af
6a5f25a491996e05c0cfbd4b,b60a4c76c20a19854abc1a9ed8bb8ed07c3557c5579dd311c71a2ba6611746af
67ee8467ab7e60756ed835b4,89f12549b7f47785ccf55a0d3259848aa888b30c4bf442f8c58624359f950913
6815ef08ab7e60756ea4019a,1188e121b5c8e54f46a0c2b3e82d9e39d0f80cc2ea898918fa57a712489143fe
6a1fee8591996e05c00688c3,286fbdea27c4d90345b4ca31de8d74509aa69e2f92714f0a3dd83166d7bc29bf
6a1fedd091996e05c0031d1e,ef64c6d221b177d430d4d6a2de5a5039dec20fdf0973a99cddc519e114ef1cf0
6a1fef2291996e05c0098abb,352b23c358492d0b06a8c35a74d1b07dc7f9cd0f67d22f9f1a3ac6b8e1467647
68db7096e3ec279a55b462f8,043b5ed9e412ad4a83a21bbd8fb5b926112eb79de3544123eb73036b7c5a7b77
67135c39ab7e60756e06e28c,fdaccf1bb2c8fd2b805cac098ed6b250ea3dd1474bbaf7dbff6505580cd2d204
64e5068dcf21b2948dee36c9,1f6257c2d5926a0d275f2290e33dd72fb5b39bda6d7cd7d4c4e20bfc62db9bfe
6672bde2ab7e60756e1f9a46,64f1e1adfa5780e8e7236138fd5083aa666b0794fd1c1dceb9adbb816fa0cf0d
69bd8dd891996e05c0fa900a,3d944f45f3b566fd766bb3882c1bc6c358fa7c1d56da63603bed1890ab187471
62990e6253c65bae2e8771c1,43fb1daceb4e338fc123839e20f628c9d1661f9c324ac633c698cd0c272ecad5
65df51a8cf21b2948d7f37e7,a06f577961d9dbcad1e8ac2116868af0319c367e6e4054166be1b0e8a3c1e35d
6a1fec8291996e05c0fca7b3,79111b18761be0a28c88692a85e7cb803a2118e8b99c1da0d6b08636a36053ea
6a5f257391996e05c0cf1e03,96502ed525d253a245dafe816150f55e2a5f43169e31d7767f49c178b02f73ca
6226fc397bee9c5d5a2459e4,bbc6ac89c24e028b57155d8cf0c9c7745dee130e9315634468cf37623746e255
6a1feeda91996e05c008296e,7c8e02f4e9359fcf11cf8fed6ec68fde0fd422dd9607512137b9d5071d8e8cb9
6a1feca091996e05c0fd4132,f374386042deb0a6225bc77988f72a6ad9daf1688fbac8aa594ffe0dc28eca14
6a1fecec91996e05c0feada6,b2f84bb7888949096732cf242ea804af5196ec3d976f9ac18ea5f5c82d142ead
628f4c2b7bee9c5d5a8dc96d,8116d4c49f9698338b9202d3396ebbee551f356ff56e47c97217a8df39b5cffe
67135872ab7e60756effcd36,333494ae7e9903f0e83ec487db761b0278def4a1dc4019e8fd04503fa20a711e
6a1fed1391996e05c0ff6399,0168eddf43fcef63461df3e50d5bd85899dfe12884e78116c06b51f4aa5d2c90
6a1fefe491996e05c00d133f,4d8b1230a72d1c6412dda26e9286ea58043f9261547ee4757f30908fce9f1d9a
69cfb60e91996e05c0417cf4,17617943df803ba96bb47f1bc03ff813e7828f1146e862d4f18459361a1423e0
65dc8a7acf21b2948d6aff2f,b86aa0e5ce6376ae44622988ff9214481dae66dbd8528e52966390cc689aab91
641aea977bee9c5d5a3a58da,02860b3ef89cbed690362ed649c503087b1d539f7cf35249a454aefe64d74670
65df26d2cf21b2948d14e87b,08db02d413f784bfcd4f03083616fbd5a8156bd4477996401300bc376ae5a74d
6a1fec0c91996e05c0fa6ee4,9f825c874b8397c02015153927379ac7e958748320a695b7d8a7d0d9de6fea2b
63c36c2f7bee9c5d5a4d3c26,83c8daaaaa8f12519da61b1624b5661cf31284a67c0a276df03bf51f661b261c
68527acfab7e60756ef80d55,d025534d07af0b0c556088e351e2a26ace85e5a429c1a977094dbcb9462f8f74
6298ed5253c65bae2e762652,053094cbc8097258003581f55ca3559de392e7ae854c23216da6b9a70079e218
63cabd127bee9c5d5a53c003,d1dbe03f17667e0426370fba1d88b77e7b27a9a5e003b26d337c99e1d8cfb53d
69bd4f7491996e05c0546103,ca37964d14eff2aa5032ccaeff1b30739c36ee11a47b936fe28c22d7e27218ee
6a30eed191996e05c050db19,9f25d97f58bb062820ce58556ae6623c919e254eb255501e0827925992b2c53c
6874ea16e3ec279a55e5a22f,38bfaf11462b2180711bab4d428ec6f2dc8ee1cad3ab6cb7bb72361e805fd1c1
6a1fee1b91996e05c004922e,02aefc7b8108cf7bbba8154eb3d808b74a30ccd55463a2f5852590d1c72fab5a
63cad60a7bee9c5d5a6dcf63,bc4510a199acc30c894404f29f3d389a84a30de2ea9eff79e86dfbbcc2ffa536
64be45dbcf21b2948d0f77cd,435192dbdfb62e61a80b470ee7d1a82e2c6f45bc224e0511a865f84cb52994a0
67efba8cab7e60756e6f83d7,ff41eb8af5e7cc8241e6574fcdcd389ea76ab04e847f752de4660eaccff28f96
62e8e9787bee9c5d5abfd286,033a5bb2b2d874bb3b5b0bcb6cd9700df52d95cd983a21a56be3b3ec30ee44ee
65dca750cf21b2948db1f96e,46102444d71d123ec40d844d4fa8a00f6c7ed8e9adaa64e6cf690b28e691eb2d
6a1fef1d91996e05c00972bd,d5c210c364fe776c9339c73697cf8c425a7abf16af04c7c35b4c3b5334f8b5ae
64e4864bcf21b2948d08c404,42f1047395d4b7a3c196554d3ce9dc61d4feaa4597fd743c3ba9de7cfa89d0b9
69cff63591996e05c01ccbec,254fe1bfbc82f8e5360e883e3e3ff9c09f10e6bf20fbaaceb9b0fe0e67843cc3
65dc7baccf21b2948d48f37a,460d1d4c4fb3870678cc2c80f43c4894fcd8f48328a16b2f209398f994db8d0c
6a1fee3691996e05c0051653,b56c974a09375839acdc6b5a3ccd44a39e9c23990db428cbe5ba9ce54e4dcd4a
6a1fede591996e05c00380fa,907efa805abfe9a9016d980e55c1abf170c21923d41fb99104d3730a17445d39
6a5f300391996e05c0f14802,6365c0500cafb487ababa1851adb38f22240163affc4c7131ce4ecf4ab126ef1
6a1ddf4491996e05c0fb6408,66dc0d6eaf359e24065a89917f7435d5e0987823c9b7363248f4db3e7b4509f5
6a1ff04f91996e05c00f0955,067f347bf781eb8ab3de0549be4e0e7894f4a5556b6461c607713f1b171566a5
66978670ab7e60756eeb9efb,4b1d7ef5f803a96eb750844492fe646ab19859d940946f136dc608773df2bf26
6294dfde7bee9c5d5a656bd9,a0a18fd2ae14cab01b585b433f983259a49c54280b7d6256fc4aac87e8f7f923
6a1feda691996e05c0024525,da0d8e927d92ab634beb3bcdd54c4d6bd4473d634518c20b40e260f8dc4e779c
6a5f26cc91996e05c0d381f0,3bb3ebb4f5b6b810984897b65123fde1c079c9f1baef53f78a3ba8cd6951fea4
6a031f1291996e05c0062670,c63b3eb95e792ba95341aca81564b192419c9371bcc83e6892e30e81b8a28292
6a1fec8991996e05c0fcd17a,73f12215f9b931a4d2c2b8eb83367662bbf3d0c1ffcfa363d2101e9a6f13c4ce
6a1fee4091996e05c00542eb,df75cb02122d4f4baa08b2879feafa71bf1779fbd2ca32b206866e1a58bd232c
6a1fee2591996e05c004c15c,aa15024914c0d0dfd2db23b39c17ff36724e5eebfa5ae056d00feec458f47fd0
67b0953eab7e60756e64ba09,e4263b7c8b5aeef4483d3b8ca3096da468e5c08ce091353e2463f9d86673a13f
6298b74253c65bae2e41bc7d,b7965e9df6058955f8eadcc5f30e092587d4e541c8b23b040267662effbc0d11
67ea3a2aab7e60756e9afc1d,7777fe7bcb33a82be1abf9c0c294203be2fbc27d69fd717b370fb5a3a6127e58
69d0bdbe91996e05c09ed52b,6302cbda329b648dfd846d3ce3335d8c1a2b238c0559054dcaba8c1d492c0dcb
6298f63053c65bae2e7c0da5,eb9e283e53679dcfb6a3ecb4a4b20e2d5cb68d9dad871e20456b0d786458acc7
62948df87bee9c5d5a1ddd16,3cd1a77d91a626b31af58376e6af9c57c6a82245f65445a79ec1e62363796180
6a1feccc91996e05c0fe14ed,30908b048fcbac593e67c2ad68c5413257379452d7ab98d06d26cff151f2e0d1
67134f46ab7e60756eef9cb8,d2960fd4ff5615c2800d379075056a1845627527968dbe3d8698eab998a1d236
6a1fedcd91996e05c0030c7d,fe347afe46a68af6a089ec726dab927173157ec44d088f246aa3a15e52e99e26
66978895ab7e60756eee93c9,384d12bcc61b4b0f558582f982ba3838dc1dd9995e2b679dcbd930b80e17f32b
64afe6aecf21b2948d6964ab,1c6c16ac96763cbf6f5309b14582384b74861dda1794ba169da415da07ed5b0c
67f61f97ab7e60756e6f462f,7ec2ccb46da1b135f0a100b277dbc35b489889665e3ce2eb11da3bb038323b44
6a5f34cb91996e05c0003c33,5bc4049d144d2b78f014bbbae903ac87198853401f8f21cd7c64755983b767e9
6a1fee6591996e05c005f863,27c03bdada43ab265ec2f72f0979da10820db539fe938c6ef5648e1fbc35ef1d
6294e4517bee9c5d5a69a46f,f423866d166bcd5117f8a08ee121b76aa21ca5501dd60f815b1c926ba113bf35
65dca820cf21b2948db3cdfc,6213dc759bdc84860acd427eeb4a0ff97515e83c38f4a96df6a6572ba93a81a7
6a1fe99291996e05c0ed46f4,73c9f7bda7eb98c02d5291b5df9e5ac2ef3783b046c8c379bf987ce3315e8a67
6a1d719991996e05c0c6c380,86651ab4fc603ce3f8fb182faf973eae0ff43ce73812cf82dba0da8823bde535
5e438c35d905bd0edf23eec6,720220650b5626aeab924bfe27b2264dd6e5d8e126692d1f25579c7cbc9a892c
67135858ab7e60756eff7760,e0be634b8f4c9d29ccba963d30cf115e042a20c2b35f519a6b8611f7f031fd96
6a1ff04e91996e05c00f0195,b62c8108f8b668a4ec4e3b32131d39bd54722efcd72a6cc13a92fdceef5cbc99
67ea3a28ab7e60756e9af8f2,45e8a29a743fe74932f16b97106cabd7e8dd10814ba58a8755564ad9320fad3e
6a1fee3391996e05c005056a,bb2118ab44c50a58ec68ff1ac4ccea675dedee86f7a93d8a40f70ba60e0329d0
6294e2d47bee9c5d5a684adb,4766b72c32592640901a1711f5def00e320324b4fc3d8d570f29eedcf9f392f9
6a1fedd591996e05c0033915,86863b4dfefd2066d6f3b7480e211f9c2ab7b1499e777875e1a89a58558371bb
65df3636cf21b2948d3a0de7,93dfd34747a6976a4f9d25ff0cef3146d64cac2672db7fd390c3e00925690de6
6a1feca691996e05c0fd5aa2,36225983ad00d89927fa9f60fef0e208a0642f8b4f45684cfff141db3e9e7dcb
642676567bee9c5d5abd6996,5c61d87b6efca951243e0487aa149c613c2e498269bef3b8297817ed3fdf4aaa
6a1fec1691996e05c0fa9e86,62bb7cf4a56214ea175a33a0103b2237f8a4efee6ad1e0e8a2d1ed8b90860141
6a1feb5291996e05c0f6a3d6,86399a6ef10d78383b1d7fac5dd4244670e8e3015dffe6dbcc635b635ca21369
6a1ff05191996e05c00f10a4,0bd14d284771d53e9aac946470c782af3b2b78463d8e8597a522500c49d268c7
63cad9be7bee9c5d5a7062d0,5a47e1ace0cae04aed20eb2752c2029e49006a650d3614fcf3e8bc0ac22f46c0
6a1fefb191996e05c00c182d,756c0445f13cd2f8744e15d52c4f82bd4382fdae61b842c7b72da861c53ea546
6a1fec9d91996e05c0fd342b,529f93d3cf24b8a585f552d4711385c10b58a096e44e5d48014f5d4de977098f
6a1fec6a91996e05c0fc3416,3b69e5c273edfa430cc8374c64a838ce9c89c958411a6f302e95707a5fb929c4
65df2fb9cf21b2948d29f77c,87e2bdd1e17399a9ddeb6d78887e08caed3c42e7a3e7d8509fd7c17d764e19e9
6298e17253c65bae2e6d0bf0,d9f5692b92e35277160840a3102c00209b4858780ed8a80c2a322dd479cc8d63
6a1fef6b91996e05c00ad54c,4589740b55bc7a131983dafdb9800e5bfb794e9a5e97cd719e63d8078524eba6
69e0c7e291996e05c08d7892,eedc6ad052078bcb4dde8fa272cbd7deacb474ad9bd1ff79a4d4e87aceb7fbb2
68527baaab7e60756ef9dd68,7cf92d70bc8ae636ac3262a08a198ed432fe72178afb29cf96b9f7cb375e6066
6a1fefb291996e05c00c1fba,0b6626d6c1efc32d74e670695e915829429f881b984a57822d6284f74b426be8
67ee8398ab7e60756ed5daf6,63bef3e468bf92bc8d26eb45f779bb452413f8707534e0287fd4b0a9f8686ea7
6a1fed7591996e05c001421e,f5ecd60b7d153e0bcb9881a11027a8e9d0d269052f4eef45b0ee711a10224f24
68878f19e3ec279a550896d0,ca1a4fb32ebeddbba04c9a89ae532b0d6a480f9101ea2905e1cff7da1043689d
67ea2e79ab7e60756e859a63,1bbdaa06bdcc0769dbe60cb53952ebbab27977f4266e0c826e53df1f298d2dee
6a1fed4d91996e05c0007569,302dbade7e1d9dfb42a594e1a85907f376daec648ce07d8a30376543c39389ed
6a1feaa191996e05c0f31965,96d952f104b842765b2beafbbaaae25404262810215d59601b1fadbceba6422a
6a1fef6991996e05c00aca7b,9368bab06ffe521377f5c89b8b0760596aec61f2cc2940bd79b401838ec74e06
6a1fee9891996e05c006e312,f83b9d4429697f8460256be3e6928d70e7deb4676f895c394b01ee30c021d691
6a1fee8791996e05c0068fd0,124f743d22e01f078b1ca89e0b0d8e04d57cf9d906e041a27a3ec5b309ca375a
671357c4ab7e60756efd81cc,8e05bc0780c458bce8eacecd1cb820634170c23a50f87586f100bc773c6c66a0
6a5f267791996e05c0d26088,077f93c33bc2c5a826527d4f064fc723be3dbb61bc85b07352975ee4b2f56a5c
6a5f26a191996e05c0d2e5c4,2143df6cc1cfc502df6aeb1b73b35335d5b1d0db3116b382d1c1aefc3a6ec3b2
6a1febdf91996e05c0f98ecc,1318b7959bccc08d3ab872bbceebf6cdb0eb9396ffe7b93a038d859d28908eb1
6298f92853c65bae2e7db884,b6a85ae35eaed84a0145141ded8c4ce6ac36436976b4a3aa518f931679a7f56b
67f61f96ab7e60756e6f4273,67a23e87403a49df0d0241f04cb6d1a58a2451e72b90d0e92b6f651accea6e85
69dfa20991996e05c0766f24,b734f79402c8a14bf591fa42205859939050acef9334828748c7185204129db9
627757277bee9c5d5adc88b6,d443bd0d4bc3d5f5839a8ffea9ab209c6fc716751aac9590a8342b725a944555
6a1fee4391996e05c00551df,b048b9d9c8b0d25b5cd4025db615761d782a68647dcd66b7ce92cbc075c19f51
6294d5837bee9c5d5a5ad6cb,a41f0a02495fcdcb23748f125817323a620884348e31ed277a4e2b36f1455508
6298c0fb53c65bae2e4cc87c,39b3daf0873de286bf96f49d36132da1befcc165671018ad21e29a9bdddd483d
6a1ff02791996e05c00e4b0b,2a57e3e94f79e6b435d8fd5d4a198da98caaf6de5d12454e1524e1dce6b11887
6a1feec091996e05c007a8a2,ac5c159d1e75e8b73c1e7d480a43cf0acc4db5b98706cbea8edcd3609a573283
5ff88f017e23857eeac6ff58,9cadde3a234b9b352eafc33b96f6322c9ae65605ca1e2454c0d759ce02a72b70
64afec08cf21b2948d75add8,217ffd1e9f834c97633ae525e4224e9f8ab4e6cf2dfd5d22d4d0fecee33cf11a
65dc7fdacf21b2948d52c183,93612cc40c0a8b34bfe11cdef52846a4aade6b09cc14adace8304d6977f37023
64afe4adcf21b2948d637984,88c36520ae3f9652da075479856ae7af972c8494e15eaa95cfc0f32792b0d074
6a1feffa91996e05c00d81a2,fb2d266759e511208ff3661b3f674914d9a63f8a5b84f64fca76e6b3cea14188
65df25b9cf21b2948d12790b,65a44d628525a62706e49cfe56628d7c3758a9f0ec2863b049354741395f257e
69cfb77791996e05c0479591,3c6a6626271e9dc8682c3def6a2166998a87f36fed2dd3dfd6c69232da241478
6a1ff04191996e05c00ecad6,f93c3d98a692b93befd756626ced5870a9f8754b347770495d90efa9eaa620b6
6298f3e053c65bae2e7ac1a6,cfd312eb65ba29d8134cb7e745da29e5a877d2870e07863a337ce4fa97ad797c
6a1de18791996e05c0fe55f9,62080942f39f4c25fdabbfa2480884131062bc00821dd20f76c9e90d6f2fba36
64afe44bcf21b2948d625379,11f69970789eef6e5a614d352983099ea6eab567aa4c36d7093b3dd99764d034
6a1ff0f391996e05c011ff51,706a0b300640319c4f27f238935d23665ec1a08487d315cbe286306f7b8aa8da
68db6fd9e3ec279a55b28f01,a3311175f96cd504983855b8906ca327337285b45080803a073d4d2d058f4456
68b5454ce3ec279a55b47d24,44c5f1bee4d8ae5e9c0f902d8a66d0932055b66ccea421e81e9b17634cdc2967
6a1fefcc91996e05c00ca204,d07d18370db3f70e1d28af9fad65ec8e5cb038d53345b90da17f04f9950d98bb
6a1fee1591996e05c004758d,102692c00d117f7150ba446446dda5aee211d8a305e807f535a190703db3f2a9
62990e2553c65bae2e875adc,41165e05300159958d0fb109f5bf5df0b7b894b3d654aa45e76d732b079f1395
628f37277bee9c5d5a7cd73e,602dfa30cd0d71af9c15419e5803b7ca0ef76708b64f498a821f22bb3aa27375
6a1fecc791996e05c0fdfe62,31db39b8b18ee571fc640c24d9e41a4f42d0e5ab13b2991379110f65cceaf88c
63cb36a47bee9c5d5a91da83,aa0b0608502edca3f52ad8b81e7c8f3b1df6b034a393984083d3f68f173d83d4
6a1feffa91996e05c00d8364,7929e2c97acc2f40be443ff8f8350dcd7a869c1f434277cb4e4d4f0fcb06c70b
6a1fef1991996e05c00962bc,4dabc2f76fb20c8efe0a9c473adc6d4805d777ac1e6bf4d80cc0820d0642c628
65df3a93cf21b2948d455cfe,9881656e25648869057a86d4ae47daf7036c00ca543242d4a4b520e6e18c6324
665843e8ab7e60756e6805a7,e8605ceec8811b9dc00864a25368e6924044d324f01922bd18ca0c8e327c83f2
6299148553c65bae2e898cf2,b309b5fe3c677e608c5dd2c0dafb344a58bcb27141d03de171be53d92f483ce6
628f3f787bee9c5d5a83379b,95206dec02425f55fdc222775b6f1620d6667b78958b7e803231e524af94cda3
6a5f259691996e05c0cf8d33,a53178d351f2748eaf9edbcf9ab75e987df3c072c19b157cddf67a4c3f4e34f4
6a1fef5491996e05c00a69ba,55991499c1f7bd2e91da748f95d4924d295ef60ddd491560113dda136475fd32
67220eacab7e60756e6d94f6,44941c1b71ed36175fa7072fe7ade3d15e8cf223acf4e0b03e55f4b03c916117
671357d6ab7e60756efdbc68,abb4de52f8936e3e051eedec767dc49a558664eed779419d5ead56f2fa9a5af2
6298ee4b53c65bae2e76f734,e472cee9045661e31b7e0d3c356d9b44c2a32bd1db110d43c207df8108a54828
65df3b52cf21b2948d47462e,3decab089cd2ef3eada8bb2b1437ab8a805101182c9c297f8b062ae522b4897d
69bd76e591996e05c0d1332e,ec46eba653b4a6cd968b3d92011eface91bb905afb7d57eb053943b8670f82be
62e8deec7bee9c5d5aafd3a9,0224e9a625d2a6e7e2a35f7689d78a61a99271fbf6e2626f2c7abe415a775633
6672bd2bab7e60756e1e880a,4264f41da0f625fd398b4d6bb2334cdf3480d83d03962b7c56e64b1653df70e3
6a1fee9291996e05c006c99e,a4e72c250fc28e2949c4d3d3bfa4b317043798fb849f9ae3ef98442f912deeef
6a5f2fa491996e05c0f04a1f,4cadf6716708dfc66b3eb9736d2e90f4b5e9140ea12ec95535a98179b96e9f6c
62e8e7027bee9c5d5abc8880,cab6b7729e7845427bcc0aa53607c13f4107ae2ad60c726d43810d30fd12dabb
641aea127bee9c5d5a3958d8,148200f0f71eff20b9e5f5a8f3e2a8c5a578ee7318cc4ddb8fa4cff362edab4c
6a42740291996e05c0ed9add,2e2ef114d24bac8dec34200cc3a1e3785355c805457c9d11f68dd40056ba1347
65dcaf50cf21b2948dc45b9c,5631f62cc1093dbd73f83f5efa5c6505488de2e2216c7105a7c7fad6a286b630
67ea39eaab7e60756e9a7586,6ca813a40ec28c339fe58d7a4faf93ed89eb631b280cf82f6acbd18c98806755
6a5f2fe591996e05c0f0fb3c,57f2989c79edce5dc30d645cf8ddc78796460b43d82582425658118d3d0e87f7
69bdc4d991996e05c02b26e4,325a792b3a4092381a53368abbd449b5e87a2373c49e7ed12e384c3948d54e30
6a1fefc291996e05c00c7268,406bfe60365fddb1b4d2267aa752dc6e33841b8891a937fca74c4a310840d8ee
69bde86a91996e05c03cf4e8,ecd2debfe5cded98688b8942a60190f9e3703a367749f9d869abf5ad6565a55d
65dca822cf21b2948db3d1e2,4b21517297994e4e1531df45757dfa14bd6eda9f5757ea2386480efa5916fcb6
6a1fee9c91996e05c006f436,3f5b90260dcdfcd61c8c8f806d771f76cfda0df2c220c49eea3611428a7c55a2
6a1ddc6291996e05c0f82474,a4ece9d7986a1ac94f9470aa12302e19dc050a9406824d1b5d33ccb5667d5764
65df52accf21b2948d81d106,7a00a75c19c33bb26923805bc99c0748b4ebf307de9ef5e7ac088ee731083f98
669788c3ab7e60756eeecd84,d84e1ce423c52aaf5e93d18d3f234ba3f8504f09f20a9fcd5b359883ae22d828
67efbadcab7e60756e703cf0,2c9e3d02cd1a0821f97a3975892a68a44fa54a529338c37b0efab81dc63b9e40
6a1feeb591996e05c0077258,89fde125c576ba43a2b12d5f70a6f4555d3de3f202771ffa7cf2c7a7cfb6534c
68db7094e3ec279a55b45c91,3f88693c980fd605d804023e324c5103ec863bc782187e42dd9d86a2c894e6cc
6a1ff07791996e05c00fbc12,26283aaceebd6e8566aaf2cf299c89294c8ed951c11bcb094db7a4a34935af36
65df3152cf21b2948d2dddc9,af9fe4b2e3503c57259e683ab56a3e7d99f1ea27060f08122ed30de16f6f2bd1
6a1ff05691996e05c00f29e0,59cb6b39e38e8a13a5bb83631f9824139d819bd22763fd96245578f0572c3bac
6a1feca291996e05c0fd4773,85592fbac9cb3073cf93e0c6ca416df671baaedfcc3eb9a6742e8946ff71649b
6298de8d53c65bae2e699fd1,0c50466fff706c88c4bf8f125b2854fc5c93ed5a6b37b02430b1b1ef9de82b5d
6298d8f853c65bae2e649eb7,97c53f73ebd6518d7a781bd34a5dfbd621a3847d8adbaae9b946e07dd2c621a1
671350c9ab7e60756ef2c0b7,462ff1ebbdf3f2d4ba156b68f83f83544b265deb69ed56bd8c9bd0f4d7ce66c4
6a1fec9391996e05c0fd01b9,9fef5531037c1ccca1bb55b8f583aefaeb95f28e5ba6ff1810f3667d082f8aad
6298e63553c65bae2e70f33d,d74f120dcbde9f5f5d5173b88b995bf2c93d770925798e294ae19baf3dc5e0d2
65df250ccf21b2948d112da9,58516c7e467561beaba9ad9aea1bbc155a0c23962703b33bcc0bdb9714eea362
6a1fed7391996e05c0013c19,4593b63cb64410b6b61b5630b0f07100a6566bee0a0b5cfa807f70f01e93b088
6a5f28f791996e05c0dab8ff,fc383d8693e0c3231922891e25828fd9d5daab269c45b88ea39ed0cc3762d327
6a1fecc291996e05c0fde464,56b3dcebd101c5dba46be96d2bab243a61a03d1d5ffdf71063c13142302a0df5
6298b0d153c65bae2e3b9ac5,c27a883ad041d3967c5aca522e832ffb67078d7f27f852845f19e0b383e093b5
64be45fccf21b2948d1020a5,1f370aba48bb27484464f5d8c4c51bfb48b633378688beec37b169ff121dcb59
6a1fec4491996e05c0fb85a0,2351b94536c3fd3287ebdee62de9a81042021c01e8fade1469885f42b19e16e0
69d20af991996e05c04fc81b,0e26ef6c5929182138bae27664694e10c6b4f485a450163a00b8be8b1cd49393
6a1feb4391996e05c0f65c67,5a9c81c8790d62bb032fdc9b08aaaed44c96954579d096db0133dd9a2b10cb88
65dc768ecf21b2948d3e9910,0f004dfae8288616ab2d74ffd958e26fc7b3491468cbbef12c554e6bcc180b74
6835b3b2ab7e60756eae0b6a,779ce120b1b8eff294ea4946fa69ecf04057f77d67a1325cb1512f2a7fdc0ac8
6a5f344891996e05c0feb3a7,44094a38ac20f47ce3dcda8ea0cd9dcc97daf80bd060f1d2b8fdf4b2e88b9766
64e48616cf21b2948d07adeb,052f6cdce30eee944231e3b95360c7ed096ab1815d7b032af3d3aaf622df319b
6a1fee6191996e05c005e87e,b060e45eb96bb1ec41f0728a867316ab7aad5dc8fb2d675eb764773aba09c13c
68527a06ab7e60756ef63406,ad3ad8184fbc96d9dd8e07465534cb9ed64824707658ab2ee785190511e08224
6713598bab7e60756e020872,cecb4e6d30c9f8ac7d6cd975bc40e646de200e32aa1859929b088e0561bde66e
67135808ab7e60756efe65ec,d2778ed45ddc129bfd65a7d79f73b0ebbc7dfca8e4aeede6c0dede5c09718578
6a1fef3591996e05c009d9f2,adb26211442ffc956042ba5418adfcbf74746c9e90c27533a18de07f5db701f0
68db7032e3ec279a55b36e9a,fd5e298e87283ad2f016b82e1c4ef5f0bde1db434f7c45dfc710e3097e8ef5d0
6a1fef6291996e05c00aaa38,d0dffd57937f1ce42a44b4a5bbbb506cb53cebdc938d85884686465616e0cc11
65df5318cf21b2948d82ca17,395ee2641a9eff803784bca8d78aa5dd57505a024c00853e16b2eb25ed4cba75
68242a7dab7e60756ef72950,a1994fa51bc32c7e0ac6ace3f5a67feb5d4928c6b6a3a25ecea232c972814be4
64afe991cf21b2948d710c9d,adb6446b4687d0b685e27fa9ca925e7767f70d48b9813f581be2f28163b55af0
68242ab0ab7e60756ef7927b,d3ff17358064d0a7efa4b9225a9f51330c008cbeb117de18823f680bf3e0336b
6a1fef5791996e05c00a77a6,6d7072ca32d73fb4c3b05812e8fa7f5da5797d7e02a8b478fbfbda11e2e07337
69cfbc5491996e05c05d5e81,abea7250f1c577a639958e632e2321cdef67f3e7448ddf4008cee3c4ca9d19c3
6a1febce91996e05c0f93653,f3a9a6c1716c478c01c0f61097ca2dc074c8c181075eee247c3760cce710fedb
6a1fec4591996e05c0fb8928,fea5f8c1b568412cf2da4885ea7ad3bcfb60eee0ae1d0f565b7afd59e0f53bab
62358be97bee9c5d5ad8e43c,a55c1374b2b971ab6106ea279410c139ff5e66b26ccf4f93ec8a2d2b41d9a5ef
69d20a1091996e05c04cc666,74e39917aa99e83a008aa16614537fddbb7dd1bcb0c1f503d2e8c06e04efc2c5
6a1fef7491996e05c00afcd3,7d16bb78ffc54531ba96a0816bf30efc122b252d3b5676f80e2196f39ea6fa4c
63d8be627bee9c5d5a48be50,3fb2d999714715c2a3ae3a07d56e51479a2708ab7ec77056840bec028630d803
69d011a391996e05c04eed36,831f034e7380e4def69ff4f2a9403fea22d5008d0602f59025206fc7392197bc
6298e1a453c65bae2e6d3f42,f4868f2bf7ca717bb85343c588e232ce8be4b94d77e675039eb81257ebc33934
69e0c60c91996e05c08870ed,fe0c5616f659a39fcbb91ec28801c7fb0a2b02d77cc5afbdfc0428c916bed815
68c414ebe3ec279a55f05ffb,8000dc2c32cf52bdfc4dce318e30b017ea1c8d4ece1ebca8c965643aaabd7946
6294d7bd7bee9c5d5a5d47b0,6d07a7cad598a7823b2f6cf956f5c75c15bcd2b85e0f578febce0e3ec0f53c74
60c0b5c6ee3b0993ea8b583f,8fa00dc8d7c8d443adedf38648a2ecc2f2104b6ad0b82a8f6ab412e9457ae3e8
6a1fef8d91996e05c00b72ef,fc84146a51a22bd06913d90c21300771425bd339dee92d20671d69a211dd92d5
6a5f2b2091996e05c0e22940,8ca8faca2b6d9bf0899a0a9b69db2f9aea00169ccb1020887fbbf56b82360700
67ee77fbab7e60756eb3e4d6,ca246bcb5250ff9238c879bd4e8d55e9651b2d1ef63632a6aa1cf2f3017a68bc
69bdc2e291996e05c02a1a33,e9beb87f288f6973921177dd515b7fd20b3b320d989d7d094e52a0fa4baabdb5
67ea2a03ab7e60756e7db4fb,02d3f363a4bd9b6ea65be37cbe74a05615cfea4f5377b79fe2265046f56710b4
65dc8a04cf21b2948d69fa41,9ce8090c142e06e65b83e3acc543cee3e6b9ae01561ceb2f1dac670a2ea2c955
6a1fef3391996e05c009d3fe,bdcc17ecf5c67d7c2ba365a0b412079122ade9f405a1893baebbe0d7567c0148
6a563b9591996e05c023f153,b4852d1bc09b9db61e5ed3ee058dc55e7e1fd1b761007323f7544108d0494ab9
6a1fedc791996e05c002ee02,e5d42be87df6478eb909503c70afaedca4b5bac432446862900281100354949b
6a1fed4091996e05c0003969,de5b1218b6ee1a0e13a7ba128ec6aae7a206a9da6a7cc82dec10da40710fe397
623b20487bee9c5d5ad63fdb,9d4e8c88e16281570df8d8071a7d24d5258a64a7a9f792a3c2b5a9d0ec0c1bd2
6294e3437bee9c5d5a68bccf,ad2ce5c1bb1f2b0745f8b3d13710506fe031b1bf9ca953b8c7f75c16b48d9cfe
6a1ff12391996e05c012e31e,c5431688801f858da620f9183f30276a20d8848568dd985ba310c282a7404704
65dcaa5acf21b2948db8de82,680e304aa706fb565426d0134e96a2038c537ae1d9d5a3f58dab00be32cbc0dd
63cae7c47bee9c5d5a78211b,193f30a1d1e0110d135cd687c53deef3237a76663b2466f20994d4004f954083
6835b3a6ab7e60756eadec15,0b9a8797817d2a3f67966920e2a3bcc2333e132dd409c69eda70f5d1543f7798
641aed2b7bee9c5d5a3ee924,dcc2976e785651601babee871ea335b280698c57085f3b02583223fed59ff174
6a1feda991996e05c002521a,c4cfcf1bcde5e2d13c9d9a4e4a9639077d47e731f565f80ef24900fa3c9131de
628f47a27bee9c5d5a89f976,46a631b2294e2a859d1f177a6811aedb1906a26efbf944a2f09f0b6f0939621b
69f08f4d91996e05c081467c,63a8120fecbd65cf2a761e41deb5fb3f4dd4ca6c2344ae5107582f984dd17fd9
6a1feed591996e05c0080ebd,411eed1c5842f3f24f9e384f827ce70585dfda7c78fe01942446895852ae28a7
6672bd85ab7e60756e1f0c3e,9af4df5e6c5f6b96481127395827f18feb6ddca4b0654ced802ee97a1741d7e4
628f3c467bee9c5d5a80dba2,3f2687498f2971e8c9c82b5a01e73b276832a29e512f31a87fc2fada3e02adab
6a1fefac91996e05c00c003b,d419e4545436eca0005544165c27cf5dfa3dea84adf61ea3f0716d2c9a308e23
6298fc5b53c65bae2e7f6ca9,0454d3b4c44862aa93843792769a3967dda26df7470a1106a8cb5e7ff36e28dd
69bdb12791996e05c01fa872,b235636945cb6bfeddde98cf6b179463689949ddff721a1bf9b7a735bafb3fb0
6a031ee491996e05c0059b1e,baf752bf8fedcf9f7e2f0783396b343963e872d04a672eb08f01d9fd262b2174
6294d2ef7bee9c5d5a56fa07,38d85a3760fd6e56676f2fbc3317acbb70557c2e887bac4580f0eed840ac9502
6a1feefe91996e05c008deda,3b267faa619f1e6f4bda379a238fafa70caed1655b121a70dc027e66a5b4547e
6874ea27e3ec279a55e5c014,711910de8b8ad6a0390acb3fb9e706092d958f7df156f3b36b195e705d8ce343
69dfbdc791996e05c0b8be2c,72e3101aae7f17239b49bc1bd224a1689071ec2d93ef8c93d4c219f935b90f3a
628f3f3d7bee9c5d5a830501,12fdb9c31a82412d2cd9b1a746980add79cbeae8394539b04dcd90b341102ad6
6a1febb091996e05c0f897e2,94c3cd3f5a949bf09b5c4cfa1efde2ef6106b9657aa5371a6cfd5bd69e01e62b
624c59b67bee9c5d5a62b009,5bd8cca2292c77f403189dfa3139fdca42743f30e72c419429203e9016cee993
6a5f2c6391996e05c0e62147,1c092cdecc23f21e4c57bc4292658c772cf53b10de90502689a7ff3a85bf052e
5ed2235216d97489febc2ed8,be5cd18488c43b8a2ab971eaf9f7c1ffeb153a11677d467f578ebdd9db67f590
62990a2753c65bae2e85ce00,09d0b23f900b84018bcc3011963e69a55179fd55a1290e1033db408a1d52bd96
6298d8b253c65bae2e645f1b,8addd1246110f237176158a25ff5b5fadafbd3939df3940e34798bb1243f34f9
6294dc6d7bee9c5d5a62101e,23b2c64646c16f935ae094da9d23a36208d94ec89a5fd90895fcbab251d8b886
5fd9adbf7e23857eeaa037fb,b38a1ae559f230ec7165a5ffb132c09c86382e46f70ed99dd7dc79b933c7fd6e
6a1fec8491996e05c0fcb48f,7acc173f4e2bbe75a297039756945bcd7c1ef459af73683dd66bd3674339ba3d
65df245fcf21b2948d0fa9eb,128dc52ee2298c39d7d682909baec1d28258c47413c9a91673d00d719a5d25d1
67ea393dab7e60756e990b4c,8f99cbdddfb17dc3f143b6ebbf6ce4af28b33f3ea34e75494882417ebd3dcbc4
6a1ff02891996e05c00e5277,748d91b924a424143eb46679485e4b2f6c56136ce3685aaafaa9a5daa7f74990
64afe4a6cf21b2948d633fb3,f6008fa5c4a52114ccbd26bc52d2fa2ea36b01f1d56fb655948e18a886be6fe5
67ee866cab7e60756ede2563,6e0dd3867be7b231ab766163cbd8a5bd3592e5f359e443ee59547157755492ac
628f44b57bee9c5d5a87a5c5,d40709ea8a4299b49d9bf4cd47f99daea046d3e225f4151fcec86c403b047329
69e0c72191996e05c08b6ed6,e444e2ee71e5afbb0e87df69cf80f50c0ed9741929d27a88121ec34a55073cc4
6a1fee0d91996e05c0044f1b,ee40bf476c8bf05526603c240ab5ed39250c724506c03c1b4441071543b5aeac
65dc60cecf21b2948d10d51d,e7d35efd2d7cce0cba4103187110cda9cf58edaed9940f60d74573a40301ad94
608ce831d5cc354590787581,616c1e99898039e1793d5bbe68da4c19bd703be0bec8b5ad3f8c96263346de31
67ea37a6ab7e60756e95ea3d,f5875fd8127871bbad4166de60a6054b25c0bb2ebdd88f854d3b8f0c42d4eb65
5f432709146a9f17ff2e3425,7e4a18912cc5568ff76e9a50a74153dfaf617cf01352f31d66f1df2de60a991b
65dc88fecf21b2948d678175,33e6bfc1ed9ac1c0d5ceaebb15565286752f34b958ed93326bebb5930da20448
6294dee37bee9c5d5a646610,aca448a2aa930b7d26615ccd1f07d1cea708f8585862662dbb87952b8c7a42e7
68d10914e3ec279a55852241,fa5ec00d1aefad7369ae4817b3cf5d82321ea182462b1458ea4e884356925ef0
6a5f262391996e05c0d151ea,f3c8babf9c767e6de5b931b0dfac447d43edc14ef484ad081e4f1e54541082c5
6a6889d2a8ff762f0dca866f,ec2604ff8419272ceab1688261f33e0f635c20b7c31cc598604b2128f54da0c2
628f3c317bee9c5d5a80cbd1,ca81e2d7d8399f105124b7aad6a7015e90d3cba5c14c0447311e21a5fe470555
6a1de33f91996e05c0006ee2,b008c0b756daf81278dcdbb127312008414380989ad67bbf9d0dbc8abdcd3bd4
641aebf57bee9c5d5a3cbc0e,fca72a236f358919f9770f782c614287567f47b1f876e74ddc1af1f914aab512
6298dfeb53c65bae2e6b6b83,512e54412a525003372d0b49ff7c3d642e141b2cfc6e4905e23f208a21974f20
6a1fecb491996e05c0fda13b,d07151afdf49f609b4ae87c55616766281f80ac0247286d06af50382e787a275
67135800ab7e60756efe4fcc,8c2c90c26d1546970d5a8d9737a5f2f07f64e324f03636c73c1b9077302127c2
6a1fede791996e05c003890d,8ec875d33219d137f7bddf631954cd5ba07c30adff110658d86b1626226ba810
5ee328e616d97489fef1f0db,3b02d588c7c0c3acb181584bf7d0d3edee35cc6ed38ca93c69cb85ac0cd0e126
67ee8779ab7e60756ee11dca,50164cb8eeff43b1a9bb6bdc5c0677f335b41a90e7e20714c33282b50b269319
68527b31ab7e60756ef8e761,aa8652ca32fa4854d328fdd352f918170e0ee64edb7d8d47393350342490b0b0
628f40b07bee9c5d5a843092,27e10a48d02e8873792725bd11226f3199145017d23566f4c64ff6f0418604dc
629910c453c65bae2e88454c,d8a488e21e795497d0f5c0b09d8419434e2c71e82f7a7e84149c1154626d69df
69cff52e91996e05c01a80a8,44303a4ed371685fc597518c4f4ac959feb1303cd4986115c625cfe451a2977a
60d2e8c7ee3b0993ea508ac2,f42b8ddb5c0fe879c8582e03aca90da186ca63b2412e6caa9449241f6547de45
6a1fef0091996e05c008e766,46b966663cc78e612c3d8e5e48881bbc85730c81a3dddc387b7e4f6aa19eda61
6a1fee2291996e05c004b15a,3390756bd85d9e9e60cb95e6f69e7250745ac4c5d53e88b277bee86eddae3ba1
6a1fecbc91996e05c0fdc894,737399825d9f11d3c68787b4d5a95170971009cc2fbdfa2c37fce366372a1f8c
6a1fed4f91996e05c0007c7f,6d6e75b6e9f214071731a603639e812f8a054163195b52ea6f041b6eba3f3a2a
6a5f2f8a91996e05c0efff00,3985f775b69d8aa5bbb5d9ec9100725219e4e3e56d4430c1d59adf5851c15ec0
6a1fee3291996e05c0050102,0604c73b59e8e202f1358b7a6e1016ccf7073a7a8a0ae81b18a99821223132e1
6a1feba991996e05c0f87c8b,9ac341d270f112e8f9ed3c4ef674ad5c3a2c9c0d5d1183bcb814e21f1f490781
6a1fedff91996e05c0040151,6290faf33bba31a03631b71b5c3d4d9fa4f995c027b6f25dcad3e60600c1315f
65dc6ca2cf21b2948d2a9872,1149169200e0aa188716b89f70731ddd739f460c976d8d0244d379dee0b1183d
67ea37e2ab7e60756e966087,fdd5e2f3b00d935fd753ca560a2d35d66c2583c2b471ebb1ff4c5649167fb2bb
6a1fe9d291996e05c0eea654,5e6ebb02c5a75927c870432d37a0f55e080ca5ebe7f6e0fcab1f54008be1b1d8
67135972ab7e60756e01b6df,4d7cd2b6a69e9ecef40e690520a6fafa232915262aeed40f0baebcdaa82d7dd7
60ae058fee3b0993ea9fa77c,5e12bddb9be68f68e084ec1eb8b3703bf5bc9a89dfff31f12fa8bd6886f2a018
69bde7d891996e05c03c8248,de096de6b441874d72c897f52f1c6da53c17dac78179d2fe743ff7c04d6cd5f6
682d7dc0ab7e60756e799165,966bb17c07df5dbcc3ad51460d8d1e1c9cba979ca93425b02bf6ed64e3ec0b74
6a1feddc91996e05c00355aa,0990534d535ac056e3246f649378a7c5ee92c344b27b767e2a95dceee23a041d
64afe4b1cf21b2948d63a4e3,eff06f8bbe1b66f4e7ab4e58db9703d8bf5c25913ee176d5012508590b79a6cb
68527a4eab7e60756ef6d688,44f5e6883c7b756cc867aa80a4cf6b2e9d3a0116eedcc5a4eb0d7bead02077f0
6a1fef4591996e05c00a2405,e55dd940c61f638f28ade898119b6058b953ce2cc31e20482aaab9b381616f55
6a1fedd091996e05c0031b09,7fffbfae07f367cf57507c2a26ab04b5f714572143e43791062cd94df2401c8b
6298fbbc53c65bae2e7f14d4,712407838e48b622cb3650a13f3c6334c39e370c229b94f608b1e3877d9d57eb
6a5f288d91996e05c0d9489b,d57edfcfed59002711b85df492c9d3daabbd1fb3ec9ac59bf451f435149f5b87
6a5f2f5591996e05c0ef599d,38a2ef9d07c747bea92fd39168fead677230597e9706a65fab180f3dbfb64037
5f2aa5a9146a9f17ffce00a8,bd6fad608f6608d7d5e727256b451aa6f07e149d42fa22e2346aac1127edf54f
64afe445cf21b2948d622dfe,d180b7af50e5c9ed9c44c3f9f070849f43ff36579c8fca5f33b76228e0c538ac
6a1feed291996e05c0080319,d4b3c5309b4634ef29837083bda3a11d60197bde83b3ddd5d04258aa97f3f945
6422abeb7bee9c5d5adde23e,7b8f788855e3754138fa392ec92935f1728d98ed81a2c6c40a2f6df91db4c40d
6a1fecce91996e05c0fe2175,c4cbf22c578b23b515fc3ead4d0525adff5f0430eaec8404910001f5fdc5a188
6a5f2c6891996e05c0e63132,246e60729fd87c34422303d991807f3ba5bb688a70e80fb7785694dd685a0768
6333edc17bee9c5d5ae07537,e51d0904ac16d80ebdf2af1556df2f07845e434230f1590540f667ae9f24a85b
6299009453c65bae2e81b437,6d9ef0c2a99f1ef0249ba326dfe2a1b73029372c341d05c8c3912958b9743b1c
6a5f254a91996e05c0cea398,57e57725807aabf303a0e722c28921465fa9fe986e5148c0765c57b933a410e1
628f3ed07bee9c5d5a82b09d,d3a59d9c0c0fc8870ebc4b380a8fe59da297fd59d8d2846d18815250c8d93daf
624343007bee9c5d5ab0c203,2428bc4b87e400801ffea0c56c3c70b012d18ed087b98cdb118754fe4c5220dc
69cff3f991996e05c017cf87,36c44ff0c9213c7e1fd93040cd7abc1bf6d5400f6f55d06f361f4aa419d7a66e
6a1fed1691996e05c0ff710e,189ce3acd605b0d4ab1c6944ac5987e57667cfab23fb68666e4580af3696d68d
618662a8813bb28a90ccc176,6259d5a001bd96d17656356f0c946ff3efa83dc70b6b6191af641be28c0a4ff3
6a1fee4491996e05c005569d,718de92a40ed2dfe90b8dcf1baa87f86950bb5438acae5eace1519ffaf1877d7
67ea25d5ab7e60756e771699,cc6262d0e464397083cecbb70fcd67b68c5a4a353d40725545ad6a3003ac1975
64afe4a0cf21b2948d632ecb,faf72fd3e7dcd49e5c8715bb689885625d9dc6a7c2c0724c58254cc3c6686c64
6a5f2fb891996e05c0f08003,569ef6db282006ea56db375f1a5f62e7dd69d8b7f62396d1e98fb7eea3201869
6a5f342191996e05c0fe4848,37a8b69416a63a2997ac68804aa25ed714c4b268662bc8b482f6f87ff39da00f
6a30ee9391996e05c050058f,69948dbf39fc2f1a8eb735008ba887880afe5d24ca239dd75c84742fff3f19fb
6603dd89cf21b2948d53ac7f,b110455a75f977cf46bce79ad06c08c1dd88651cd0e1765e6478cb0a1621fb84
68db7072e3ec279a55b4116f,e0c22d875b3b857b0b7eeeac72ed24b9b80660ce9277f0e2984dd6e95701afa7
6294dd667bee9c5d5a62f6ef,46239b3b4ed868f6e230c8711b9aeed3554e7c588a346b72fe68c628f8343cc0
6a1fee9091996e05c006bcfd,4f6827bbc0e4ce40a560a892a9c14300aa6c812c804d6a6a8d12892dab678fc8
65df3c6ccf21b2948d4a3654,b261039df25f2c86eca7b731a424b37f27ec18be93ad37a9cfc2b9683638dfd6
65df4950cf21b2948d6b0fa5,805cb54a020502462a1cc8a5d6b48ce642bfa18e508995b05924ea6ff2b3f9db
6294e1e47bee9c5d5a6754b2,d4dbbc4d0fd51bb8a0413e4ee8cafc78c98abd79e337d8c6388d860097f4fbf5
6a1fee6f91996e05c00625a5,8e0363affaeb4289ad167eb967dcf5d966665616bbbe55332cc7fb54e38ba497
67efd8e5ab7e60756ea64192,ad6d02deddb572ce663df8d9d1b2da6c084810283788aef21efd699a832ead34
6298ff2b53c65bae2e80e8e4,1a4521c60c9452b1124d044720d3ec7248fd552210d8846b043daf6486aaadb1
6298e77553c65bae2e71d28b,abd2d49a039a1d772cbea1947e507281b6ade63da60982af11b61b876b699b31
6a5f279591996e05c0d619c3,7355558e86fe3fe5c72bd4b67ba25632857751c8845ac6c202bd86937d3f2949
68527b81ab7e60756ef984a9,b3af9002b2955ee96061534918c9acbd139ef41e7e9bb49341ea97faa877bc6f
628f3e4d7bee9c5d5a824bf5,015dd97d2bf7a8b161e00480a15a3d42692630b5fd568fa67007092e5a575548
6298ce2f53c65bae2e5acd5e,0cdd4e7c0089be23337844fe01e278f09162b3b8ad0b68f7e119df183e11969c
6a5f2c1491996e05c0e53903,ef036e8d495574ae25026751b22af4ea588cf94cc1243f6a130a18a628d16520
6a1fed8491996e05c0019273,abfb722a62ecfd1cbec152386b7ceab082abd2259dcb1e44e7af873ceb0cb865
6a5f324691996e05c0f84ca7,d5e1888bffcad22784094f8775a81f64cacbae531409d0a6f79595ee1bc75d97
6a1fee0791996e05c0043043,5d9955f9b2419ceab8cb504b50238c5510d684295c098f836983024eedf1d258
6a1fecd591996e05c0fe41c0,86b8b6869fe8d849598a9426ece6f517e6a792e4286cf62555ba04bb094a3600
629900d953c65bae2e81d0f5,04bfdc33d09e5ced62a40abfd6abffd77465e71e5f88e74ef44a90952f555dda
67f10ce6ab7e60756ecaccc4,c2cd20d5982c824d7d9833048733fc0ce3cd7247fd6ea1c64c9db45bad35ac16
628f38fc7bee9c5d5a7e5043,7731af13a0d2f2014204c9c4ac9d535928724b0d7b20c9fac09d2505d81eb274
6a1fee6091996e05c005e14b,31b78afe60ac3c786662aaaff4d99b1ed90e2725f2528f8057fa41d0bcb18a51
64afe4b1cf21b2948d63a656,07e49608b264ffa573b0ca194c09e8e5d97e7bb19749015e1787a624041fa1a2
6a5f2b5091996e05c0e2c613,a4816a1664745c4b3b4784da8ab53584c4104a461ae4b6cc96db926d6052c256
69bdc03691996e05c028c355,372fa5be352e8139502eeb528128aada49b115a1d2fe144ac9a7093cfdae1c40
624c04677bee9c5d5a23571e,801ff80fefca310d746f50510653f843e4ca76226a0be36151bc1aad5b3d8726
6294a6067bee9c5d5a309610,4933156f62ecfa5aaa087693a01141c89b19a6b240f9c36f9b5b6886df546272
65df13e2cf21b2948de8c237,50acef3e5977408e51e8b94ab9f33237fa86f6e52abc75c7e9aeade8cbf4347b
6299028753c65bae2e829894,c0cee95ace6a180d624caa6ece07830db1e2c96e5527f97d8f90a85fe3b34663
64afe6adcf21b2948d695e53,96972263c92c7126c8e51e9871a58a455286af163a6a299ade2f8929722829d4
6a1ff00491996e05c00dad2a,8eb41cfbd8932fb6fe940e7c86c5f9ef977f2de3da7d2dbba0db3e62ab7a906c
65dc85a3cf21b2948d5fb3ea,260e5eab02198a4fb066f9c43c0343dbdfbc959c5fcc522ac17211a7a2033144
6a5f2dea91996e05c0eae157,9e61005ba0e86cdc21330fe8419f86745387f3860067b62b14c5ac5e098eee6c
65dcb312cf21b2948dcbe4d7,96c67ab3e3eab77c7cfa00ed6f5b7224479b9d4370e76f41f3e7b3c01f3a4ad1
6a5f32b091996e05c0f99a8f,e81ea3fc00071855adb72e8d6972eb66e43ec88a603915a33578d06e8b67f99b
6294d14b7bee9c5d5a548845,4c34669bbe6d4d576480a65eaaa85f6762ff40c173ef91b0b8c0e00b5e66d84e
6a1feee291996e05c0084b0a,fee186a7dbf4a1f14f9be23731f5176d4316191fbeb19166c38e03adf09921d7
65795d558c12ebd66fe6f133,a2e854bfdb3e119b25a4cb6bbb920dab9cc5cad71147dc1714320a82883e0be9
628f41817bee9c5d5a84dd0a,fa03173892fb20af3df83eb1da98f0058702b4a1c927ba6973ef17ac8087109a
6298d47053c65bae2e604a2e,0bfdfb4a5b57610585d3dc0384da9a82cd1b0100e22e82f336bc4bd8107c29b3
6298e8dc53c65bae2e72f0c5,512d54cba567d09aaec4a030a547687020879326c31eb1fe3f60e7834e02e136
6a1fed4491996e05c0004d7a,45a5261ac2bb82db21b109649ed601ac34e5cf601f14f93c3ba4537f3fc690ed
6a1fefca91996e05c00c9947,baeb400e3af6a59dd7c2ff90262e4c0e4a2964ceaea51d8f0b12e7f45211a63e
6a1fefdf91996e05c00cfb9c,ac6584a7d073d9f6fb1d57cbfac1aeab456a8ab8ab2b5e0852c8efc32aa2a705
6a1fedcd91996e05c0030cf9,e87484526d7a2a8924da017c36bdf0574b31af48a8e5271654a214a77c81efd9
69e1332891996e05c0814add,bdee9e7136cfc3fb40c3c7a1af4ce6abcbea95e9c26ba9832b25de8f7d2d4ac3
69bdd35991996e05c0322126,9484a6a059e1364e3f29d68225a3d331da65b09737322b71cb80c500494d9d66
641aea107bee9c5d5a393dc3,d4a6f6737e345498889a79750376ba00717dab3c0104793194eaa810fc43f40b
65df1a18cf21b2948df757d8,6ea977aceae9a4419df958279c7e171add249e33a46303fe6fe7e382e26a661a
62990ca053c65bae2e86b819,6f3f477d4e0417fed45e2eb116a3810c418d93dea56aa4ce2ea0cef6ded2b64a
6a5f264091996e05c0d1adbb,59bb6c60146c90926be3b719c9cfd6196cfb1af11d7824c5647f7f34df9a9ddd
623accf77bee9c5d5aa5c27f,ca984d0b06f2172e370ec2232c6cffa26d3abec51cdde7229d4dedf13e14de99
6a1feeb591996e05c00775c4,68057f8278523cda5cf9a2b09cc95bd9ff1a72b4c3bc8d7f7839dc68a4c14a82
65df40d2cf21b2948d556097,9961be4a26516fb2f2173c16fdc021c8011b20c0048a8910b4c062ac5b6e124a
68527a6fab7e60756ef72d93,6eaa41083bc70cf308b7288a48583bedc11ac8ea2a979b67677cbb271103a194
6a1ff01d91996e05c00e2182,41c4816cdb9344398b48b26c0dd92de18ac8dcd4cee90aea9fbcdb71f42eeed0
632027a27bee9c5d5a93c385,51465327da3d9c1a1c82ebdabf71d9d04455994bbef94147857e7d0b7d0be26d
65df52a3cf21b2948d81b98f,881dd2858d57439f0815e8d78fa22ec27d1f2f5b0de55767fb211d5435ed127c
6a1fee5191996e05c0059e0f,5091160b385d13ae5215883a7b3ccf595f98d0b24bc0a33d83597583de5f6003
6298c69c53c65bae2e5355d2,d7e5f9ebd0d24f5b397fbdfb4b43acb514b91c96099b5df1ae467548766b30f5
622c0b297bee9c5d5af3e4b0,20ef9b0836f0d5c2d63db1ea1b64aed2fe0807ef59f54fc4f611bedc73f44b38
65dc79a4cf21b2948d44bda3,583c0c9f7d597161faf18ad570d4b3ee98815c8594f928f8854e29e05e4b7bf7
65def565cf21b2948dae78fc,b4f0989d9fdddda71190973922e1249204a198a8c9e2cb9934a81bf1c04f434d
641aea2a7bee9c5d5a39977a,95d053a1db6b528b7635cc07c3aa715fe0c0c623f7b122b05a2a36db6d88d1ff
6a1fe95c91996e05c0ec19ca,6ebb3afffc91cb0ed27d24b32fc89766f7d121f108a60e0f8c61ea6de284d32b
6a1fee5591996e05c005afc7,9e35ad07d11932ef848bc0ce4c44b39e12a92e00724280de0073b1e0278fc51f
6a1feff291996e05c00d5975,7a69fe6343d9ec146337903a572779fa17a8429717b92455c7a1525ed95bdc4e
6a1fef1f91996e05c00978cd,ae4d4ac4d6592b9b7a89f6543a42a2a2b40018baaab1f66e4c44ecae914a6277
6298e90753c65bae2e73160c,63d917d9d5578736350df02e582006fb1bf02023c0fccb9c9147824ef16504b5
6a2fd64991996e05c058f66d,c467561f0f201da5078241462cf00565d1951ea10665f1b16b831cfdbd948be8
69d20c7691996e05c0549241,75ac01e4280d808b343b9c5b57132ebb2b181e442a8aaf9eb5642175bfdb81da
6a5f31ea91996e05c0f72ef3,bb6308c9a0550bbbfa82b0e84013e7b5888603e7c8cd3a8bfbffc136aeb565d4
629908bd53c65bae2e853163,5a067c61cbdbdbd876c466a74705c938240cf36d229266a9e49267bb3f032a30
6713596cab7e60756e01a499,a1f10d5ae40fc5d534bc235fa8ee07ed059bfbba04570e2fe1b096f811a73ec1
6a1def6091996e05c00e03a3,3a5b570c95226ed74f25c7e190d9b73265ae4ee5e874aafe79b0868fc854ed9c
6a5f25db91996e05c0d0626f,cc773246bfa327ed002b21c2be7f05c6a6b939aeac4d10430db7d9d5037ade0f
6a1fed6191996e05c000db63,6b1c3bbfa30235ba69d70599b3693b225d4630cb89d5296c0e49302ab9c2749f
67ea35e7ab7e60756e928a5d,8d865883cceae277cfc4548427cf5a6651fc665cf14b9d1ad1ab2c7b4deab819
629918f953c65bae2e8afaec,34e133d7bdd11f7a27db340859a5c9e2218042359a54c49a1c326a31ad5aeeed
6697863fab7e60756eeb53a6,4c976e4906c88cec8cbf32464d4f22087dfaecf3582df9d99b438fc15acfd74b
6a1ff0d491996e05c0117d18,f3f32fd07859fe845565df29d2eff9387c4b8aa3dcb74330fcbb374d65bc46e9
62990ed053c65bae2e879a14,1e12a582ca1f8c69cf551409e204e218ca36f79fbba2bc4090d067ad56667d95
6294dc1c7bee9c5d5a61c67f,8660bfcd3882495f4eb1891bc8361eab4f99e16eb630cb9fbeecdd86de3888a6
64afe4b0cf21b2948d639a06,b5394dd2d0df6156ddb945f806da546ad9381ee1bf14d846d89d3e95cd724a21
6603ddbfcf21b2948d542fce,990c87e63a523cb9efc1404d9c35b93d70f63e57e5745ce78ead18c9aae660f8
67ea25a7ab7e60756e76d310,7e5bdab03d366e865486cf8b7c9bc3905b1611d720b0ef307edbbdb65da84f8a
6a1fef3f91996e05c00a0887,9b479027832e557734799403c3ed0529ac7a3bac6b4545f3f41e1c6c84198900
6a1ff06291996e05c00f5e61,4fbdabf0fab994f0937fc1125ce8ca994e8f3d5aa0c3ba8413e466bc2dda504f
66bca3e0ab7e60756e13ea3d,eba520630dd0c7a02f711d221e47babb000540a127d8ea793221192783afe55a
68739926e3ec279a55948662,792fb539699ab9731506c2b437d66b32fafb1ebd31dc8542aacad95de7d0f155
6a5f298891996e05c0dca81e,1c3feb5c3b04f85dcd03509854d1650d7e5926d5a6e8dfdbf99ab0bf0108dc21
6299098f53c65bae2e85955f,3b0b89def87e2d0c7a1cb76562391d2f43fcb5e32ab6d139207683feac6923e5
6a1fec3a91996e05c0fb5098,5b74000c671ed490ff3c0a32faf3c99d1a876eac4d1713becfddeb2d9ba64391
69d20c9391996e05c054ec5b,ba38d01765a577861715cf64b2be5845bf74d57771f5d8118df7f1e9e3f297c8
5ee328e916d97489fef1f35b,ee86175356e11d16c9cb223746fd7eccb3b995b7075bda5bdc74441b4417461e
67ea30c2ab7e60756e89859d,95746a5946a232abf7696b52259c187af1a1db18d03ac0a2a7a0fd98a943ad2f
69d20bcf91996e05c0526ac4,1f6e5dac32dbe66a480e9122f95930b9c6579e3d693806fd413f44784a976e35
6659622dab7e60756e3ae9ed,39c48d83ad76a0cef5f672f6abfe7e81ab2de1783a7acb86a42ed37fcd62240a
65dc6306cf21b2948d15b668,8f0cd7761b6d120bcdf9427878fa124b7ffe0ae90bda59e0ed694850b380e6c0
67f116b9ab7e60756ed9c0b6,51c59ebc31518bca10d78d7eeec0e7b78857e50b5a879fdcd723d7121af8b951
6a1feebf91996e05c007a5db,a93be3e2ede3a1c15773543f445ef053b315d738a8ad1802dc5be95d1a8d5f57
628f45727bee9c5d5a883f4e,ece4b971f4fb222ecadeada105e43ec5ab0ac50192659ac3c442fccb033f0898
65dc9a92cf21b2948d90f928,cd877146cae7aad671cf8427e6c2b45c294c0934e30e48f8021ce7f9d1c09aed
6a1fe9cd91996e05c0ee87aa,1869aed0fae4d29cfa97a0722094ac42f667db4b1db601b8f40ba4ce291ea75a
6a1fec9091996e05c0fcf412,1ae67e12703ed82d995d8e6a1da5ec2834e6259af5ca6028456bfc65909528f5
6a1feb8a91996e05c0f7d920,6ad96e306b4f86ce95fca3df67c38527be3bc794060cb494062a83527cd69e76
6a1e0ba791996e05c020ef89,3f0de17ab7edae2fe4da0fac07128daf874016b3fcd5db9b322c8733c9e5fc30
6a1feb5591996e05c0f6b885,0cd98338b0a156a97142d1c688fda6a9735ddeb7a0bd0dd44e0d233af3f8f88c
6a1ff22f91996e05c017943b,0a078143b324746244388c6134779c0fddb9cbf89d890396c5a019bfc612f269
65dcadaecf21b2948dc0cd3f,beb2404e6d7636cf92ddc8cf62fb521fd2ecca9b53996da30958c8e4ad59b22e
6a1feb0391996e05c0f51183,1ea0fd5a26e560f23d21fd497c49e04fc0d646cc7672a82ede2dba8f828cbf73
6281e93f7bee9c5d5a9c7dde,60280a176da7761cffc9e201d9bde9b503fc3993510918e072826a3131b83d1c
68c90546e3ec279a55bc2c55,6903c98408a217076383032c27f08f85fe070dacb3c9209ec7dd649d65d1a0c7
6a1fed6f91996e05c00122fd,77236436aa1f8ff341b3a88f17fd9a387bec0c1d0173f36ab5a3f91ec7fc0b0f
69bd6e6e91996e05c0bd5407,00190e732e0d4b406aa4589c2a0e401277ce5d6dc91dea2fd007ab8a9baec435
6a1fec4491996e05c0fb82e9,397da2c5b3cc4613dcc5853c1e591923a72a1e032de577d4b86d3e08ef77d1a6
6226f96a7bee9c5d5a227679,4e9426cbd111fcc7c9672afe2213b1cd6bf5bf83420126e83ff8d8b3b854b245
6a1feea591996e05c00725b0,48c17b1b92ce03c4c31850018d8ec7ec98cb508187aaf22fcb5ab03c2595123d
6a1fefc691996e05c00c83ef,bb0b67869ab3dba882ad23204dffbec5281df188da5916481caa1dded75c6b5d
6a1fe8fc91996e05c0ea039b,6a74f33ae6f471e14b2fd78fa118fd3a48d7395445c943bc88a9835925682a4a
6299105853c65bae2e882019,50bf2a666deb8a3c27d545a941c6ef10e19d9c9c15cac12435d2a7036fb80357
6a1fee7d91996e05c00661a7,a6f6ad813be56755760fe62f8046a943f5b22a3742e8ab49c57574cbedbd119d
6a5f2c2b91996e05c0e57dc5,f9cbf3f22ddbb8b35dc5a016b4aeecae32d1cf42c3a9979be376d362fe9a1b02
6a1fee3891996e05c0051e6a,09ec1b8ebad41e79f432597bfd95c52c5fc414eaace72435db54cb72645d0d9e
6298ee5653c65bae2e76ffaa,4eda8d960fb4e81ffedd24a0f44f771dc27b73f338acedbe56b21760ba6d1f59
68b545e5e3ec279a55b62a1e,c0c379c39cdf53ba61aa35ddc7c6e1850f775873c99750977f0640c20fdfdce4
69bd52de91996e05c06440b8,9621c81f69fb641991e601fe8bd5763ae0196a4821ef1a011760766cf0e68d15
64afe4b0cf21b2948d639a1e,90eca2ac085afa0804e79ec6d58e29eb002a76346019b3d089fe00fde1a8b418
6a1fec0591996e05c0fa4fa2,0b8d555da25afbe00ee98d48eab2dc33d4a3e5c10f3d82fb783de557e7194019
6a1fef4a91996e05c00a393a,5528c04e45e375a1258485fbb2a9606f26be919e033d6a8c02895cf5d529a785
6a1ff04391996e05c00ed45d,5ca3362f68160267fd75c7af60851e5e173817cfa3abf559d323957dcd502bd5
64be45d4cf21b2948d0f5603,2c02bd033aa40b68738e31c20fabd00adc38eb4ee20a6782ac2a3f5cd72ef12d
6298e5db53c65bae2e70aeaa,60c387ab812f00e501412efa8a3e37f8243d30dbaf9d2940b405795f2ae3d324
6a1feeba91996e05c0078ce7,56537544280f668b004bb7da697fb76f976efb1711931142b75ab413e5b8687f
622ae5197bee9c5d5a94e154,0d123f4f639ec8ab8ebee80cc27671c820a67400365b5cabeb52218dbeb310c5
6294d1237bee9c5d5a545155,7e23d45a070818bfddc808d2458ba60f015e4842ea4a1d254486ffb896d02f24
664cd5afb7e461e1e5983b16,7e3ccb2000a4fb5f53550cee7c076b0c4f85665c862e2a35fc20ded90091a84e
6a1fec5d91996e05c0fbf8f4,09d03858f1f881c41b10875af08087a4a964b50fade33b6a7757df2ede69d55c
69bd84fd91996e05c0ec8341,10c2289ffbf5151d750e94cf97e6f68e2f78e124ec3ee6ce90c61ecb942fc4db
6298cebc53c65bae2e5b469e,c58cc64972f8f4eaddedbed14dad18dabd68d0f65d4e5a6dc99731b45455d2a7
65df2357cf21b2948d0cf2f8,861ed76bd1624aac9c8842aba57a54427e7e403dce513cfab2fe95d80f3fea5b
6a1fee8f91996e05c006b812,3090c30bcd2bc8ae5111ab882a5cc1d960662ef4853e32d1744ee3dbe1bc6b20
65dcafd5cf21b2948dc5687e,a70d3c0a07bda17729932b411c1c7d02e7c17892fe1bf8c78459e9855e51de50
64afe4a8cf21b2948d634cbc,e7eabce1d2ab0a518ea6aa65126698051c5d38dca8f808d31fd28ac0e207e00e
6a1ff0ae91996e05c010cc02,33309052d1d668c380510aa9f6bac1909c9b8a47c2fa2accced8abbd2b7df298
6298da9c53c65bae2e662499,74960969fa5774cb47c6a7a1e21843623347008ed1bd36e8c13b9c434d9a153e
6a1ddf5891996e05c0fb7886,5fb710c82d03296e1dee604701ff09cb48f06d3c1efb0f0ccf02b16fe1f0b15a
6a1fef2191996e05c00985d5,bced3760a125b688be8c214cf9738d306551699861474880fdb7c041f48e1b06
67ea24baab7e60756e756639,4f63ea18fc87402cede832e3bf8872c4a5540b2cb9d1133fbf3624054a0a1467
6a1fef5c91996e05c00a927a,f77a292d7118598e389e9661f08229ba84c377ab6466cb484781046bf03cc74a
624d3af17bee9c5d5aaba366,78b789554eea74ea4a4381068269875b69aebfead490d001527b81be56b97ad9
6a1feda991996e05c00252a9,34858514e725b4d8b93441e7fc8a9b0d61a4a16fd7b16eef6c181567fa251570
6294e23e7bee9c5d5a67b3e6,c4fc5508ffe7d7d0d65adb66061bcb6b757c61e94eaab76388fbc6e8b8df202b
6a1ff06491996e05c00f6a2b,21aaf397fdd979e862068c024575279fae2fc50eb4494bd805a8766733a542c7
6294d5647bee9c5d5a5ab375,0c3bf902e48e1fb550d63f80337a3d78d64047672e90520579b23ded942ee3f1
6a1ff0c391996e05c01131e5,756c9e5e32334aca8ae41abc330915f96b0f6c1ff1122fc28a646b2c3ca232e1
6a1fee2691996e05c004c6a7,6b50425d95c5a2eaa777f5029352b0b2e5d29226c46051707eb0bff1855ccaf8
5ff2e8507e23857eeaa257d0,32cf3f8bb8f20a86826642ce4e847146925c4ffba12173c5dab2a7a887c2dace
69dfcab191996e05c0d0f3d9,b0ef2d6e8409ae5bf672f6c592f536587f38663a1c4f01e1c1a1a8b25953535c
67135816ab7e60756efe94ac,3f95ba1b3d70701325fb8cbb349cd82e0fb2cc26a07dfb4f7b35e8ab9c281d71
641aed177bee9c5d5a3ebeda,174a59ad8e1d3710609460acf5905ba0aef93add9b744bcd0200bbdfe469459d
67ea2706ab7e60756e78ef37,1034788ab53471f78242a8e71c249660c87182460b7eb89317881acc1d6969a3
671350b1ab7e60756ef27788,e31035086f708868ab70f08318f526087404aa20df150b6afd1e7ae47ea07cbc
6658468dab7e60756e6bdce1,50e7c038b7aa7058eb1e34aa1d2d7e0c368b7334c82b5d9058b0e2f15d5910e7
64afe988cf21b2948d70dcb3,f6163f3d49e29d9895fc3830febde2b485ce7da8ad320a52b021eefe63028590
6a1fef4491996e05c00a1cdc,0fe1173b706bc09c56d31df2348fffceda4d1123e1c38ecddfc7c274e6c45a8e
6a03203791996e05c0098cbc,25d0187c7bd3896f409419953bf41ef54b45ceaa26d4a7a1e19e3f3b6d41b633
6298e1b753c65bae2e6d4e93,4d4b067d87d1edcb4475daef9f79ecb47b98fdc96631464581b7c6bab2178bb9
65df3d5ccf21b2948d4cb4da,29839cf5aa634a22349148a36ac4bb957f708c930ed98967b5706d562e9feb38
624aa4607bee9c5d5a88fabd,3cac92ce4cacc1a60b337447281f99a05238e11ad5e93da0507095575b40ca73
68d1095ae3ec279a5585c6c6,595e06a4dd338feb6d7b9053b3c48fc2d7701f767b8167901f90c6dffaf875f5
67135839ab7e60756eff098f,9e639e3aab2554a343062992dfdd1c72c72706fb6c4efe671ff7cd01b8e6032a
6a5f27b191996e05c0d67588,7fc0e8094f2eba44a0e69e92470900ccc9b85e9a35d50fce136130e7fb6ac203
6294d5487bee9c5d5a5a8c40,bbf8a8eebd49a6ecd1c4a3e57c0e0f8ce2cb3a288d33abf6e864ee5c04233a28
65df48e6cf21b2948d6a25b6,eebc6224c6c322d5cc3f430e54c06431aa1e7458eb8bc03f644c590a4222affe
6a1feca591996e05c0fd58d1,23298a3477f76501d2b188daabe716c7ea720cc2ebe0bb7693d963f761b70566
65dcaa34cf21b2948db88de5,03357866a67ba0ac13e3c3994aabc2fac4686b443f45c75423e862e084207b96
6a1feaff91996e05c0f4fb5d,aba582c1483088dee952bf72515ddcee7412c198a561790bbbf0db0d9be85b48
6294e16d7bee9c5d5a66df4d,3e2eb932dcecd6fbe9ca53c748d1eeae60c19389037e261fc4d84946519a027b
6a1fece691996e05c0fe8fce,a1adca6d4bb2473fc08a24ebec57be378181d3f16de5bb53545f9c91e7ff1273
624c3f367bee9c5d5a4e44d8,c32d3c1e49930262d4ae279d07f4ebc3161b225414a4514210da79d7093f423a
6a1feed191996e05c007faf9,a478a2cf7c794a26a53751bc9634082794a6147bc78f8fb93557d09fe2eda474
69bd84c191996e05c0ec1f76,82a8f6ad4f6710f085d158f542560a1f119bb2926f2957e41fcec63cfc5397da
6298e76153c65bae2e71c762,0192f7896e651a5145b348c6783bb50fd9f45ec6050a19caab31d42fbd57499c
69e6108e91996e05c0b26d94,cb15b3602f8d130c7d6f9d36dfc12b772e548b4f4c8752cf3f59544f4f64bec8
67efdb98ab7e60756eac4094,679603cc98b793b464b7f7e486e2f83b6d5f70d2d7f0131ac5d57d26ed11980f
66595e19ab7e60756e359bdc,833dffc4fc2d059454496b911fc04c7f2f518889fc65825da60c45949b9b0128
671357afab7e60756efd34dc,57ac449d076d983d028f8a00b22d2a39d85ac669baa8c610b064b8138dee9401
68527a9bab7e60756ef796bf,b2bc246f066e6f8b8c3d4c11f8497c5b7e694b406e25ac5d9d548f8d3cc26de8
6a5f349e91996e05c0ffb024,51452e9ea913108179e8fbea3b80ad839e8e32202e0ad8ba8dcdd2892fb717bf
67efdafcab7e60756eaae19c,90d43118e8f4b0e2822379606270544965e29d9591dc7e0b2c1c1dffe00f20fd
6a5f320691996e05c0f78717,be2acc5dbd63bd1d65a457c823fbab14826b92f7ffedaeb4044505cfdede55b2
669785ccab7e60756eeaacf8,c93579209ef2808942e6ed161bed82c65d6accbbaadd669c430483b1014f3219
64be45dccf21b2948d0f7c1d,2fbc4bb1a88ad35f2396247300cd6dba94fbed0375f1963470562147d52d897e
641aebeb7bee9c5d5a3caafa,12782f8ce1b0f54c0b5a0d3ece340011d3e1fabc6fa8293116573f8fb2dfdb5e
6a1fef5591996e05c00a709d,066abddc4930e1b63a86a319fc3ae7569bcb5afd4a81ca9a3713efc412899152
69bd866f91996e05c0ef3a39,07c176be56e6e48fbbe2a697b5677ebf292fa5eda3ac562317bc8cb0c8738f6e
6a1fed5a91996e05c000b723,3a750ebddbad409a0d2115d466f21e1d56bc66f874de8315c1770f7865fec1cd
6a1fed9f91996e05c0021f93,9ecc804dbb24bcdad05c1878b75ba0db4be5149db359d44568142bbe982444d3
6a1ff0f791996e05c01210de,5f95f675fedb0480f7688706da5aecc77143b1922584de601e9a1147052a69dd
65dc8cd2cf21b2948d709601,69f371ee7074b232825c6acb39b954fd9a4103f376de5ea58c3cd9bc32d11a4b
6a1ff06b91996e05c00f8945,73bd7607dbb39943d8c2e46e95052e3e9ec14618a1e43695fff893bff5307887
608d2620d5cc354590878d37,456cff8fb089832a23521f0332006f356fec481c25323f6b9e28d35df42e5e0b
65def294cf21b2948da87453,963e3287e6fdfe32c98b8cfbdcf5e0134275e664793932bb4ccb825286b173df
6a1fef1991996e05c00961b0,1930dcae6d95d0bc4c38a7549e372f115c0f7736aab55ba90d6e52e0e8e1ace6
68638ac3e3ec279a556074f3,f7a98e50bef087792097e2fb010f16c2cb500c4cfd2e5bb279064aebf1ba9099
67ee8244ab7e60756ed1b350,6f8f15e775a888942ac544eb6ac9ff5f4e2522bfa29b3f70e35ec4aad0981edd
6a1e0b1191996e05c0209673,e51ee68ba3324602084f794eb1fb3aa1c83eaaabe75b7d01919eaedff4edd04b
6697866eab7e60756eeb9b03,a8612d7a721a9a35a77c6e1fb50d1f4055ac78a6c6d99672813cf49f444e15e6
6299054353c65bae2e83d626,967339b1d2f451279a08828009c4eab01b344b8a8fd9b992e06a1cb4b3e6cd22
6a1fece591996e05c0fe8b1a,4076d3b8547794e837dfecfa17a44162d266e4b52367de39c4caba0a17d9519d
6298dc9b53c65bae2e67d4c9,f5c3420f5837275c9b8f2144f7cdd4bc2c848d26d55e9b0f9186ead6ad9729a9
624c0e9f7bee9c5d5a2ccee2,463bba2d88964abc22cd0a7568d25e3321c6beb28d35e0e659322f1679bfa994
641aeabf7bee9c5d5a3a9c81,71fb02962663105afef294b6e60479f6363c50976bbd84e92bc8284b4aec7003
6a1fedff91996e05c004026b,38bbadaf17a4eb39f1566b99667757f7a3af7a9084cff935baade262cb50c237
64f00163cf21b2948dbe0d7e,78daf620a6a8d911283333ca0e4aaee644ca519523b09a966e0fb5b087bd0244
65dcae2ecf21b2948dc1fe7e,e3f631e2ada4034802867d746087044a04ab8cc14ea9336d06d2730e49068b88
67220e99ab7e60756e6d591d,c72797cc0d9725fc3ba3b8b93f6092acae2df265dcce189541166a2a8fc81ab9
6a1ff07e91996e05c00fe2b0,b84cc4cc73796f669fee4367bf56f1a66409f40cd6f790c25bb06cf6e88a031c
64ff576fcf21b2948dc05966,cb19c67c70bb5a889306c6428f7c44969a2fd2188c02478b482ac5f7739190f3
623eea7e7bee9c5d5a274725,864cf9f9d5689743f04cad6cccaf81123d7e989c4813dec18d3e6aa2075779a6
6a1ff01491996e05c00dfa4f,78c3d4a717d1eac970137a7a4acf5163a97a6227fc89289bb0c9488268259036
6a1de07791996e05c0fcc60b,84c9bd1b14c2b2494ab0416772daab3380799eb3898f1a5f6ca1258520954467
68db7010e3ec279a55b31881,a0075bfbba64495d1403af44d864af108d3e3feb6083b300cce804043e16fe70
63cad69e7bee9c5d5a6e48bc,513262b7cc26058f173724e4f063de139aca234f88b547626d408b56b05013f8
6298eeea53c65bae2e77677b,47461290134d4fa9f3fd73b6151f786b4a4d3979815673a79c630501a8e1b5b8
6a5f2a7791996e05c0dfd52b,6704427c06bb0962185056fc9b53255f4fa0518427e25c717b839c41a8cffe6a
67135be8ab7e60756e05c835,6f99b6bcfa75efa4a5cc8f7da84057114ccab2ce2f958e7dab2490a89e1508b2
6a5f33b891996e05c0fcdede,23a941a57ac3e560eef88a5a9a4c84894d8321d1cb33a7eb712834d6e28dc01b
67135c21ab7e60756e06932d,453bb18d3e7004cc671bcb1cfcf6d417f0515ac1bf9532e5197d45cfae01cc89
68087738ab7e60756e5901de,17aed0dcf6b80de596fc9329f0b8d2cd8d52a67199ef26be8c44519ce8616410
6a1fec6091996e05c0fc03aa,4ad9e5a2236ea2243e1aa192db8846e02cc454a23def7aa2f3b64cb64f39d56f
63b3d9137bee9c5d5a488779,b10a372f202c87d2eb2ccf3abb229c39a9e027e1073eee4965e6af033f585088
6a1feb4b91996e05c0f685b4,77934d95d7e12835fcc82c38e1d927948a26528ea8d9d73d6f2874827a2490ed
6713583eab7e60756eff168d,845b2bb2cfdfec847b86f44ac7702f830def50277d52b05d34c037e8790866c4
6a1fed1691996e05c0ff7185,3a2a4a77487d68ab9b7cbe20b57181ee3170d6ade22270e8396207c6a2e015a0
6a1fecdd91996e05c0fe617f,0f78ab7843fde37d79211872684a874845711294d9e0237b1b689fd5acf97dcc
65dc9d28cf21b2948d98fea4,eb1acfe873c781a300eb549d41a45936374bf8e50cb775b8a599721f4f77539e
5fc0a3f47e23857eeaf8f635,299a0f5d1b8ad792f5855b9c3a7006b1bae90af48edd6efde2d91878e6e97399
629904d553c65bae2e83a9db,ec38ab09080adb14103441770db6bfec9d5c6b2014912e895667df83f132bec2
66bb2958ab7e60756eb7c773,ba0ee1d35a6ba1efe3f2aee2be0c1197639f2cbe8d0fbc0e827ebd7662f7ab76
6a1593a791996e05c066d68d,22d3327da25360104a3d078328e3ff999e434786b374eb579bf545687f0092ba
67ea2c13ab7e60756e81454f,4dc1d3cbace2a1a6800631309438f62d87f01bda2a1e05d1870d41639d095806
6294de897bee9c5d5a6401e0,685aefba307543661b972cebefead6755deed6c6c139e5654e2f2eb43889204c
6a1feeb091996e05c0075ad8,1fd4dbdacd607c4f7f60b0c8ef6ac4fcab514fd0ecc2b8fa0177d911883595c3
6a1fecc991996e05c0fe07c8,339487776c49101de761c88f23ed48d623341e35c41a73e1401ae36b94fd961b
672b21d9ab7e60756e96d01c,a24ad1642196803184c065af634f1d39b1457869fb36947b007dff7cb4c00573
671357beab7e60756efd6cc2,caa9eff102adc892d865a7b62de1bca14b729a9fec6728f27e44cda9f42e106a
67135811ab7e60756efe80a9,1c0f4e2230cbb4c29025a98088eb4b7248fd538d9ac8cb6abbbfaa90dce16f4b
65df30f8cf21b2948d2d0afe,b06fa7102cdc8b53efd8ee34120e37416f8290053329229c682898d543a3261e
67ea3775ab7e60756e958b04,f090def81bb58bfb35555383ab3761db47481520a4b7c1e56f6a02f130ec6719
6298f85f53c65bae2e7d51b2,cb0662183cff9d5e3da43b7827b32171b0a05d17ce9b6d93451461efc1b8f1b8
6298e5be53c65bae2e709de6,45cdd1231774725127a12738b183c15e6e784184bb1d6652b26cd95cc39c0696
6a1fef7891996e05c00b1331,8695eb6c0606a1f99f2732077111a1d47410a9e29e8180fab70421314b34b344
6294d8ad7bee9c5d5a5e58d6,751e1118bf709fb93f87cf476e3480227191a73ba957263bc41bcf9447c54170
6a1e0e3091996e05c0229902,15235f1631101b1876b7732a3f5a1e9bcb800364fd175b18e2752f9124e6b22c
6a1fedf391996e05c003c41b,9b8523719e62ea7683b8e63ebec420d38ef2ea7c58d650b017b3e1c0dde40100
6a5f2b0b91996e05c0e1dead,82a3dac4ec687d5156fcf4dac49e6282564c4864660195756f0fdc08c1edd0f8
67f115abab7e60756ed8067f,e6a22fab3ef57b8ac2044db6899220fcd311c3e0dea7ab5ccc049f8d6870da21
69d0ad0e91996e05c05ce6bb,e64383b9961319132a9eab114752538b44fa545f44486a389f5321c61c27ea43
6a1ff0eb91996e05c011dd7e,0ce81ff946640d44ce54c88c7db47cb8ffd93b95b87ab7c3354f5c434c73a184
6a1ff02691996e05c00e48af,da175f87b301238dd26b7bc22ebda244d07662ac1109fa417e1a86e97ebe6c5b
6a1feb1c91996e05c0f58bee,4d339d1ec5a2d0a1a8f50f184fd1fc59fe8fd87509e49fa27bd3a216ff8d9d31
69bde37b91996e05c03a0297,eaaae50340a84c2cd6651c9494d2d323410105e89091faf3198a4830206a446b
6a1ff08d91996e05c010291c,dc844c670c4448b818d84dbee0d25cf75c0b55d558a1232c51c4fa3117b08907
6298f48153c65bae2e7b27da,d4f9ca56d78da9092e660910a2cd822a315185ad93cb89b7e76f38836bb4a963
69e0c54391996e05c0864cc6,97b1c38514f55d2c87fd431407c29df79d0d28b1d2c5e867a330465d25708e8e
67f6207cab7e60756e716bd8,e5399a26595649dcc929678a607141d0d998e5de643066259fe92d8786e1d6c6
6a1fed0391996e05c0ff1b9c,5dfdd031d64cace56d230c2d1d0ac49deb83a00159f1549f011b035bf3570e07
6a1fecf491996e05c0fed230,b307b77bc3fa123a57f669c4676733a04e65c5e0f2c00106a360cf3921a6e5c5
60adb63aee3b0993ea9139f1,a2adf34f4b27da97d777f104e47a2adafcd8a8876fbe45e618c8bd4c0369f9bc
623958457bee9c5d5a21cfe2,47c36b4a01c21f895045d21b5ec6db759d606704a1c5907a83fbfe0b9ea1be76
6a1fec3591996e05c0fb39ea,a81c14cc0f667d6d03b5a3eed91276f9a8b02290bc55a4455fe418ed5bb47733
6a1fecd891996e05c0fe4c20,6edec9371592d62e2e0b31d4b56175fdded5585b13be03b1c4faea497b51ef41
6298b17a53c65bae2e3c4430,fd1df3c35dad59142de4a60f5fd437da9b632da5b41874e82355287e101db499
65e32435cf21b2948d81f036,aa3b27825698dc915b8de8397c7665bd9373640d73b537ea8013e4a9cd07f96a
65e2ba38cf21b2948d9df541,0f782b7f4d79c0b004069bfe025cab7ae8d821f6e8d0063620ddde524b3a2cf3
628f420f7bee9c5d5a855290,435ff02b724ecd91118105266f697dcf4fa45cd6c3f014c63915cc70c8722b7b
6a1feff791996e05c00d71bf,a2883129747fed9f11b717fc7f4f51143215485b56a18ae62917463dab0a3098
6a1de02b91996e05c0fc6cb2,38c74919d0645effe477bba46beb5e5cded947a4568c6b67e206b160a8f522e3
6228e0297bee9c5d5afdf4f1,d8885a9949120e7f3197c2adc33d59fd784e22c4314a26a8c45cebc75346adef
6299119653c65bae2e888980,ac56b2135b6056e6b13d2ab9f12ced21c53d8ad16fcb23e9786d5b363529d077
6a1dd80791996e05c0f2b8e4,0d339a98cab91a79e0892ce064207e8c643d6a2c7df7651df7483ce66ba63137
6a1ff02291996e05c00e37da,c23cf8a93ffff5325b8f114988e76f683f67ad02a99bc9a4dc5b70138f3dba5d
67f61f86ab7e60756e6f1a84,0085154b16141c8df3eca68329f8de2c9e9bf08ff3d0fe39bde68c1ba94c2f80
64afe4b1cf21b2948d63a557,c570bb61a4ac4b84b176fd9e8a06b1e63b8c3e86b0bcf8089b7d9a4f6032faa6
68db7009e3ec279a55b304a7,228eaa2526083bd526772b7f8007520940be2458f3131e02bbc8904ae59f313d
62991b8253c65bae2e8bcc58,b11168ad8bb657860ced9028677bf4e3939fd86b93233e43a5262c2c02746905
6298c84a53c65bae2e54f146,d069e84f1f566963a58afec90f8a643d8927566f77bb43dee2d3f599480a09d0
628f3dcb7bee9c5d5a81e798,324e25f5bff0d221e043f5cb454cb2383b73b8173711e0843eea1cbe32333330
6a1fef1c91996e05c0096dcf,480202c4af557333b547e6a0f03d478a675eee7b7fb31aa18ae6f2051600d7c8
6298be0e53c65bae2e497fba,a322c993de315a4f538a80f10e5531d55a0724c8f0560bb3f81b9a67c2327a77
68bece97e3ec279a558c9a8e,56fb4972f5aa326dfae905012f2cc7a1b9ed92cef06bbfce4860e2aa7f76ced1
68242ae3ab7e60756ef8015a,5d6d05e6bc2168024ec0ce1b9d4f094ccf42cff8b7dbb24c31fc58a0e0569d6d
660fca47cf21b2948da23103,85b894d35a098c6d6c4cd3c1791b756da0b79092919e8bfd9dc4cb3bd6772b0b
6294d1e17bee9c5d5a553002,262acb0521f3899f5dd910bf9e65a9b13f164880b12d29061aca6efc9248c36c
6a5f30f191996e05c0f422ac,a079c5aefe9402629f2bb1675e3d3aa58657f850467f2577300cada1951797f5
6a1fef5c91996e05c00a9010,67c161c84d6658cb96c413c8626bff9cede09e007791e510dab043a908ea3e49
6a1feee891996e05c008670c,4bc9117f92af1d9cf070bfaf54e356101372ae42b0599e7d83bb5162e44aaf51
67135877ab7e60756effde37,17d0bb56b5c58129a0031cc7c93ce1e79cf1040869961a083aaeb8302b7df5df
6a1feb3291996e05c0f5f893,1bf610b9af5a4120d67503c389f750aa162a5f722524ad2fff9785d3c0cc4508
6a1fed0c91996e05c0ff435c,47b60d27a8cf78fde6e8ea6ba0d00c3beab9369db49f1c3208276a57218b4d9e
6294d1a57bee9c5d5a54e9a1,8a74b849623772ed9cef252d39826369aa9b396cee4327ea9781f1c58f154efd
6294d9d97bee9c5d5a5f8d41,f28c910c8c2fc933efa4be23a7d03d808edef282dadff2e3aef88b262c9a05ff
6a1fef3091996e05c009c4c6,990500c66f4e4d12ca09a0ee70d51a990bb346e93ac5131130c7bb7c66e11fa8
6294dfc87bee9c5d5a655a97,d5f2c8b15691ca05cd48de8ea9f672a0c1f0f3c7d11284847dd1565452488562
67ea3924ab7e60756e98ccb0,24776e8b4b67b081bde9e64c45534278c6f180d88c12fd7fbec163527539b89f
6603de07cf21b2948d54d6d0,a75cc6ffd3db1cfd8be7ba8f3f8681101a028c9eb224fe0c34c60a9effdaae7f
6661ce87ab7e60756e3f2cf6,7e986e513f45cb11a69adaa6107cde3837716159d18b32da367dd3212228b3b5
6a5f2a2b91996e05c0decf85,54e69fd9e57d401e7edfbdcf7041bc41fdb016a84d3fdf98633cb6bac38147ff
6a1fefa791996e05c00be78d,0a1b6e7c1b5becc2c630117e4468f74d181acefcdbb2031b411ece9493f1f989
609b4888d5cc3545906079df,1d59063164b431651ec9260665ad9fad56f57b540bd76f9bdc19b0abdaf4a233
69d0b74c91996e05c0867a8b,ff235aff5b4a1641014d5c633f9b7c07b4364c083d5a0c79a268c65ac025e26d
6a1fef4591996e05c00a2125,98fa171008cb7e2c16e120a285573190c93ba6845e0ba9375dde2c258a56242c
67135bfbab7e60756e061113,b7204727ae7130525a886372f25fd8c15972e237c065cc0373ad755d5e49f175
6299020f53c65bae2e826b6d,752e5e5ebfc90962a36162ad67f8e9b561e6ad98470797d6c3919e1e684f5942
6a1fecdd91996e05c0fe6316,36a03315f876b05c2c2c054d733e00ba5d0870c750ae437b89a0da9774f4e914
63cacfaa7bee9c5d5a6872f6,12432ffc63d79715efce1a402dd6afcdd94ce1cd6eff772c83375de62cdabfa3
6a1fec5f91996e05c0fbfe93,412a218ef4c3c66bb7dee9cbe1d537adcd3a19f591e0fae08c0ca955a0c5294d
6a1feec791996e05c007cb8a,c074644508b585c0115fd5befc8014e2547a3d708b547c74c50e3a50470cdb34
69bdef7d91996e05c0422f46,dd69b7a95851d446acf52f9b965c7dfcc08e4e9b1c2afcd605d13cb3af17c173
67135844ab7e60756eff2a46,62ebf4bdff3533fcb3b747f30a62db6d79ad7e091094ec322efd4ffe45c73cfe
6a1feda691996e05c00244f5,a0f512d27b116c243257b6cb16f2f46a4a5ec01e681181110cb3d5179d10f4a6
69d0ab0491996e05c053a6ef,41ba893a0a41109a852fafc14cced9876494e87a0ec4b56a356c632b9aca5cb5
6a1fec3d91996e05c0fb5c41,c05bd5e832169cb0dacf769260ffce83c368499c1adb93e2032579cb723b9f18
64afe4adcf21b2948d637d46,6f3537ab35f2e5f52ce603bdfff2263f8bce9185ac6f654acc779d51dfb12695
65dc8e34cf21b2948d73cab8,bb279bb9030c62a046d62714ccc26abd06653834e4dda6419576ddd653e488d5
6a1fed4391996e05c000493e,e385ede1d962db27443e4f7c04f00558e2ffb6d7702925a490706a2007f67f87
6294d3857bee9c5d5a57f944,c8ef38ea54cbf2a505f61816bebdc0882c957a44608c2073d728e3b53aae7050
67ea3945ab7e60756e991e16,8d5d08d952bca64de22b143cfc15500986126af73dfcb679b94a086fa92885d0
6a1fee0f91996e05c0045739,139f39bf6c7c199ef6f1f818aa0e4836375ad1a0714eeac1be79fabdeb62f6a8
68bece0ee3ec279a558b4a72,838d63f698d03280cae588d83fb080611050e444a01c7d39233da6e0a11c4fc6
6121e8c3ee3b0993ea38535d,b5c81378052a331659961a15c5d357a2edcfc1fe5b298408bfc2f336a7da18ee
60c219f7ee3b0993eac5b957,76178b0b8441372a70c59f2c1a72195943c0b250ceb59ac1e6d1241995ddd3b3
6a1fef6791996e05c00ac1e4,ac678a8cdc2ccaf2f0cfe504512b5fc8e043eedca018d9836df283a4a9aef151
6a1fed5d91996e05c000c60d,4034102752f93ac22e491224961401b88a42c02da8bd5c51bf894976ef2ddb52
6a1dda4391996e05c0f57646,da05c4ce4c13275f1f6dd549cf4e28b7d61fdf80d774e6ef236de0df6d93363e
65dc6d00cf21b2948d2b4f6e,1c7bf4b880f3e5277e16f97027b52f30df9c27618d3edad8b1cd17dfd80ce49e
6a1fee5391996e05c005aa73,1ff37e6db5ccad881b520e05707262e14c3605d2f23dc8795ebc888aa4b8dec8
69d0b72c91996e05c0860814,9eb6a55c09b180effcc22e0b89e35cf83c86d3d3603eb30280dff799b1b3c90e
6a1fedf191996e05c003bc7d,50e78af1531a5e3d9c9dbbbe76bf01f5ab50647e201ab460094b5393c1e536a7
67f61fe5ab7e60756e700872,96e58ef98491e924914493907702d293d6713c3d8c575464aa201f3ccb269aa4
6a1feb5291996e05c0f6a924,61bbb42aabcb6200d9195ce875166c372f30c3757ab9b8f86c46ecb1e083cc32
65dc9b84cf21b2948d942e9c,b2f09dfee232fc22092c4c95cb741d4478b1d18ce001f1c006d0d08b711470b9
68527bb7ab7e60756ef9fc21,d12a03593b2be99abb29e432b8a31f4e4d6331bbb707ab93e27824b019da0b5a
6a1fead091996e05c0f406cd,b9b901d675cd96f11acb46339903ca9fba2adecfde8cba3070aef8f07ccbafa2
6a1fec4191996e05c0fb719e,7778b66c7832122d028bc566635298edd25f90fa1c61363dbc34975200a16e90
6a1ddc7991996e05c0f83da0,9d33487c042d661019eec3751737e1044aedbc786eb63ce1144331ff1dde09d9
682f1cd3ab7e60756e325b1c,1e00defa3c9520193a4a94d3c5fbd4bb819b6ec4bcf64752e4c1cf1d5ccda412
6298de9853c65bae2e69a67c,4064471d071e0f9178a07ec90ea1800baf593578a07f50f0799dcee548d087f0
69d1f71e91996e05c00f7657,e6ffd712251576dd5cfeda5dfe4ea51210b84d00771113fff50923b6f894e21b
65dcae43cf21b2948dc22a07,df1ba55aade9b7e32c5bfc04eddd975214eacf5cb602b90da68da66f7c190103
6a1fef6c91996e05c00ad9e4,122d578d15ec6b2771bf0c4139c0fb916fd05bebae04131bcac6e0a9fe321175
671357fdab7e60756efe4309,148b3565818c6e04e7e950d38f9b121329e06919abbefdc5ef69ff0a294d7aac
6a1fedef91996e05c003b2bf,258c6606ea9ad038f4cfb4ac03b1d5777cd0104b5464dcee5441c21764313efd
6a5f31fc91996e05c0f76b4e,bcd4f30304a37f69b3b11a3e37e129b87a8f970247c756a44edf8b09c2e6223c
69bdb25591996e05c020ca6b,ec2b8766581bf77a8945a13cfa7f1af41418a8627ddde4f13612e4a68eb4a359
68638ae9e3ec279a5560ce9d,158bb61224e488e7f0f2e46f6bd22cdb59e7084fbb74ae4dfbe508f1f08cc5dd
6a1fee8d91996e05c006ad71,c1e483f23474ec818c33107342387719aa7d03531e38a62c2bec3fe5c123c55f
628f46e57bee9c5d5a895da3,3fe0c4fa7b172682ce562ba59e06959eebf6a21b8a59cbf00d2e3f51c272daf5
6a5f2bae91996e05c0e3fbe5,d873294b35019f3a478dccf0c9f806b14f7436937f3b8d0593ef9cb6141399bd
6298e18f53c65bae2e6d2cab,7173853b0fd065fe8e7b24c1c0a4fb70f596f20c74bb6e664ede270af507920a
6a1feae391996e05c0f46cbf,f8054f7491dfa40269218614857901c5e6e1b487acf4695692d10e53c0f7757d
6a1fef6491996e05c00ab0e8,d0a948ca0fd0ce4fcf238d522f2253790d727cd1a73f2ae7286b0569fca40745
69cfbcf091996e05c0600511,3d44b6012092ab7d2198ce2e25a4c09f0caf0b2caf5a85227c5a05d886406465
62306a4f7bee9c5d5a49f915,09b4c454748edaa19304fa52737eb289accb0c7a9a70f6dde44640e3064e17c7
6a1fed4991996e05c0006330,7ab01e1dd793ad5f004da907a7d552dab4da7e22441e7e8232415b2b888013d7
6294d1237bee9c5d5a5450f8,6f8660bd18cbeaf28ce77e44c39fd8ee7bb9c48c8c558b5ad7fcd02bf1d4f587
628f3a347bee9c5d5a7f4a6c,fe0b806c55d0b778da42c7611de128c706ca7b07ab6453d6fbf37601d3ed0f23
6a1fee7091996e05c006275c,3175c333c3625c2a24c76f612f7477ad851b171c206bbac447b764acda65391b
6298e88353c65bae2e72ad15,07b8fcd57acd6bff81715080d5547e0ee5dfce8bb0826850a9eaafe38f41314e
65df25e1cf21b2948d12cec6,1c785f3c20945e883ebf9e8ebc9321afcc587121a8ebd7fd394e4e8b4b65d369
6a1fed5191996e05c0008a81,01ab408292982e42fda25cc1a90cde07769ed54bb6d3ae523029a1033d4824b6
69bd709991996e05c0c29d06,99220d2c2185e6ecb8110635f396f649ac02d5496520c3ecadda7a36734451fe
6299105853c65bae2e8820bd,e462cf8ead59558b585808c18fcc949ddfa0dc82b730fd5efb233d7934b294f8
6298e08b53c65bae2e6c13ae,e1fa39c5b8b4a7159c5843fadff27c2987ce276dafe4894ef595c951cffba28f
6a1e0d5b91996e05c022069c,bbaa7d76e299f4d03c77b2c517cc96093c83a35dff90642b60062baac0ac1c78
67ea3a2aab7e60756e9afc89,270e91d359476ac51b4d1e68d95b53088ce306a4c06d32e30b7a79fe9b9bb75c
67ea38d5ab7e60756e983bf1,48255212bb8ebdb7f785108b138e0110f80156d8888918c079155cbf8a276c61
6a5f298e91996e05c0dcbede,1dc6fa3ddf799fed99885eab680a13da033a9be23b91aaeaaea9388cb6e2f9fc
65dc657dcf21b2948d1b30a6,5d6b866eaba4492760661b61fad9e72bba32ef1854cd8e784f5239bf1be4b3df
6603dd6bcf21b2948d536605,80e5096edb252e2b42e936a026ff56cb8e1c2aa37a20733a416c1ccb37d69c65
63cad1267bee9c5d5a69d9cd,e5e2f478489e692c9d25c1ff7fc667d0c7cdde14e309ede4be4d6ae14905be3c
65dca899cf21b2948db4ea13,9ceb0465fa1cc5b5803a6804982f68d6713622159a425c56bb8c862198e8fc52
6a1fef9791996e05c00b9ea2,b0f15b7fd2603cb02ef2672232731dad18bba7fe041ae5a3fb178e32e9e315e6
6a1feedc91996e05c008310b,54b14b7e5d40ff033ba1d6c8c17adbdeefec0c9fddd191c1d8fb62dc4b2fd4b8
62e8dc9f7bee9c5d5aacad0f,43ae7e8a659fa93f86924ba8babaf897c87eb86d1eef9436f9c66f9ca3b63ab9
682f1c5bab7e60756e3151a2,7ca9bfc92e8829339e394727b1b927aa9d6cdecf287b85c279bac1b54fdccd1e
6298eadc53c65bae2e74642d,7e1d78f86482fc2b5593880f0659f2c2d76c4ea418d954a07fe7980bbca58ff6
6a1fee9f91996e05c00707e0,da2edb9d29a8d34541ac5dd6b60abbdb57ea0ed66d6ca02cd849f6bdc4c04009
6a1feb6691996e05c0f71683,b1e34bb90854a26cae5dbe818a3f50b747e7a50aa63ee1656cf558a0f32317d0
6a1fef8391996e05c00b452f,a27ee1bf2d30930a8bd51b37aeea5060ed1e03f02b78ca2b3eb15760d488f4a1
64f00176cf21b2948dbe6b38,47e741d9be70c28a565a27d9c781aa151326803de9f40142e3b8433dfced5f55
6a1fea8e91996e05c0f2afe9,b417b98a270ac0ff6ae738e7656d051647cdffc396c0334e32e6b9b6db834e2d
64afe6aacf21b2948d69448b,c69d8434e43a2e1f973df3409150823ed9ee234f1511f0b96d49de0aa06c77ae
6a5f288891996e05c0d93890,d1b2e72fdc2ed497d41efd3a94812b5adad36a150a044dbac170242c22c5b7a8
67ea38bfab7e60756e9818ff,629c0ef946708b92c4e2733668b012dd802985fbbf496541568fe2e34bda0b04
63cadeb47bee9c5d5a739936,b6b77efbd34806c897fb4c5e458204cbcfe995c36c169e636ee16c39031e4bf1
60bdbf80ee3b0993ea0bf226,7e3ae7b023f9352f3b405529a5e7ef996c8d7383ac30e275f122e3193a874be3
6a1fe8cf91996e05c0e9042a,79cd3b33d7815fd9a0b11394bb49e4e534ecaf4f0985755f461ad6a7b134d887
6a1fef2891996e05c009aa1c,e39d2fb10a5919220a4700625e46031d1038919dade1ed4bbb10a5b043a80149
6713597cab7e60756e01d818,b889742abd374e10e0ee054d65bdb7109343076ebaa0cc9d0360c8ca8ad27812
6a1ff08591996e05c0100356,66a1b9ded2d3eee83b9f3ed2fb298d5c5c016b90b1314e1b8402df3e678724bb
628f3f517bee9c5d5a831323,aaf10da3ef292ae8c9ddb3d6772f646c20ba52d2d03bdbf93e488d5812f8ac04
6a1ff00791996e05c00dbc97,039d038c106afbb6af378081809136e86a93c3080e18351c17e7306f0d456e83
6a1fee6691996e05c005ff5e,4384a68bd7db0d33da37f9ed2561b87ae7ad3237f7a67d23cdf3e1e451ecb93b
6a1febe991996e05c0f9bdcf,bb8e2e3c5db08803bc90d00e3a4d6f0f2dd77768b8dc38c38c97e07477661269
65dc6b0acf21b2948d27533a,2bd7a0b19c9ad7139ff3e73a7dc59f0c6ed8ce35f52c0f8099fbd4bb2da85ee3
6a1ff00991996e05c00dc7e4,769d91b6c55545c24248b0f2edc93c146b833cbe9fcfad9c9da35cc31d6673a5
6a1fef8191996e05c00b38c4,2207df0b62c10c39f1554457914335c7e722bf42e6d15dd74319d81b412370f9
6a1fedc291996e05c002d616,d61ee6b4dff8eeeffdb92dfc925e511308be4b00c356795e46a64e41b8a158b6
6a1fed2b91996e05c0ffd71d,143df071483cc06c1279210bae3c8eef3c7229c1ecf04663063d089fec51a156
689afedbe3ec279a5540a8d4,7e7c4215436194b4ff91456a43b39b8e55863046b387504da3ba57b4c877b539
6a1e149891996e05c0272e1d,9db9c024c71c8af2635898155e9bbbdf239802ad5ee25b90acacf1ed22b5a30f
6a1fedb391996e05c0028643,fa0bc0de3df0caf11ec326ce2b02f117a76e591230de75d8d84318ca7120d032
6298e9eb53c65bae2e73b2e8,c9b3a991275df2ecf558f4531c41b246461bb59440bb5d2cb8d61aaebe86be71
6835b3d6ab7e60756eae6846,699f690acd7ee584e802effb20c26e3e8aa9460996dba15d51ac4aff7fc955ee
6a1df44291996e05c0119ce5,fe7e2f683321023a7901925e23b12fc6a01bf929b282372cacea5a47ad1b377a
6298f7a153c65bae2e7ceb94,0af8cf3853edf7eeefe02237812e66495c8b44f5f121da3da806876bcf605b5a
64afe44ecf21b2948d6267ea,0b976ca36ec7356fa3e21d2f990db075628bdbbf4b5bb1d615c9ad5d0d9b4b48
6a5f324191996e05c0f83fab,cd1a74c1b7417f64515ece7c0865ec4ecc83ed7d36cb1662d1b53221c96f120f
6298c86753c65bae2e550d50,b7f5c5a9308b53688757990cfc5f4247fcd88b2453d5b30b39e081579f09a58b
6a5f2c5e91996e05c0e61263,14fb2b3e17a315e6631935747eb262d31950eeb177862261cd6e20fbd666ea2a
68527b63ab7e60756ef94d03,1582499a7ffa649c42e77d35de27270f5d6989a2fef0615ee4da22ef4b38e45c
6a1fedde91996e05c0035ccb,4bf8e2d8f8c0ea8eb94529a429791019a9ddee2d19820e032df7c3cd1d4ec789
69d0b55b91996e05c07f1191,6e5cc7877869e7bc3601210b093235aed7b0430c5f80f12c6643bc3afe5c5b69
65dcaef7cf21b2948dc3ac23,59adebe3ac026ffed873ace1bb94f46e2a7acc102b3f6dc7bdf566703a490e57
63cadc537bee9c5d5a720738,afaa5cc8caeb5f87fc225ad400305e0603c4c11825e2126f0cd30bcdb4ce8e46
68db705ae3ec279a55b3cfcd,637b0cade5ab38c346597e36307842ab667f0bce698b337098ccdb4df6f6032b
629a056b53c65bae2e0f81b7,9a4803bb94969fc91e4aa8f6e2c5e05f7a880a4754cc1d57b96198a4e7ff754f
6a1ff03a91996e05c00ea834,2a88ad016baf88955cad43860289eb8063495c5209746399419ed30a6f0e56cc
6a1fec2891996e05c0faf7aa,af407e7c5d2002178f56e5eb15a6c85e2297abf1d756a889edf2a3d35bde5949
67135c27ab7e60756e06a65a,5d9d60ed484993886aacf58df6a9e94b37c009a3fd4145ff72dc791990deebc8
68db707ee3ec279a55b42f63,5e35ab3eb7c7aaf6b095f770b90455fded016ca4d99fb1efea466f15e450657b
6a1feeb791996e05c0077d44,2f2f691ac0ff34b822f7e1aff02bd54f5508513603588c9b9fb348aa8f1d2fef
6a1febd091996e05c0f9438d,fc69aad363c8cfa835d42380db269ac4f9fa2744598e4ec8f20b524ed580be07
63cb05887bee9c5d5a860698,d798d7c9e5dd7610e36c9b24ac085936282beee0f793865daed68010787085f9
6a1fefc291996e05c00c6f2a,03b6d54feb4a39d745d70b422017733e50a2daa055dd1f0560ed0ba6fdbaf12a
6a1feaa991996e05c0f33e90,d62ee535996c6f6a5632b212c38dafaa2ba0a5096549215039000fc6349e51ba
62991f7e53c65bae2e8cef3b,2e47a2defedbb1f972098527e53b35beb917e6f92694d5abc3c904e2ea79481f
6294dd347bee9c5d5a62cca7,5535b2bb221f04f57fcb3e3249a7bf356ba101d8e5b48bdf4d564b539b199009
6a1fef6691996e05c00abdbd,8a41d352295a87ff283020c2203bd0f24c0083da46f8ed874eaa9123553dcf9d
6a1fee8891996e05c006939d,7b48f5fbd0900f19a5a531ccc12d4b7da68a8808821e24897f4e5bc30c14b701
6226fc877bee9c5d5a248d98,a58605b3684e2bfb9bda2cdb253a36aa0a01a701f110d91445cf113079f244f1
629916de53c65bae2e8a538b,be41ee1b72e489a8d0d21f313384de49b689a47574172bfe015054ed6a10ed97
6294dd7b7bee9c5d5a6307cb,4de1c7e9d6730cc4d565890f1418a1ca3b2745d60d86c377e800954714447f75
6a5f32aa91996e05c0f98585,e3ad44007573db0ed1b93c125c27fd6213bb1cdefbb473c25bc6728a282c5150
67f62042ab7e60756e70e647,5515b8a063ab8caeae4867cd32f96fc0d033d09265395eecd59206f66e7dbe53
6a1fef4c91996e05c00a4374,f1ea803398429f4f55ce2d962768d72c5782e4ad1eb6e2d1077fcfbda2f34b8c
6603ddc6cf21b2948d543fef,d29a3a35240d00aed2afd3a5a426b6eb6f1744369e67582c6aa98b5722cbbc06
64e48643cf21b2948d089aa0,4846dbdb6e7a9385f8ecd563e148706b2210c513f8499d620ee1240c78e1f556
6a5f33ef91996e05c0fdb102,2b03b94bd3b1544cd081ce93b0a1d96d5968ce88ec3dc098114e5685dd9b87d3
6299140253c65bae2e89602c,41b097e96a6751e16bf75e5c8d3fb6be70263b719e860d136a312f60159f5a37
5fd0934d7e23857eea5a25f5,a54941544583a43fad53e0875c82036607cf16ed27df47e281a3d982e0d5b638
65df50d6cf21b2948d7d346e,c82332fd84e7222b6dabdeef2eafed37bad9bc93582c5db604d06a6e0f8ee248
67efbac5ab7e60756e70080f,7158cf1ecefd568e4b837ed64a7f780aa89683cf30dce14337072dd8e588849d
6a1fef9591996e05c00b935b,c31a0bcda994da5374e1921805457e37fe7baaa8c6df96b4aadf15159e719c3c
6a1ff07991996e05c00fc921,4381d699e786023569f72a9546c117aa503567c886c958544e96682f9be6d501
64afe6a8cf21b2948d693314,5fee3dcd69a2ca918bf082f76284610e5e47082e285244723456f54e2d57715b
69e08bd191996e05c0ecadad,54d730be7c4dbc830021947428cf98d1fdf102624c2b7cab18215b50b891f984
6a1fee5391996e05c005a8ab,0d9daff982373b4ee8f7c5815bf74067bc8c060866f96aca0d09086dda618a26
6a1fedf691996e05c003d9ef,1a89ae5ca260f31b9b6c3c2ccb98f3c877f2e28a76c06b382fe5bd573493d7a3
6707b15aab7e60756eef4c77,f2ea0db61d86b3aab8c654c9b7b1a02aa0446fc6e9051ca9458d5e0f5442f65a
628f484d7bee9c5d5a8a8a4f,888b3b3197858ea3fc14204b16444075f995ea66e4d7b2282bfdcca9a02b31f7
69d020d091996e05c05f5f79,cc367c0230f1b6490dcf93d48eccde3fd25ae9fc48630c870542e4e231ea4ba2
6298e60e53c65bae2e70d2db,a38da36690207b564c303304073d7a07654fa2794a2e47e99d02de2c8335720e
66595dfbab7e60756e356dce,57c0b3806f54d26c193a9ee0239988705bffc366a603b2a6039b7f75fd3b74bb
6a1feed191996e05c007fcc8,131956f9fdab6115ee004558ec6502011200e6068b435af13963de0622219743
6298e90753c65bae2e7315e3,033b1556285bbf4593495250f6275c1072ea72c454d9437326eaf93045cba915
6a1feef591996e05c008ab7d,9d39f4e9bf093acec761d9dd31d5aba8d2238845ee499081b2bd1ee43b24a99b
6a1ff06d91996e05c00f8e9d,f83d4328397907e0a03334a9b29805907f1a7ce3fa14252e91f558c8a3639516
6a1febce91996e05c0f9386f,c6f861234181a068f6d2e5846780bcc67e5d48f116dc52d3fd04418e4d2ed611
6a1fed2391996e05c0ffaed1,55b59c5c168940009a1d525148f2bef421d6dbce4294eb8ed2b97cde7d7109fe
628f41bd7bee9c5d5a8512e8,bbca10e336d8370ce250a8de4ef0585968ed004b4501acca4f42ee1771fbf2db
6a1fed0b91996e05c0ff3f30,1e73881a8c2854170f12cd8da0f74a7ab8ed7e1b6621a84b1b85afb367ce910f
682d7e25ab7e60756e7a70ea,07b57d2c8a39a01a6769c527b4458c89e16763f745c2784f564d6a67bb484557
65dc80adcf21b2948d54aea6,b4b2ab88f2436b8d4b8db6abd5ac59da229abab8b6d352e354da640df581fe38
6a1feda891996e05c0024ea8,fc154672f2a796846f3be53baf66b1759b977cb78c6566959ae8ae86b9d04c0c
67ea31aeab7e60756e8b24ef,6c523731638f01795c7a3af95435ad19c54e2bf97617fd6b0dd81a55c53b3070
69e0c68691996e05c089cd70,6d8f6b633b05a431427e08aaf3d2ba8151b4085fc92230ceb0642590ee5e05f2
6a1fee2391996e05c004bb4b,3af0805773c655876af6a55b56dae6ae3040bf2c0d01c4cf48daa6a2898e4797
6a1fedb391996e05c002846c,c8430285abe1a1b53f6bbe53036f113768026b2f5561a4375e670af27085045c
67135819ab7e60756efe9f53,b6faf08a2b2ab8132d69f376a09ca6f66b4ff5c4d7501f09da394f114fde4b12
65df1b2bcf21b2948df9c906,cdd8a5724895b620c8a72111551df44954a8700c61df7c289f5c6ad4019ffb3b
628f38857bee9c5d5a7deaff,3c450a184d61cf58e03ef80012d84cfadba83a97a17e583785e68f3d1b38b6c1
6a1feb1891996e05c0f579ba,85f597c226f5c750cbb473cbeefaea0ffd2e66c0f0795a808927206b3f1ccb19
682d7dc4ab7e60756e799a7a,fe8ad7109ff32f63fcd7a0ba19d90931115b688ca8c8815f6bb45311169504fa
6298cbd853c65bae2e58869a,ab41fcd05cf821eb182900a6bfb0b8fcdbcfe9504bdb982679321673fd1afa16
65df42efcf21b2948d5af9cc,995f38da6d037650b87b9c3642c20277ee65f91bf9352c64c76529139f37928b
67ea27baab7e60756e7a0f3d,ecd823f7f43a9b1c8a5719f761edd77b44c340dc969d3961e6394d4b89dac889
6a5f2f4191996e05c0ef237f,2a8d7a2e00892fa551c2e2d6e73be735a4b8dc9ec34e2e133964e764d0d611d8
64afe4abcf21b2948d636b2d,9562338c4add714f79be172d5db2f86f6e369e0ceb929f57f9c389f0b359c3cd
6a5f329991996e05c0f95103,dd1592d17a202ec179fd133d71ba2d44e039ce515c070359453e33e50613dd44
6a1feccf91996e05c0fe2627,ef7fa56eb16df7a1d0e560be24ea3f8fd67d0ba53d89f8f57503890acabec1ae
69bd72e691996e05c0c8658b,d5e7e27f10786ce2e462d53e297fc08f235d121e012eea0726daa9adfa8cc15f
634941047bee9c5d5a69ba53,b3bab8c65fae1c2e49f3b531a6ffa344099bc73642b973d904e706dbd93ad23f
6a5f29ac91996e05c0dd21af,3832fef8e8a71d6b1def06debd05a068ddfc1d9432c2f9f134e3ca8ba3a63246
629906f153c65bae2e847a4a,f57ef556a8eacdd25d4e4c38f9ac638320937e4a8e2468b4a400844172d096f7
6298b86453c65bae2e42dc94,a08cfd59fae9d6555f3b4753d53345317fa7169641383c0668b5319d1f568a21
64afe4b0cf21b2948d639b61,dfa8af55ad664be1b12d97a8be9b5915a931b2933071974e930dd0efcc0fe7ec
63cb13527bee9c5d5a89564c,f9f20caa670aca584eabe383f14c2ce7d076ea94955dddad57b8421fe1c99db3
6a1fedcb91996e05c0030256,a2db09f109efcb46b1109a8776569eb6f3d89bec3af44355160968196886b56b
628f40f57bee9c5d5a845e75,65118250cc75227c0eae6ebe1317f26715572478ead5858ee4abac483e52024c
6a1ff06d91996e05c00f90ac,c1f970c1aaf9c75ee98f9940b03f41dd184daf3752e88d11cdb9020febf41db5
6a1fee6591996e05c005fb4b,91aeea29d9245957f30764e44f3b12085c23ece46f17346cdb22f626efe08f07
69bd7f3591996e05c0e26088,946ebb2bedbeed49fa4c0393b54440423bbc6d25f0b1be8c7f6c19590ccca17a
6a5f32fa91996e05c0fa8445,00852a0ad2b53cd9973c9b891721bffe7d49fe643e66dc596989e0368d7dd269
658578c28c12ebd66fd31c3a,6c04687f01f49411e863a3e7840e2d663ac38a11a7af2bdf014ae53c3c437f2c
6a1fef2491996e05c0099399,951ae2954fa3bff8f019b2e55e0cfc29eeb38bcc62d33be5509434472c5f5966
6294dbcc7bee9c5d5a617665,1c43201c460e1967250eb965cfce04930a2fc02ef830bb8bdf8e7f03e1ba8d45
6298c5bf53c65bae2e5255cc,3378fc16ce687176c0f5b7371cfcfe5aab80fb339bbfefc0f90ba7857d12cec0
696f5858ab7e60756e0c80f2,1ad1693f3f05a260ad1008b224e9009165f4e4a4b6a1b56795343cdcd8c04ba5
65dcac80cf21b2948dbddbe6,abd7b2edb5c889c758b614e98c4e2060cf2bd5949a2683a4e2f69e318d7e3de8
628f38ac7bee9c5d5a7e0ade,04f04e12aa59884c533f4ebab41f2e898fe170c7eb5f843ad756e4d5ef61f04c
6a1fef8f91996e05c00b7768,f7d942dc170bceb49a5ac20daa7c6064b940d7cdef20b19e8b89ddd611dd9a3a
629908e653c65bae2e8548ac,dd5761b59264c46e39c5f7e1af45ac1dbdba021597b19896206015ecc9a28881
65dc63b0cf21b2948d171838,ad944ede630c2efb392ad144311f981d5e47abdc46a8f2e7c8936102e5f96d27
682db85dab7e60756ecddf37,4606e11b05c7acadfce2bc5aad080aff931c576ac174bda3ca83b6736d582673
6a1fefb991996e05c00c3da8,37326d8112dece8376b815c45f5fe54ad463f5f564f7ec331358b1ab8ed691db
6575f6038c12ebd66f242511,9f2fad1d7d9379a2944b28b2698e69a576e21e3a0df09a740773780d270f7a01
62384d467bee9c5d5acb8c6d,48091313a4ad7ccc5e56f6b5e18dc05cc1e9970d3c1be1e20429f849f6bbbdd5
67135997ab7e60756e023278,cebf37cadf374d68551cb8a35b13856935272f970b0e017f57b236b4bc529482
6a5f2e0c91996e05c0eb4afd,c0027b8b55183d8f6c54e209659addc16f5283fd59b8116dc2ab784b7fbe4ed0
6a1fea2591996e05c0f07e40,e34db711bfb693b8ca25f5f357aec3e78b1c404a1a62347b7df11ab43fde5654
691ce094e3ec279a55f7ba24,4e9aaa63489c71b7a68dbe0bb6240076ef6ab360a4b55b10061610cfb21ceb33
6a1fee9791996e05c006dad9,138e040f63c891c6e8adb9984b7558ce2fc3edb0ef030c89e23a278f285fe2b5
628f40ff7bee9c5d5a84671f,06d39d7c944345c1d6cc5333fdd5bbcd2c15ba3e635cd8f20f7e98dd4a740f43
6835b39cab7e60756eadd3c8,c9260ed56fe917934193e1f821efdc97157a432f30a877374cd5fdd3c11509c5
65e709facf21b2948d6414fe,83586d81850f0bc2be1c93813101e364997f22662cf61aec40ffc2d1fa1efc8d
671350c5ab7e60756ef2b34e,e44f5fa64e784e21f97eae96a1702a0cf390882c08db75841318984a652170b6
6a5f29ea91996e05c0ddfa25,409299e55618ffe4ee1914383b8ff7154298b51ae013c3b2a99d15aa818f12e5
67135871ab7e60756effca43,f7d08c4d3da9c35ce9a398012efdc400fb0849840844f5f2b9c4dbfba17bea08
6a1fed0091996e05c0ff0ccd,c131014adb21b6ca66b174e4ad06bb52da888aa2ac0fefeb51c50fe8d07079a3
6a1feb3391996e05c0f5fc0e,d4a1878c3ea68f568b434378e13ddf8b8328a8ec38dac1139a4762c007e3adae
69bdbe5b91996e05c027b8fb,d04d77c05ffb1830df6e2828018d58542f93ac78a213b71b201e8bc7eef6b637
6a1fee3791996e05c0051bbe,b2168823677ef4c9f2895a7c7b118f82008a70234541b51c1a9bd9f6b8aa6d67
6a1fec0091996e05c0fa35e3,60fc6ac8000deaac7bf3dfb29c76da2381354c8f5efbe2024181ed54a4737445
65df3a1ccf21b2948d44325a,0584e1bb1fc28ce0d2467e6cd447d53e2e40ce95fdf2470f064f6278b8c1be06
6226f51b7bee9c5d5a1f9448,4e0f976ba544630ab49caf64d78f952ca44dbc73966b9d1b19be1b901ee90eac
6720cf54ab7e60756e6c1ac0,dd9d99bf10d2ae8d3ab616032cb35093ef9f840e60ed57375fa6c029d2c78098
6a1fedcc91996e05c0030723,a54b93ab3607802a3a570e6be3341dc20c105cfab236b506e3d4e95500a71a9b
64afe3eccf21b2948d61545d,b9bf2b98cadc55c7311e13385ed82f85ff26cebc54d238108c23a49e8e3b04e5
6a1feb9991996e05c0f8242d,3a3e6b529ee0eb27d52b670a184d1d1e3d2881ce600d35ac8e0b03cedd43ca0d
6a1fed3591996e05c000066c,c280bae19790ecfe8b1198b2672cfe80dea327d529ead5b9073af913b1e4f742
6a1ff0d891996e05c0118a94,bb125ee790ac8cd6d9210165c6875cd1a6d068b2a492aac075e03e6b564173d2
6a5f26c391996e05c0d3609f,38e6d4b547f4aa18a1b29773de96e2ea95e2f5075bcc3c4db5911cb6127f5799
65dca6edcf21b2948db120db,8c36555b797f2f884ae0fc4fb733f3e13fdacf5c98feea1d05e1721bde059667
6a5f2ace91996e05c0e1083a,708fddcfe642a97af7175e158cae2652aaf35f7664970ffc5c160e694a4450a6
65dc857bcf21b2948d5f576e,7ca616e3c7db45f7d25702c8922f58999fe6e15577b9d9a0cd38080359fdbd47
6a1fed8091996e05c0017b9d,ac8ced9cc25fac13fc0cb7ee12649dad62bef1126ce876fb263d76acf26a23d9
6a1fedec91996e05c003a231,2f4c207647a72ead531755900a95bbe2d9c9033980bbe11ce622492d61e05782
62991e8353c65bae2e8caa97,4bfb81116e1cbce831dc7f94a86d9f53d57c3a12e5f1865714fc336928cb06c2
6a1fed2691996e05c0ffbd79,7c13a0f4ef1a83f86928968568ec2d105f50e6d91f39d9e88b48556b0bf13cfa
6444bbf87bee9c5d5aad6ed4,0918c35ff32e6494fed67fe2638b8593a6a71c966149a67cdc12e41dfffe2d7f
6294d8df7bee9c5d5a5e8eb6,5e249676e2718416fb0a537415705d3a6a77526d52b5a857aabd285964aafb8e
6a1fee0791996e05c0042f05,7ed66840185ad8904a198b067aa9e063cfeb876d3c85431b389150ad6cb5f0f4
67ea38a4ab7e60756e97e4ac,d2e5bbc831dd7b7c65dc32dd39435bcf1bde2846490d30669ca1179e158f6f66
60554899d5cc35459011103d,34bb45399ce59b427d90a52df96f5dba888643b79b1d108c1eb54227a7d0a23e
69bdb2e591996e05c02148d8,5480716db38a2519a7ac182c8956778d4e96afef170b754f1a95d19870dfcf53
65dc6b12cf21b2948d2769d1,1cc121ade2c2ad860115b0fa4fc3e89501decd79714c6749ebc14004ccdb4e27
6a1fec1a91996e05c0fab2c4,667b4d3585dde8242ba4dd1c97a1fda49b206ebceafc960f221582c3bcf026ea
67f1186cab7e60756edc8836,7609b29d9a41543874592f0775009b6d6ee795ecfc3cee130574e811bd147c4c
6a5f26ff91996e05c0d435d1,3d62e6e4075157255e5a77e68e73aacc616697ca7c987e42340d540ed122d751
65dc9c7fcf21b2948d9735ba,811127dbc654cddd04d84f4845e62a4fef1dd399c6f6fb7ee6c201fb887b9572
6a5f2aac91996e05c0e093eb,6fd7adc268b37f91c9d8bf8703af6ce71c56058b551f6c1c895a1e56014ed4b5
6a1fedcc91996e05c00303c1,43da577f4aa0b736871d3edc482085b66ab8cdcfb0294f67959cf53b53472541
65df5211cf21b2948d8049ab,561f74fbc6608fbaeb218599f7d41e01857dccdcc1c328a90249bf8c2a797811
64afe3edcf21b2948d615c35,aee380a6b35bb2bc653bfbb715d0d552822f03357ac2b27b736f39af80a03ba7
65df429ecf21b2948d5a2c3e,d98555a74b2ca2ec1177a6f1dd261449d66f3241b2d40453e2f810a065f120d4
68242acaab7e60756ef7cb25,b6d7b35cbf55a6cbc36c7409f85a739ada7d09f89119340582902c5b04fe7b34
69bdc42f91996e05c02ab82e,72afbcc70bd5312d2ca84c8cd4afe12ae4ba0d7424f9351fe0dc7d4bda982df9
67ea26c0ab7e60756e78800d,ab6e681a057b43fbcd51ac4c81923acbf98d7f5b07d7727c7b0ca7d558b742a5
65df173dcf21b2948df0914b,d710ea8f7b329aea52bf5009bf0ca7a13c606bf007a784028db492aae22b135c
6a5f263791996e05c0d19552,16c54e0702d243f97bb88351ca8f35f473528cd63f745902c8588ff1eb7fb164
6713597aab7e60756e01d003,4a877cc1a5f9e5a502caf028b384f994ee125cfeee8437bec6b3c3cc4f520f7b
69e1440a91996e05c0923f0f,02c5a78653e0198a550d4dd43caaa960f0d143a90ffe9cd27b5911275dda3429
671357f2ab7e60756efe1cb7,08a645bfbca5f4b6d94cc811bf5faab098e190edfc6d1b6b55350645e56fa4d5
628f3e4d7bee9c5d5a824be2,ccc6ad25a3f8f51b5708a0ec67dfad5577a0480d92d5465eb782c292e596a92b
68db6ff9e3ec279a55b2dd9f,279ac990788029312a6d4de83e41e2db4a2985115a27de9842b11680fdaba929
65df41ffcf21b2948d589cdd,4e3d4d99909915ad93c23468078aba591af13538d695186743973e284b50101b
6298f83753c65bae2e7d3e37,39eb60044b59c1a71fc2e0807813a2f4309bac6b782b162a87491269dcc411a3
69bda89891996e05c01871f3,a8c889f19e3cb0582f291778cf3ec4e52b6f82d6b0c2bfc2ce9b03b30b061742
624eaf7a7bee9c5d5a5d88be,dfe38c16bc273ef8aae3547d1d710a62d82c38a88df969922fc60655f8dba7a6
623af68a7bee9c5d5abe1a71,1d0b66638893e62662fc3ab166ed9cbaba657962a1eac806da6dcd9399d75158
69d0b6bd91996e05c08459c1,c655202b04c1406f7171e69da650a8a36f28487e07ae10a559cf71f4e8314b30
6a1feffe91996e05c00d91f7,02ec46fdb187fd6463b0a444b4b363ceaf290dc66f286b5f04023c8fbb8928da
641aec8b7bee9c5d5a3db3d4,bd92f4a3319ef8032952e915b6a18f56332ed5050f01e6f520306c61cfb9e7db
67d5247aab7e60756e163999,fc012f245ba66e073d0e1815102be767cbcc73896d4f8da34599b030f93310f0
628f491f7bee9c5d5a8b4624,0662fcf8ba5aab55edd148e744d5499c6093a180e3f0494e4dd52edf87d3cef5
671357bdab7e60756efd678f,158c84404ce9af248f1bc60e7791844273ba00d02647ccf75cef94a7f913f84a
63cad4a17bee9c5d5a6cc7ad,089852682c5b4a548feba5a81dd7cf7eede11d4fd67c6625b968344eff6e95d4
6a1fee3f91996e05c0053e7b,abb0884d5634535f55e7ef8969c65b3514eee07db882f8a02995c70558d47ef1
69bd55a991996e05c070513a,d0db546881066e9e5d8663f8dbab71e5cae8b0e280b57f19fe02719875481fef
69e0820091996e05c0c673b3,26cef9ce1ecb21d90577c2e97cb613368a773c84305280c6b86026764ff0a8f0
69cfc75791996e05c08a30ad,3656dbe103a84938c89d5d9e89dd29fb3812d81e2425128c06cc45ebdcbb4e47
69bd585c91996e05c07aef8e,5d57118689f985788e68f7051fa3722d998422f31c2f7e7d5da80c979380b698
63cada187bee9c5d5a70ad0b,f9cea03a851039869747305e153d2bb2cf3a16845c74bab24694c73b126ed49b
6a1febe491996e05c0f9a467,d42630c3917df682c4fe45227d13a5dccdd6a419bcba2f631f75620665630ea6
6a1fef1f91996e05c009796f,275f3f73ceab86233e28379a70eed878a96e21e4b9ae212cb0312f6ec3d94e62
628f42717bee9c5d5a85a03a,167d15fa5b3f666c6a6a5ed4e9600bcb38ab2b56f37e161ca368c54e8e99f8ca
6294d62d7bee9c5d5a5b9dbb,92a52a5e734034b7db4127829aa4126bbeafc116e8054c6347ae3b844cc14652
67d9156fab7e60756ea2799d,ca94bd49ba299ab2a8773e2492b0237a32b4de6ee6e93ec3517eb5f37aa1c14d
6294e6597bee9c5d5a6b875f,9026559c35ee3104c462238b15a1a0f404c95fcce91104c9496e2650da22ce24
6294dd0d7bee9c5d5a62a8c4,2e03e610ee58b898691fc9c61967380c1394ccccbed469b2b9fa8b43634b50d3
6a6ab7bba8ff762f0dbe8e50,8323eb1b367a4981eb02f0d3f433107d9f301e1c2d94a21e2ff71ccfe7450ba4
6a1fed8891996e05c001a346,323caf5bfb103ff52e02cbe6e8dd507292cfcf095c78d400fbd2569f852b372d
69e137c591996e05c085722e,5f3168fdfb8a71950f3eb61cae046ba44c7912fb8d6df0f75d71dcf84390df37
6a1fecfd91996e05c0feff5a,b204e7e7cd819f6b1be4a61f4745f27e21c152a52166534f6ce159923b49cf28
6a1feb3491996e05c0f6044b,9a74be937d1860d5e923a06eea3eacf2ebebe32391883cf1e6cc13c83fbd4b29
66978594ab7e60756eea5c56,d8dfbe936aecb72aa966098d35305316833783c3daccf1bf8137fe6a47865a55
641ae8357bee9c5d5a367a0d,b56c04778c5f2f5236a443d755e746e96e33fae6c8fe1cf5afcd432340e7b55c
6230d9e57bee9c5d5a8689e7,448c33f4e62386aee176bbef35064cffabb54aecb502a1d29a477219e93f9517
629904ea53c65bae2e83b28e,cc968cad5d79e5c61eef426aba6fd05d1344fd32c8b140fb9ad7c76dea25d187
65df49bbcf21b2948d6c0523,1cd35096e3860c5b1330fdd2bf8b5cceca0d8edb1c653fd9e01a06a32a5c864a
6a1fedb491996e05c0028973,63d48413cad594c4914538a0a7931e1515ee81d5dbd370b0c6bd11b2dc06c00a
68c414c7e3ec279a55f00a66,dd2760a9d9a6e6da8cdd8067cedd17284ffeac759f913f2fe2990597d7833c2e
68242aecab7e60756ef8118e,fcf1230a734cd6af22e2ac5b48595cc13f295aebdcc87398b4fbf84749968bbf
6a1fef2391996e05c0098c08,432c803e8a6bef309adca04c47890325ea2356fda9d6862223d817572af4699a
60956b1bd5cc354590a80167,dfabb9f996b7029d47dd4a6c74ed8035d7e0d7d708b180bf2006eee8f4e65fc6
6a1fecb291996e05c0fd9920,93f830414a9f5a757d8e7a800b672e51c1b0eed9528df7bbaf033ff9bf429631
67135be3ab7e60756e05b7e7,dc571ad51ca00a7dcb047efce428c00c7af9ba124a0dc553eaeec610723cefe5
6a1fee7591996e05c0063bd7,2c54cac36c66a054b00ce6e695045364338d84dca25befe6a7967a6732747e32
69bdb54591996e05c022f4f6,552689054e2be9a285532a5c9b3927e94d63c7833be96ed5729b8dfd6a57d9c6
628f40407bee9c5d5a83d59b,e3bfb5ffe2263912eb6fb3082e22e1e8cb88583b89cb6e50d937a08d26a9b14f
65dc6d3bcf21b2948d2bb9b8,254d29abbae7b347875072cb96eb1f58b41654466e67b265c3b70578937e1165
6a5f34a891996e05c0ffcc54,551054a697965e9c0a63b0934c64d100d5ef56c3ea1992a17a32c9a9a30100bd
6a1fecd391996e05c0fe3854,ad6676791137c1ea8a29725dd05693952eff03ed4baf8042552fad411ff1fcb7
68638a71e3ec279a555fa9b3,f63b5595e7f03a969067dc49e2255241d69040f74288f90f887e0daee2bc25e6
641aecf97bee9c5d5a3e8afb,1bb1e157da0e26400f7ebf27c0b30019f0c4d48be88b9f8e5e8b97831fb5ebde
6a1feb4891996e05c0f675d6,aa1438f842233cb23158c4c149bc65c6080979d6c3462abb41a14aa810fde352
6a1dda8f91996e05c0f5d75c,76e3ae4d747186cae3cecd170a02e8a2055e104df73abc36de025ac38221c08b
69d2036b91996e05c0387a81,04707bdaca269adca2c3785938c4090e706b70e46ebd2c985b56508c092fbf44
6a5f34bc91996e05c0000c57,592aed7d6642cef33feea7640f9d80017ff18b05934bdb3437a638b3bd564b9e
6a1fedfe91996e05c003fedd,98ea5da4fa68b4c40e1c1dc3cc4f8d1f8646d2624420707223630409f46c37c9
6294dbb87bee9c5d5a616070,c0765343f2d9c0c2e0b067cd0ca57a0c53a2f44c488f67eb67dc39cbfa32d6ce
68c905cae3ec279a55bd7e1d,f46b8dbf0f4091199960701e185bfd93943727071f368f0af2fd8995a61a8ed3
67134f60ab7e60756ef001ab,105d2c0a9ab01ea6e305eec99a9168956d9e86250618bfd5c24aa2b484ed5f95
64be45e7cf21b2948d0fb511,53d281e5b27facd25976e4b050a0c1d078397b1c0a262b63ea7029bb2c778462
65df183ccf21b2948df2da3f,df9f494f8e30a536cd7389112d535ecb591b8de7e42d34e7029c7d7f87caefdd
65dc6d62cf21b2948d2bfc79,8e3ac7add07b3c656ce620fddb955c7b11e725daea770156d9f9e1b2cf5411da
629902a553c65bae2e82a283,7e882137223c49afcdd997679e5ad7b7a6105970e2fcf496b69c6cc1519e007e
67135802ab7e60756efe53b6,2ae8ed6a74b99ed2ae2d78f33efca9cce42b3bdee1c586742b932eb4a13c947f
6a5f2d2c91996e05c0e8a16a,6a6ac8caa45ca560824fc5932d1bf9a5e179a1db55a50cdd868bcfb5f4716b48
67ea2fa2ab7e60756e87938d,4e1536973b269197de514a1c0e59591b7771086086c3b7006e0455b211992bf5
62454e3c7bee9c5d5a6c864e,ff3a37f2023cbe30677d013fa6d7eebcd9551a2380abd0becd77620f86032b9b
6299194853c65bae2e8b17f5,809baa0fe45ea47faf81503d4d639fdff5b6bd4b0651605b4c9be5a838b0c40a
6a1fef0891996e05c0090cd4,90788e0ab6d775627e4ddb926a0d6f40dbc52f25d9f14976f81aa8142d7bc4e2
6a1fee4191996e05c0054894,d3ad508a814b4759f5fc58b891176aeb03acdc1c58c24843fd9189d10d89b757
622f225d7bee9c5d5ae169c6,56639fee184b6c61b99a853697245a4eb2d86878cc85604d2a7f2c483e9b34df
62990be353c65bae2e8663ed,32288af092de1b347cf9888bad671c3e33b5a3f19df83cfb2f684b77c96a299b
69e077d691996e05c0a3b43a,74f80156b60dabcf0383774f02946d6a4cd8ca6f1011b09aa29a531f022eba1a
6a1fed7b91996e05c001653a,58ba90f5a80bcb617a35031804541f9a80e046d13d76ccf49a25d7bc1cadc39a
65dca82bcf21b2948db3e937,7e73393bbf5b3c47d544468985db067b87ffe2aebcd0a772f1b01aff9bbf836d
6a1fef5991996e05c00a8635,111ac4cc24f39d3c3f1b8d48415ae885f8bf58ad97dc3cd17746dbf1648e4bd9
6298e9b053c65bae2e7385de,25abf586e8894b0a8b33b807c5693093b260ebd1e8f175f6f4d65348d67f6fd4
6a1fee8891996e05c0069211,b98a2500528adc50e4295dc241e9394c61a5d6d7f3618e0b59c1de4cea4343fc
65df1de9cf21b2948d001525,5fd80f8a552e80305c447b642c7d5871ae60e24be992a8b4db85be504c34f7fa
6294df477bee9c5d5a64ca2b,e8159b4916365eac6d4e65460b0a8bf4bedd953df3db6d32c5462ef2e3181d0f
67efdae2ab7e60756eaaaf54,4ea6940fa4a8d68dc01a8cbf16801a919af76e61d11dfebf4ec2d25323b8025b
64afe445cf21b2948d6233c3,f153b31d1cbdd80b80d512a74abf99053c2c2da1d41b695ea29838545041c146
67fcb68bab7e60756ed49c88,06a16531ca2e79361f5eb89be45ae964d669fdd15571c756e32566bf1e42512b
64f00175cf21b2948dbe6624,49d7b10f9c24d978220aea87f74c538d51a6ab5a98e3b747ce26802732a8dd6d
6a1fee0f91996e05c00458de,bf1e958564075e9a036bb2ec6155d59cd9c435078ac9570f6fce883e7320f4e3
68a84577e3ec279a55d7d8d0,eb30058ace3481be8b6c6b20fd9df63a5a67b1b0dce1813a2ddc881ed7112369
6a1fef2791996e05c009a3c6,b85a2a502c0a1c264d3d427e278e9d1b4a039d7153402de92d8585293dffba21
67ea2589ab7e60756e76a49c,e6beb791b3f710a2a143e3dae3a2df6ec6f3383d23671b2d56bd75ca1f9a8b56
67ea39bfab7e60756e9a2982,3f5e15a5159e07b413dde175eb7ec74167d7f24b3264489516a28527e1209f68
6a1feedc91996e05c0082e32,b8b2a5b338b2f486009e57bd4e82bef7c904a115bb645b8e09e55cf26d66a562
6a1fef6491996e05c00ab186,0bf68df5a336e9f3403059fc79ebcfb33eaf101c65004718728be9d4ed7eddaa
6835b3d0ab7e60756eae579f,436310f53ddc5234f6e643a08c95b90d8f5aabfd720c494fd5d4d5f6e91f2acc
624c03757bee9c5d5a2277c0,0d53b005c194d909a28d332a9df5b0d6fa9d0f8f39dc01392ebcf4a6a2f7f703
65df20cbcf21b2948d06cb31,9fa87047283a286373fbcc7b810b82acace98cfcb598ab96d87d2028d471e750
69cfbc3891996e05c05cdfa6,8d293830042555b64e5018c26f44574eb2172b33399271a6182d9562a703659e
6298e7b153c65bae2e71fee3,9dfa42f00976b3289d32e205d859d9b90b1c40f1d743e6141b810a8e10955315
6a5f2bdf91996e05c0e49104,de324a65e59cdf830530bd05f50fd7896910b39e1b0c002bf0e921c2402219f2
6a1fec3391996e05c0fb2e86,5179ef53a73d075bf1f4a512f29576c1ddc482da5131f9f4a36f69759d00049f
64afe4b3cf21b2948d63ba4f,09b3e3848651119084870f48411c8fca711c379fc92a5bcc45e11a8f9b90c1ca
641aec8b7bee9c5d5a3db3cc,4988d2d6b2a48a53ed0bebff4f3a486583d157b8c3c053ca67e0b8fc8941c942
6a1ff0de91996e05c011a4ca,581b53742c94f326adeb86950be3ea043ada5b566665d4949f6bec6e43794170
6a1fef8491996e05c00b486d,3bf1326da3df4f721d96b608fb39a266a0e8938b80547b9f03dc88d87bd17a36
68918c8ae3ec279a55d441df,d62646f39af34d6baafd3908f47a579d96733ead04dd2393c064df276260a754
67ee8377ab7e60756ed57373,3cd321d75cfbac7f7b3eee7bfe7a54dbffb74fae677be521d5e81dd0d7d290bf
6298fcb653c65bae2e7fa35f,8e9dfdd9f4c786ff1d9b665af5c563ae592e4d6a108f8bd90755f15a9b62657e
65dcb46ecf21b2948dce65f6,8e351bae04d49b40d0f73b574cc9a14b389aab7adc4862da82e4b96444e4ce13
69e125da91996e05c07087c5,309bc95b3ba22b5a0426bbcda4656381c846290862d0a51e79ba6c7314e6e8dc
68bece0ae3ec279a558b42bd,75e14bfbbc462b165a38c552bc2565733734e9b7893437fd1e56400abcc2bbe9
6a1fef0c91996e05c00926e0,21bc023c7b7bdd96de0f23da8d5f36f87bb992fa121e84980979ad1643b868cd
6a1fee2491996e05c004c0a1,ec48bc9e6e5f0dbed876b2be8f40bd988c837253bf134c3e8d55c43f4386f726
65dcad2acf21b2948dbf8e32,3e88e65f1eacea4707ba3f4033980f19ae35af12d7c675f2caf8bdb4ad994a75
68d1099de3ec279a55868197,ee983946ee9046fd575912d5a936ece58ae2736eb54c5b43891a1ec08cb2a0cf
6a1feae191996e05c0f4631c,0ca569c66f10e5a0ea03d226e7f83aa744ce1e15ffefce51921fe8b1a60bb8c4
65dca960cf21b2948db6b2fd,4c49dde5800fe2b583fc0df40e76a386db3505713d78ca422b58c92cce448eb9
6a1fea5a91996e05c0f1a284,126b6397c14403669dcb86705257f34e3d519be71aacd1c8e6ee491013d8fb58
69bdc48691996e05c02af04e,613bb5d7e9bd10329728a2b92c8fc223bedc9a5f4a2c4254ce015e97dd3a9b41
64afe4adcf21b2948d637c70,0926f3158884672931bc6aaa976582a04f726c765690c9229cb271ce7f93ec39
624d29c47bee9c5d5aa05b2b,795a252af304187302b6e60589bfba118e6efc898b5fa6d783d14469cc84189b
69bdb5cc91996e05c02332fc,1e772914c4db6ec034dc8b312876af72545b4cf45b6402e84dfe04547f2eedcc
69bd573391996e05c0766340,6d68b75f3cfda41d4915f318322d6e6dffa5dd7783e5d76d3eff38833a1f6e9d
6298b83c53c65bae2e42ba6b,2eb12ad0817110ae03ccb7dbb261faea325ef15e11fce63bb71b8b2df45acd43
64f00163cf21b2948dbe0d1f,6e88f1a5b8a565dc1d88652d1d404646d70d54b64c8f4affd7afa674390a36d7
6a1ff0b891996e05c010fc79,0f90e3dd905150bfb44628ba4fe45fcb0cedabeb732baa2ba83c9271b71f5a7c
65df26eecf21b2948d15272c,66c7ab7dca51fab36e8507f1d9560933d71215b782498af4279ba37c7eb02e93
6603ddf4cf21b2948d54b048,a93c5574da23ca5fcb4e6892d0406f4b854c319c31c03ec860504f5ba145b8ca
6a1ff03f91996e05c00ebf27,e950f018e69fbc2962c03c9e24b089ab2bca0c569e1d81049e07cc91736c7020
6a1febff91996e05c0fa3192,bfbe475c99393bf47df7d165cb73f0edd3b23b4bcc93e8d604db8b660a38d34d
6a1fed6b91996e05c0010e1c,6340ec6f741415c3eb8fd93bcdfa7d8c4a63309d4c8910ac193503c51ee72c4d
689afeb0e3ec279a55403671,2a5663c7d780eec1a2ef6d5fa1f30e8c4707bd6846c134ef222b460659dcf77b
671350d1ab7e60756ef2db2a,b7b9817bcda4f15fee17fe98bf234d151583cf2d73101a8cbfe8e4d7ebdd8e97
63cae13e7bee9c5d5a750933,a68bc878adbf45f3d872807ce30250bacfa350e80671fdffebd3c0ef1187194b
6a1fed4691996e05c000547a,60690f3ea90365371e50c12be35765b01eed5398a4446b8d085a126653271e01
68527a2dab7e60756ef6861f,b6098b57a3684b651980b0f3303dfc1655417d378f59be33f7e8f45ff86c00b1
65dcaa70cf21b2948db90f48,cd5b0abddea684315c6e8e68ddb3244b4790f1daa32f56e487cbeae6e54c8230
6226f5c77bee9c5d5a200cfa,d6adcfc01cc68f1060d68470d5ccca87c7c7ae28d4faad9dcf2c63e205c15522
6a1febef91996e05c0f9e438,4c41fe2e60b11f1c38fc63fbb0e98be947ad6021c7a34a67251af4722eb6c388
65df257ecf21b2948d11fb5a,e6bad5446c25746814897d1559fecb1f4efaa6ff419b967246919c597cc1920a
6299065b53c65bae2e843b12,41c978e865b20108bcfc354589bf73dc302e7f1cd88c7984ddbd5b6fcbb2609c
6a2fddc991996e05c06c74aa,c42a7975d16f32496bcf5d0a1d0c7306202354cc5821b87344d5ca5a3786e9df
65dc92cdcf21b2948d7e2aa2,edb6bfe780338f0cc782e75a46cc391194a2a5fb60b82dfc89b9dda2cb7a122d
6a1fed3791996e05c0001011,2ce98eea37b921938565e8d2ef990e3b8c434b57246e04be56b61b11445b4fb1
67ea3af7ab7e60756e9c9494,a9663dd6cd49330b831e383105275688d6be6559d015de3b499865a1b96b1f44
6298c0a153c65bae2e4c62ea,b0d40058fa0c4ebc77918db7975526466cb37cf25bcf7333686ac1325959c025
65dc6903cf21b2948d22c853,407d0e044aee30450a3e9af615970b374579b40b9fcb3ac93d4a39588b7dfd06
6a0320fd91996e05c00ba910,31595408433743a54b0080c05d07ac2f74486477ebdadadef3899eaf2b8af42b
6a1fef0291996e05c008f1bc,d68478c3619224dde37e3def4eafa4352edf0b1fb57165537a2dbe2f027b23b9
67ea259eab7e60756e76c42f,d83dbc03f672c9b84489568a8f98007bfbcc1ea8657181aa41a2592f7679202a
6a1fefde91996e05c00cf918,90001bf9ca8ea806b1625db0f7771ba0fd39f73c14730627cc0144bced896911
6294d7777bee9c5d5a5d0680,baa13771fdd6bc4ea47822591fe9e318019ecd21027a5bee3ba0a5554f83abcb
6a1fed8e91996e05c001c712,aac1c34c12d5ba644c43722d7dc9bf8438926bc46ba09ab7cbd984480a6014b9
6298d5ba53c65bae2e6196f5,d93b18e7c23294e23fb74984a0ceb87e90928aabd0f01f37f90e09763de33b30
69bdacb291996e05c01ba16b,f1dd53ff6acd6094cd78063ee48115accd79aebfe9e61f1e87f1d4aa0e4a49fb
6a1fee0291996e05c0041363,b80da97818f0d0fe184c828dbb14260cfed9aa027e075dacb62c5ab610f56c19
6a1fefd991996e05c00ce3ba,78d84e6e431d47f585ecfccbbd8260ead55978cf1b2ee285d0fdfedc0bf14875
69bd9af691996e05c00bf000,73afb5776271ab56b24a3c3beabadf2d0af333ab220582af6852a6e4cb22ab65
628f48437bee9c5d5a8a7eee,175dafb6ac684c7b3ee32f87c4e306ce5c01ca1d7cc75ceee0070561ea678d70
63cadcfc7bee9c5d5a7275cf,04722271d53f97fb5ac4c7475838a5d3106ce6bc4e7812ce62ee6124f4fe5414
628f42527bee9c5d5a858802,daa70e5efdc2a25bfb5875c1e0d573ddfd02dea41d9b2ac65fa60d132237dd72
6a1feca891996e05c0fd6665,464c72906de986b80a9b47f39fab51dd92ead4896536fead5e7fc826c582f3fd
68ca8620e3ec279a55fc0f93,576ef58fd8719b166f8e2eb2c163eaee5aa322a6b8c3704e1281d460f3f81e04
63cadf697bee9c5d5a740605,d6ad7531975efcb162812b05d8129dfd0e6996e7b452be726187ce5a1ef51dff
6a1feff191996e05c00d5477,b7a4758b77b6a6416b5e9275bab8852c3995eaef2aea6929c98013cffe16a7a3
6294da837bee9c5d5a6029f5,b77fec363796e8983a39da20fdc385470ede2e6ca1fd60d5083af8f6a62ae58d
64e48626cf21b2948d0801b1,f843cfa89b716d0b3dc5f964f99203f50e16d1ac6dc2c8d5826da4cf6332da4c
68d10965e3ec279a5585e57a,efc3acf89e3524bb537ac6c6f9ebf6e20d0e71baa69da4bf7b28fefed8dfbeb6
69d0b4ca91996e05c07cb7ca,8b80212a1ec280b1218c73ca14fd6de82789978be9383dc4056adfbabf4ee0d5
65e32443cf21b2948d820f82,c2b0f279c0f53bb21d6653f593c39cb11bfb4e13bf39681230358a58b3016441
69d0219591996e05c0600a85,730fcb9203bf6ce1d3197dd07a6831749a2c9c24b110bd0059cc5744dd09e299
6294df797bee9c5d5a65074f,966d76d6b3686fcae16e5c66729ae01b66ed801a3b0fb72b8ebaa85c37f032f5
6a1fef8a91996e05c00b631b,6980e1ea86332c00239ec6c4f9e22abb41885ec56958b6906786355bff6d70b5
67f1162cab7e60756ed8d761,8cf6fa8879ffe2c6c0089b1826ec90a2c7b5f90901947cbec522aa8ec24361f4
64e48648cf21b2948d08b476,e368d3d169e7429a325c950bdd1f8ae0bb018512a4a2dd735ad1fc14bc4a9950
6298fc8353c65bae2e7f7fd7,f4be3204606d2be25ce446b7965d93cfe40144600406d307537e0bdfb7a81c1c
61f583d0ee3b0993eabb277c,ed1a89711c380711ce007e1e46351ecb0e0a305b1667450231c866451f128f5d
69bd736a91996e05c0c9a0c9,3c8ee25cf04e02090c24ffd666451e8d2ed8e1bdc526e7f0a0b0833736ec5a2f
624e68277bee9c5d5a2cb908,4362b8c386734aa8ca97049e932af0e636dfdc8667aea9ea69683929e8195f79
641aed177bee9c5d5a3ebef2,464fdc7f195768affc875dcaee12e3a57cabef331ea50803b4536412519811d2
6a1fef2591996e05c009981f,dd6870854614ea56ed2923f8a2dd194c748f739b8bca9a272f8af03746112f4a
65dcaf5bcf21b2948dc46ddc,08a285c5537a816e60960d882a9a8f56680f2d823e076d26807fa9358bd574c3
6a1fef0091996e05c008e6be,9c7fc5a55cc4f2608b52759ddadd6b69a4888d40cbe6c20533c2a241353d1684
6713580dab7e60756efe78c8,c1188841d7c40f30299a629e692dcc711054b8af2e9ea993150d1da72eab7d49
6a5f280e91996e05c0d7a9c0,a2a1515775771068a3f9cc28d9f69647e76fba093e80f29ff9e8b20f7c44939f
6a1fee0791996e05c0042ecb,26d7ecb4fdb8fcd666bcc5db83b55650caee12da4c588d138add5d84727691ed
63cadfb87bee9c5d5a74351a,c9ba671e4f42f42e0e3d845a58e511906014dbefeea50e16cfb0fa84ad3aff67
6a5f34ad91996e05c0ffdc84,55201e1b80b63582c49ed70492cb07901723a66f17ce86d8750ec7c6d5b2bed9
6a1fef3291996e05c009cd94,a5f8fc339aca622487ba2131d55bf0f57903a2700ba92af3a2148d86ed443079
6294e0917bee9c5d5a660d9e,7ed8c0c2714866b22fe4a5f2cd6211b15d840126773091810629e49ed529b670
6a1fee3291996e05c00501b5,37180daeb572fc779db7437f03fca92c085e3a4dcfc6295e55a73b57efa636f4
6a5f346591996e05c0ff08d9,46b01ac6ac91fccdd3f9aa19ee3cc6c5a2a299d022bcfb86d99066336f2efaa6
628f41587bee9c5d5a84b359,4b8bf689414bf5f463f58815f969bf92770ad2d78e8b02b7127ab961096ab473
69bdd8bc91996e05c0348798,49d6e1724a3ab6e670b2e73a1f7439445a9922dcf8948cdc6d24be861b1c1a43
624c17ca7bee9c5d5a32fc3a,b3c3dbe8095b20eb04a124ad25110f766c09398174c4be1fd58f49544965ad75
67efd941ab7e60756ea70c7a,e0d6273a6dc4908519457c86d2611020bbbd0189c741a3ad46a5b83927e797f6
69e133a291996e05c081d02d,88533892f8afa08b5e9016edd175f030def04310062f5d09af03b0b677ca645b
63cad0607bee9c5d5a691bca,3c2706f7a6d5091116c44d1f9ea60696bf9b7a5187600a3b8bc8cf20bfcdea7e
6a1fed1f91996e05c0ff9cde,b07146c725e065bf06e95e3a896baa176a1cd22b573f441402e2c8442738d5c1
6298b56b53c65bae2e3fd7e8,eb8bfcc04341ccc922dfe93a194681d0211ca98b9fd1fd596ca5bc55ff06f365
65df1e13cf21b2948d007615,68bfc4251bb3b0f12962e158093ac3f2deba4f4ad94ea5a2ac6f773918ab2ff4
6a1feda591996e05c0023e5f,b00cada9725fbeeecd26443bb763067114aa97f28a097e0fea0222d1542fd8e8
68e656cae3ec279a55274373,abbfe4642c1af706685de000a401bc4c10c3cf65317a072cf0f31415311fff06
689aff22e3ec279a554157dd,fb248c08902a16b64e57c6b521a6e3f6ccbb4f5c5f79545e20ba2fdb64a8cd5c
629912e953c65bae2e890314,348469e485cc5b0bb08e187c02bd09f5d518866c6127d5267b30f9b6948132b9
64afe4adcf21b2948d637b81,52c4ee46283375ba3cb0ebab4cd8560874bb91b62ed75dff1e35ac38be962a7a
6a1fee6091996e05c005e4bf,158640b58440c03425bcd2bd51e34ef63f2686a88405de01474220d460e4f8a8
69e143ca91996e05c09203b3,b197abd49ead86ef0442f8a2b09b9e9f1bcb90569f8ba4f6f762ae4717964358
6a5f2a6591996e05c0df96ca,642dd37a50f6816e4c825868e16b8a08b5ca87374f9e9029136fbadeb15dd974
6a1d7c9591996e05c0edb106,288665337ff02d0cae224fac659108b7d5fa9257b521c5191233e8a9625b9899
6a1fed5391996e05c000920d,cf4c9300971914ca133e446da8875799fc4578ff72f1344b1c8b11bff55777cd
6a1fed1a91996e05c0ff84c2,852019932f1300f231ed5773dbfbb06ccc58f8c5c796b962e21e2ef8f5205188
6a1fed9e91996e05c0021609,eafbd8c6c251503890890bb52715f751ae35c94d7133ba8d69f42d1edbef3985
628f3c507bee9c5d5a80e641,a75affcdafc8d4cb187c3aee7433ab659cf91fe746841e23a4ca9f1471ccef5e
67220eabab7e60756e6d93dc,5c1f7fe569e5e3a612c56d4e3f6c8b4a71b2a7a85de8eded964de1ba846e0b99
66978650ab7e60756eeb7200,0d6137b29b868c648bb91c57c599b28a79516f701e93a7fc71e8314b90ccd0a9
6a1fee4d91996e05c00588e8,ba10baef84f3c7bcaaa519f5a917e66f33f2a3ff61ccb67b7f2e5954a19e82f9
6298ffcb53c65bae2e814e2c,3a0f3d981b01c1ff05169524a8ed63c183ba8bb64fea85eded292014deafca7a
69d203cb91996e05c0399e9a,40dedf40a04e599dd8287765f9e3c0daa241f4d7179fb4e0c68549f919e7b234
69bd4c8091996e05c045e88b,78a7329cff3f2ef116b5e9c968b27aac70125bce14de47d6a3fac342d2b4d0b0
6a1fefea91996e05c00d2bd8,56f851dc6c5f4440255c1201f0e8e72548e7f6f4be887b58010829511c9f4d27
5ee328ea16d97489fef1f468,4330c05f344b970a88ca371135a94168b3cf64e691ef4e1bde749fef4d5aef08
67ea38a2ab7e60756e97df91,46a8240a5a63cb54c8fb63072f9ba233e5755dc9be7be5f30898c6d0189efdad
6298c07a53c65bae2e4c3753,2402a46689354bc33b7c94497d88a57b9b78826faba6e2d845abf8c5cc1606a6
64afe6accf21b2948d694e12,cc90faa4d62123551b26c64eb49652330afb5281c003f03aee7d95b3bce85825
64afe986cf21b2948d70d620,3e897eaf3ee4ff797fb1192126e9f006f49377f9ce1c7d4005c7a15b8aee1104
624c04c17bee9c5d5a23c1e1,2fbf63934d4092b2870098264aaaaab044066d06aa4a7199b6040680ca8d1fdf
6a1ff08b91996e05c0101f94,034cfa5437f6d52ca2ce642e1100fe840d6bf9e0dd03f2931ec31e4f4d8e4aaa
69cfb38191996e05c0353bd0,98d2a938cabd2121f625964e25d92705c2c25cb991c1247d9cd1a5a9feaba7a1
6a1fed3091996e05c0ffebb9,e914b07403ff83a0081a43d3295d854763da4df98af7d32a605a5c7fc30b12aa
641aee1b7bee9c5d5a40bdbf,3acbc056945206a7beb3cd819382470ac6ab9f9e02bf937588479da9af60296d
6720d596ab7e60756e7408d4,438e8e53ddf8db12bed1a026b6cdfd55e8679f869e0a11d7a81cda62f7f85e00
6298b7a553c65bae2e4217a7,fa9b70dcf92ea2423b463f59519d30e1a99f32fbb9d976fa3b786bb36eeebc39
609c9396d5cc354590925eed,1214350c79beb8a04e6b94b6cae474a522b8a876d394a57068f547fba3a02f58
6a1feee691996e05c0085ef1,7595e81542aa0dd1acba487d628e4c22356d3568000a1f40265af237eca8fb93
5f73fa69146a9f17ff022d98,74e964cc067b1a9233a02f9d09f4daf7f94c0febacfbdd4db8058d680889daff
67134f42ab7e60756eef8f43,6f9c8e6e3e018d23ec0f68464cf490ca0fff7540d3b6a9f3ff4aea06521ed5d5
69d0195e91996e05c0575114,96ba246b94055190039cfa154ca4bdd968c05d7b2974c0285d9f3ffe85551f16
6a1fee5f91996e05c005e02c,d4758735f012184b5d50f893c8b943ad3be12bbd10919f72291c2b01f173fc6c
6a1fede691996e05c0038688,4173637050b6c5ea2048aed40d7384435a252bcb03fbc0ff68218bcec02becce
65421ff1cf21b2948dfda0d5,238def8c2d0f49f5ba645cbcc93d39c4ecd68e89baf97c403c3f98ea5c2b2120
6299042b53c65bae2e835d80,c083eb646de8d8b5b5f89cb5f39f077fee16005ea612ce8ecb4e2705a2702327
6a1fefa391996e05c00bd47d,077408792d34cee6d84ef14ce2acce65aa77552d139b54c603bfe4da548514a8
6479cd68cf21b2948d301bc7,1a281ccbff2ae7aa6fdf5d28c7e6b426a48768b60019de0925fad5b600320013
624e9f1c7bee9c5d5a4ffda3,f5ea4f5e18ceca94d9308f5cea49ec6b2e3bb6e0fb9045d2c61b0bb10f274751
64cb4929cf21b2948dbac3cf,62b0c2e68c7b931ce918132544a5e5062cfacdceaa66539dccf60d347e5d50e2
6697887dab7e60756eee72b1,5f3d04e6ff7ad7a6536a98b7e24e8fd9b6b8c069e231a1a1261de812979d49a2
65df4901cf21b2948d6a6524,4b11540d736868b85674b6fbd0e8df36fcf109d6d1533a5c50d30394983abd36
68242a8cab7e60756ef745cf,9b501a4a5ce4e088e00e1fe1d85749aa3a776ed4acb9a96556dd75a53ac8e0ae
5ff576667e23857eeab4e354,83d1babe2a4c0ebab07c08b33928f4e6750f68153a60da2502f1e1126ecb98bf
6a1fed5491996e05c0009717,1cc9e299bde0a0581ae43dd5ffebbbc2179dfd90eeaa3d1605788a12382236d9
6294de1b7bee9c5d5a639c82,f2d33ce74a6b523652b8a6a3bcec9bd86462c28dbbed0701912e5601e1bd7f67
6a2fdd6c91996e05c06b9d22,a2a86fcd9cb3d524e9d647ae05c99dff17d7449645df9499f87c2a1c148c15ed
63cae6227bee9c5d5a776d97,e524cad596a921ffdfdc359678e3d1c0991ac28ebdc4093af2289e07eb8ffd50
623afb0f7bee9c5d5ac0d5f6,f2759b075a8b24f4954b88d6dba2f0e6b7e34143775d0b9fa1b09c1fae851fc6
6a5f270991996e05c0d456d6,4527a14ae6911d0c987233ad34b300854d8698a365481da9180abdb6c73809f8
6a1fed8d91996e05c001c01b,3ea11d4869c1616253054f4e3f3b00ab0eda4ed12c6a4c251616c1e5e2339a34
6a1fed6791996e05c000fc42,5d2d5cb948f954150447954b08772795d5a0afaea8e677a5cbfff07a10fd7a65
65dc76f2cf21b2948d3f6fcb,b6538f9d6a1fb9c52360f5cd33ca05152aea93c8a7946bf2da55f25b532fa62a
5fe314b57e23857eeaebcf4e,8509056b2e0f2e83dd9c2a23198c3cc0487db6ead5d918ffd1b3c77e04f33ccd
6a1fef7b91996e05c00b1e64,4760522a27c253b4150a6da353e9132e61796e59a29766181f06f9afeb53d255
5f7c3b1b4b61bb08c23ad669,4782dd3d49806372ffdbb45224f5d08f8d2970b1843b6fe829ea3602a33e4af0
671357cdab7e60756efda02d,8eb729c88ab169218c11e5d0fdfbb0aaa23ff2c540fdd19a83a01406309f4bb2
682f1c71ab7e60756e317ff9,7474dd25f3d663941210db37d12a9d737403cffda2b4119a2373d9be07d260d2
6a5f2b6991996e05c0e31815,c0bb2609a6c57374c205d66b6081254c2530e1627d11b59ec61bcf960e289991
67f116adab7e60756ed9aa55,2b914873acddf395f3da3f317bca2ed0555f14b772a6deae7b35939f1bdd3369
65e2ba7acf21b2948d9e97cd,810c644ee3d849f9bd83b31536f60ffc89ad126955bd1d29dfb9bc7738a28cb9
67134f24ab7e60756eef1ee3,bb0e5b4f0c4643a659201f991b65b0022e9a137b8e42d1569291972bef3e1b6f
63caeb857bee9c5d5a79f2d7,309becc04578e0ca2bf74ae3bf3dc3b062604b889a19331b997447b4e0c410fe
67ea259cab7e60756e76c10e,3f51e9cb2db8f3569803b39189308b97a9208c68fc62837f246647d17147d991
6294d1af7bee9c5d5a54f66b,24ef1c73ab86fdec08acbbb9e8b8a7736ec85d340227548fa47edf2c5c4d2db2
6a1fefc791996e05c00c887a,b096c4ddec2f0fd7dce8a99080dc8e84d7a28f272d7e2f9a6f5a086c7f058871
6294e27b7bee9c5d5a67f288,0df3a153afef18a98a84f9e277808b07fcf1d40aad95676283610ac9f4a09b1c
67135c12ab7e60756e0661bb,f2d8dd2586ba328deac9556e2613b841d94becdae5024d8b97e3657277a7a9aa
6a1fef9f91996e05c00bc12f,94079454fbee33284c897fa3eb7667c4db634513007c3bb5a6f8bd9ce40a2c43
6577db328c12ebd66ffb2ad3,fcc00faf1bdc1103f737795a16254112c7598c1e3bcdb07f820580aaa3cefc64
6a1feb9591996e05c0f80d03,6210277a2aac9bd578fb54af5ce6c47ab14ebac358b35bd381c75026ff5979bb
62e8e3257bee9c5d5ab61dd3,923b5eecea6248650d2e70f530fb145f6606db79a1e9e9c25cc9c4857b816568
6294e11c7bee9c5d5a669721,bfc1604182f8de99f1a8b9fab392559343c773fbf8b4ee5eeefa9d5b324ea6de
68c9056ae3ec279a55bc8a52,b8ff0c17ba933832b0f99c6464a08a4269579e4ef5984d2295543357064f632d
5ee328e616d97489fef1f10a,3f13d306ac6b860b368b2606e295679bbaa5e452662f6e69efa74b99c02477d2
6a1fea8091996e05c0f26a07,96436729b669c93fed006e091d3f058165c5e2fefb5c3bbe4173dd202b59e9a2
69bdc53c91996e05c02b59c4,cb7afe38e90ab6b4fa94bf2e6aabeee451269d1ed03462bc936e0b0cf13cde67
6258f3627bee9c5d5af2c15e,66c8cd52ca49dcbd3508bd7c0885eb59c7c01c7227199132a4f5a9b633e7dd92
6a1ff0b091996e05c010d82b,e8bd80bd6b0a82b23d038cac046db139bba0b729598646568a55ae89d76253df
6a1fefb191996e05c00c186d,d2ca6b190ee5d4c34886b4766cec3ac77ced7047ae8a39000f6acc28801ca897
629906dd53c65bae2e8472c0,aa9a4c4f260d687fa600e0a442ddeda6ad91d9546d0b455e232cc7d980e84c59
6a1fec3f91996e05c0fb6660,f30fa7bf7e2c26dca6904bcad4f30c3a75519769dea429c8795b679c5bf88ce2
6a1ff02891996e05c00e5148,25c03a6ebe654ec43cd63cc54e7dd2c3a4e5ddf8153e8e4f8170dcc3b9706206
69d0b65291996e05c082c029,557a6cc1b6e37da0a3a33337000e8787ea8e689e29e01cb1d050f744edd71d4d
6a1feefb91996e05c008cd1e,76afb10ef48b2df17937333afa7dc1a80c436d42f9b51b68e38a9b12fe233ce6
6a1fee3591996e05c005121f,bc033ff90f8b2d40146b8bec879ea2098e16ef0867d093ed96752b66ade107a8
6a1fefdc91996e05c00cee14,9c04192405f04381966b3b707b7cf3da71bb6bf32d4d0058d47c9753650a4b5d
6a031e3f91996e05c003623d,ea3564b751e2f7f46d3595413300570e87ef1fb1b95693ea936c9a3c0b8b40f0
6a1fef6191996e05c00aa7b1,8a5cf3dfba7b8c0a8f3c45be4f412199627f96ac2560205d2cd97c7c01716975
624c20b07bee9c5d5a398e07,18832419772aea1699d2fefbbd2b229d0c6d83df2e95a28065ae2dfe55acf20d
69e1288991996e05c0741dd7,abbc4cb7e41fae38bf1dde5d67ae89adbad360a907c2bcd57d78f9b64dedede6
628f413c7bee9c5d5a849c41,ffa52326cc3acd9caffb4b0e456c18cb69c646ee3873bcc262cf46d07ce096e2
61469739ee3b0993ead4c396,6c237a6a0e6a6de6775669e91a49d83a651b872bef53c333edebef04fea555a6
636a08617bee9c5d5af3d6d9,6e0689214ed4f7e1ab22a92c2f695781ce90fa40d6ef7302d775aed93ee6256b
6294dc3b7bee9c5d5a61e045,922075ef79651890ca4ca2883752a68590019db4eca618cd13d1cc9a43d62f41
6a1fefce91996e05c00caaee,d6e40e458b1a36eebd85ca83a2e51d70b6943f0e4e6e81d9bcabaf49aafd1065
65df32a9cf21b2948d313969,654e5393857efd7b1e32bdddb8f2b98fcfd9ff1bd341f1df8b76be1c3847b8b2
6a1fed0591996e05c0ff2459,097cef1f562bff922ce5dfb874a8f9e7633a97a0695189e3fac8be904800214d
68527a1cab7e60756ef662f0,e99ffebfd3919e235297a6e0328f09f9f6e8ffdefa91f986dddefcfe5bfb0839
6a1ff00c91996e05c00dd52f,df038694dd6a644e3ca94f9beba5dbbc26c02a5ee27b0d3665315a2ebb50d1e0
64b7d084cf21b2948d3471f8,917b36035f3a3082216a63365e0dc0a423f4b221fb03482c7dcd744a0d60226b
6a1fec2991996e05c0fafe8d,d1b70656884d8865835e9a437d26045e2743aec7b11198e8a57681f37d05d731
6a1fee3f91996e05c0054124,d9eb5cf8bce9f50bdcdbe528c4de1a6bf0046f89d68b513ef3418a30d3a91fe7
67135098ab7e60756ef22018,573d9e1edb2a1f4b2644acef4eece2de15a21ebc3e20cf2949949ed637495502
64afe4adcf21b2948d637b01,204e6dba3f1d8560c521b4ce491ad285d32b53c8cada148cb7816669daf96b96
64e48645cf21b2948d08a411,34ae23579fb4afd41aa280622135ed3be03b039962a2fceabf2cb45031ef5d4e
67ea2adbab7e60756e7f22ab,7913ede8573576a97c1119591066330ce529975ba8814510ab070c68e7b19672
6a1ff06f91996e05c00f97a0,64bc59bea88d86d6618743b5ca5aab84719102197ff1ce8b247f2472c5132222
67f1174bab7e60756edaad65,bea1fb2cd4705d82fa0479381a5b2a1d41f6cc0a5c13e6209f089c39e1539950
65dcb182cf21b2948dc8ccfd,89bfbbbb367ce222b5e05877d7f3aab5ad04ed30ae2830f7c5643999f1c0884c
6a1ff00f91996e05c00de103,cf80accf48ae88e088c577b81a497fa8c1364cfeb5d5708f556e79d20c76ab1b
69cfb3e191996e05c036e2cf,683d31f0c8b343c98b90f553a4a45747f051d8afa7a555a9d0fa3da239b3df6b
6713587eab7e60756efff6ca,193e33e84b0594dbee1c903d7237930ea1159bf4b50704c4311935e4760b3494
6a5f300791996e05c0f153bf,6548a3f2337b1f3e6eaa3f25f9d1e6e66e7a1373e27675f23045aad8135c8f27
6a1fef6f91996e05c00ae590,5065cdef64ad4322b7b353496ec74f4fa18b556979d5b01265d7f7597aa31b95
641ae8177bee9c5d5a3647b8,e0dfbfa3083edc3291a1db2b43101d0eea2984ae6be686f9b89b8aa37863f068
65df4a7acf21b2948d6ddc34,be35303cbe200f4506bd7535c9569e3ffe9dde6c715172c53232405b653250d4
6a1ff05691996e05c00f29b0,f19400d75db780a7d12d745e2296bf724987a8ab751ffadc7c08c4829e99c339
6a1feb6d91996e05c0f73e8a,e31480b7b62e0f1d9e6350f3bf6fa942044decc5cb8f3407e66df625da06a2c2
65df4fd2cf21b2948d7aad6b,b9d7edeb6575c003f49ef137c368982c73f7025e13eae9c36d75b75c0b1a6bb6
6a1ff00891996e05c00dc0f7,ce0d37e773e9ce9deda0328ba27e15fbbc4ec76a3ec62572a33cd017beff1fd4
6a1fee0891996e05c00434c3,d09bdc3f0c074525d6beda198aaac7729a49eb7225c459c3f5e495539efb8ffd
68242a77ab7e60756ef71a72,0201473f3486c61f3f13b7661f5c885867450f41f943ea8c196912ad547a5c0d
6294dac97bee9c5d5a606133,8a69338bc63461380f2a382b920e44f3652d240ed6fdbb540baa2b30e50b28d0
5ee328c916d97489fef1d4c4,d0f6e92d5029c8eab4aeb9754ea7abda20a0cdddb4ff95313a8448922e6972d8
6a1fef0091996e05c008e965,4660de618021cb186ef3eb6229d4ec57d5b9192d4f0fa3ace30e767f542ad360
64afe4a8cf21b2948d634d69,e98c131b520bf41a09835b13765a9e5ef5d569aefb259a3002abb30e5405a156
6a1fecc991996e05c0fe065a,9f0abb8ee99b1e83d5c8855a30791cf65a0ddffc391546740370b2770efe8ad8
69df9cd491996e05c0685a81,be14e809eabfd608cd721eabf4838ba51f4c4efe4f5b3cc99f3c16353d9a1521
60d700fdee3b0993ea135c9b,eb8c3eb80c3447c863cc385c1bb293581b6f1a6bde88877d207ac5d945261e7f
67135856ab7e60756eff6f7b,0897fe198aef240f64e6a990eef290dbc7d29e88be74e83a41e0b20d0dd57bd7
60f90982ee3b0993eae21313,56bc3b0e4a38fb12390906fc5f71d35b60eb4f98097e5f17840b504ad96c66e9
671357acab7e60756efd2a11,45bff16f1d6a7806a299983783059a2d40ee671722409b50643c94be8912f076
65dc8d7ecf21b2948d7226b3,5e115e044f76cb9e63d7bb5aa787f324506ad1c8b47b9fc9f74104ecbd66dcd8
6a1ff00291996e05c00da35a,a119db5d4f22c0fd8a9ae634b236fededce6732df122c91ac3b546fc3fb5acdc
64e48613cf21b2948d079e25,ed6724dc126cc1b85a61d4c9c23d96fc8455dea64aab54dce09d2b55222421a4
600184337e23857eea05a858,d1b9580a542fe4a633b4d0a711abd053e3e77b4e63ac1168f03233677fe38298
6672be10ab7e60756e1ff184,07fbb07e5f9c9288f147ab6145f561ed446074fe36916e54abe8578646a55546
68c7ed5ce3ec279a556e2746,9ed6a8a8badcbc6edaa26ccd528dd8e182065196250cac67564714c6703082a5
68527a50ab7e60756ef6db58,6458504f1b4249eb3216e970db13465f3ee4f99a8d46e975b0cf769b24f38275
6a1fed2691996e05c0ffbc8a,056fca8812cf5785b18612a02c8f76e328b37da7267241775838ff1a06f0b91d
629907d853c65bae2e84d291,0c345f9a083cd6cc585d43be1ddc382faba9698bc7e324c28bdb41a6041d70e8
6a1fedee91996e05c003ab0a,069f803c04afcde5ed30744d1a8fbe58ede17565f7da808410b6fc820745be73
6298fb6153c65bae2e7ee63a,9d4a9f6d6f22fb47ea32b1ce0b23de461709265991ff87d7074ee7314dfb2ab9
69d013cb91996e05c0516ac6,189d18d893f3432f7ba3a590a6539a6e4117a600a121456a16eefdf721daa001
6298666853c65bae2efdd349,749be8f9199c052d68b542d128e4d13256a09f0fb9106215c990525bd88f3021
63cadaa57bee9c5d5a7105b3,277cae97c9d53d90fb45a12ca76f00020c05a7045ac9a8d1969b0009c78e17da
6a1fef0691996e05c0090445,d790a7d19dda88e9e9d2ea159e58b59d2f5c26e7de5fd553140400e3df9386a5
64afe3eecf21b2948d615def,1500ca2864aba0762ab0d3c50e474ce65a260c4735dcc8c20b0b8f30319901e5
6299080953c65bae2e84e4e8,053797c3dd49819929bb05b1018ada2ab10f831d24dd430f1e9b1019c5d4449f
5ee328e716d97489fef1f1c9,ded1edd08f25b906adef1ee34c4d2a3b071493e4a94fa7e47b8d4085bb7002c8
6a1fed1591996e05c0ff6ce2,65c814428709435f465238b777d03c1eeb54431dfce2b9ec28850d2332f23b35
69314532e3ec279a556ebe47,7bde88d3624049e385cdb1b147d995aabe4813030d70c67a05d15ab05dea3548
629904ad53c65bae2e839870,01ef326d463837ef51807d15f51997e9666cd3c1f30470ab97f844845100744b
6a1feef191996e05c00896a8,0f2c917ce1b8d0fa5efde183cea25c3e7bc1ffebc3ef84f35ddb53623208699a
6182473d813bb28a90e5c0a4,0caf206f173d09c8fe04919fda6120737759386d284fcc383ae5cbcc6379691a
6a1fef9391996e05c00b8be9,4bb513d95e0a78ff3f82fa62a0dc354cf22a056053a94f08f2f9c61d22072cc0
6a1feea391996e05c0071984,457e89f487749a2c77efde3bee526a11ef78b3c3ca46a5db9147703525c49ca9
629916ef53c65bae2e8a5822,dd1db1ab3db871467721fa9a607a0e945a3802c7cc4641071c55eef839e11616
6a1fef1591996e05c0095010,3d866572c01d6eeceb3ad616dfc746e4983b0ecfa58ee7c281dca75244043f1a
6a1fed9a91996e05c0020143,5fb38d0ab20b4cf5f008a42645cc9e294e6f0bea646287ebc0902624cedb75af
641aeb4b7bee9c5d5a3b8467,18740eea28cc4be9670d47b6f5b16eacdffc54688fff890ee90849454b57b059
671357b7ab7e60756efd5217,187e7d2c059709d3471a6ba6c29077d990e849854767659042e957c5940456e7
69e12e4691996e05c07bb223,299b6922d03534014d70a0eb926eea22d535c7b9e5fcef07936e506b6f6965f3
6a5f2d5391996e05c0e90fba,72c02e427158468e3ae23c207bfba12545801261b578f0b6478dd7b34d3b03b6
644a6e1acf21b2948d423d08,69b1107bd3ce6fd9b0cbce8226cc601158895815c3dcd9ba4ebef7ddcea8f96d
6299061653c65bae2e841fe7,320c52ddefba687f53cdcc60349c0ea25f40cac90092b18046a06f9793161fbe
6a1fee0791996e05c0042fd6,ace27a3047022e25d1de87788175efe76d18441064cba61dd77dc8f74c2befb2
6a1ff23891996e05c017bc9c,bd22941afe413ee310591390bb57afad0a09673b05f1e544a3745defaa941348
6a1fec8b91996e05c0fcdf1d,4996f713cf032fa2d09c2ac580109a3c17a257b63d0ba90f71223d8fc380fd95
64afe988cf21b2948d70dd4e,067848a8f74a55f732435f41763caf1c5312efe3527821e9b07794c171057a4a
6294d3e97bee9c5d5a58a4c5,398f4ee618b0da1a98a95dbdb71af187f1bef2676f01fdcf35d7a6b1a085627b
64be45e3cf21b2948d0fa1e0,4b01be80429eb0e3cdaa61cbfb536bcfadba2cb14c9737249d862911b09bc9e9
6294e0b07bee9c5d5a662dfd,cd2a443e5e9466587bb862652b40c571061055f8933b14861b9d381d445eb20e
628f43307bee9c5d5a86570e,6dcfac2cc6cbdac281ec0cb93a8429e2d6707068a644d7b07bd1e840c335fe8b
6a1feed491996e05c008090f,4fedbc65a3bc5c88df4b9cd72a7ed84100736d8c776b30f1fe201860ad36a129
6a1ff05291996e05c00f16ec,2a2dc1641dea01ad1cf2f129d745b910af2a15f18abe10735767613f7c9dcd77
6815ef17ab7e60756ea4248d,8629cdc13a9183f7961bed3b32fdb77c4783d5de697f38fa9a01aceb24f0cd9f
671350b3ab7e60756ef27d96,ef0df23077f3e6ebe1792ae3feb7679aca3233708ff5155b7cb23b2868820a69
67ea38c8ab7e60756e9826ed,698730cd0291469f5f2e5ae36db6bdaf61fc18743af190387dff138d4ca52ac4
67ea376cab7e60756e957926,1cc3d100b27f92a58ace8d7f078971ebc01349833f6d7174ac88158259fa88bf
624c03377bee9c5d5a2244d2,013adfc0283c18be70191e9c5bfacf3c08e01d767e45d6b44801f4b29712569d
600c0e3f7e23857eea6ef321,8e3c185ac0de50f63b027272ef619fb1f7b2656f2b8584da3881d56840c48878
6a1ff05091996e05c00f100b,1f2761d47e9573689844a6d17c8117a900df2337c9c89f84d8488ae90afa0541
6a1fec7a91996e05c0fc7f52,d106a3e46f8da5c5c6a9bb256d5fac06528978a5398c748565be10fc1a2d7a8d
6a5f299991996e05c0dce564,25b9bbd77752a06aa39a564e199f243b2cc7553310118fe498ce112bb5f9cc6e
6815eec7ab7e60756ea370c7,7d4ea17a858773bee8060c85b4445147cdaca8070c4a813c49d1362b62f5f11b
6a1fef7791996e05c00b0f99,aed8e2f5af9cb2595f145385a559d9133e548137b89ab4d115e87392251d30e0
6a1febf091996e05c0f9e4ca,6d647d8cc13476ad425142c24d1f820a9f5eae818031a89fc0a8661c9ad55f21
62ea20187bee9c5d5a8f760a,40da856faaa0e7ec4f0aa159b52bd40b2e23a597f724165c130133756e558129
660fca78cf21b2948da2f9d0,bce451772250b0a5864fc175a688f3fa0352e0db575ea6759035c4b8f4afb5ee
6a1feb2191996e05c0f5a78f,42f41cb6ef9a7022a1565e1cf16b0340b83cd4c2057772f02d9d598d3fb1dbde
6a1fefc991996e05c00c93dd,18f586d93ac257f4a097e9e6f98e430a64f696a50ab445c949ff2b235ed652f0
6299114753c65bae2e887268,9b6765e4baceadd6e775cbf63fb7871e8e015d9947b796d71c3cd49f6bdbf9f5
624c09db7bee9c5d5a29280f,45b230a8aa939cbb9d79b38f1ee89ef1890bba60fb7ce99f360bf762d9a2ed68
68527b00ab7e60756ef88140,1718a0cc4df436be79702b48e65f5c658bdd909893923047a014ac5269729f2e
65dcaed8cf21b2948dc36429,6bc88e36b200f3b85d87f3d028ffe5a3727413c44b14f9448b4f99e131ff8d62
636a08397bee9c5d5af3a422,f6a273c052952277ac8b0ffb2e99a2cfb47135a55ea564288c333c5b940b63df
65dc8b93cf21b2948d6db956,66bde0af0aecfc1581c3001e6df035c1a888d02b41ed18b6d595212792fb6efd
68242ad1ab7e60756ef7db4f,4453238d3bbd3bfb40727c107b52ff889953dc23c51ecfa283337e8b5bc5b420
69d1f6b191996e05c00de536,99bb7fa6f73caea188b7b5f71ea902a71d99500c748a1a695027095cdcfdc1c4
6a1ff06a91996e05c00f8599,a823b9a5e677174cfeeeaa96d13b81a979aa938d5030bac801424bdc1c71cc06
68878f3ee3ec279a5508f316,e01fc2e886140717ef5a783e38d9863222350904016d8273583edc7b9cd92288
6672bd6dab7e60756e1ee5a3,85c2d48af04d99c6eb0af4bc822963177946e3a5a6e0d55855d690f0431c5051
65df513acf21b2948d7e26c4,41c40eb0597f9f1e3611dbad4123089783281cb7551163a434d648f1a6eace31
63cad36b7bee9c5d5a6be24d,e2b1efb2b51e2ce8eb5b3ff62c0eeed33900b5e4d97fa7d496b97da62556fa5b
6a1fef7a91996e05c00b1948,337c495ed854a44a9ef5cf98a60199fdf70c0556f7a7ccae2708ff5e58999a7f
6a5f2e0291996e05c0eb2de8,b92dd1744c7744e639dd61c8b1265534e1250e1d42eae2d0983b8994822bdaa9
65dcb07ecf21b2948dc6c0e9,f356d736b1615c4144ef8e30997f42668c2a744e3f007f250b66785872f5deb1
67ea3738ab7e60756e9510f5,fa235588a4a053cd288702dd5f5637b0bda372204acbed32e070b1b3257c9b15
6a1ddf4791996e05c0fb663b,8e986d6e02353ca99bc753ed56096f1008a4f5a9837f633c2e305c96346ee156
6a1fec4d91996e05c0fbaef0,2d99175f2ad93d40f9ca91b6089a113763082aadb4e6e00d212fa2d9100081ac
63cac8b67bee9c5d5a612df2,6d1a24733d39e559c0bbe6a9095d0f6e583915a738ca32a4c4665c1f9b941eb1
6a1fed0b91996e05c0ff40dd,65883542db92948b78c35a09173294708f32fda3135b8eae30f0dc7806c5d1f6
6298e29e53c65bae2e6e20c8,372ac8fcf2b079c8ed6a809b2044ed1c3195df9e41b51c1f0d8f64f560a8fada
6a1ff05591996e05c00f27a0,051f3f5974d319e5ab924794eb7ded77a78f71fb606e4e33e3f5cd746b2eff87
69d0139a91996e05c051332d,a6dd29ce1b614d8bb2d09d2df6573a255c573d06bcb10528f8cad07030be4519
67ea39edab7e60756e9a7aaa,7bb2a4cd7797da1db80bdd801b0ff781c4e5acadb793ffe46b6dc4f3043b75d4
613366b6ee3b0993ea83fa66,fa82208ab2f435d8d9a085e0f5e17d4ce6ef9bc63b2458e4a6b8df21f121ebbf
6a5f2e9b91996e05c0ed1a30,ed3fff6b91629a7ac4bc6d50e26ba5b4c23410e8041bbd840df3f464b8ed9dc5
6a1fefb691996e05c00c2f7f,d111f01b6ccaca7cc64605c65127978e200b94b60e2afd190aa977cab16e3024
69d016a291996e05c054301d,39e3877045a107a8fe459a173fb655b0209fd6b1c1f51e2d69e55af4683b4021
6298bedf53c65bae2e4a787b,86abcb1584bca8b12d200d7bf30de65ca00ca1503452cdd0394d2a820a86e9c7
6a1feee091996e05c008420b,b935b314b2635bd1bb620175ad82cc867b60fb7b569d09dc1275eecc04dff4b5
65df1689cf21b2948def10b5,d527d41a4cda4fe6f95e2dacef6fe31f672331877c71def9ab49b14aa2fe7ae0
69d0083b91996e05c0407402,e2043ed4da55fab6221cc86de8de65a46012eb1e0d03cd9a6e82035c4323a56c
6835b3aeab7e60756eae01d2,c452345667d11f5cdf35bce656093d02ae1b3c1af69d9b1837117e8a8a58216c
64afe49ecf21b2948d63298e,44522a2a8121ffbdd43a39a1b7faefa7762cd3ca402bb9c0deff6f0257c0fee7
68beced1e3ec279a558d2281,c658f7bee4d421f49ccf1d10d44fa1425077b82b5750ea24461ac203fb2fd749
641ae82c7bee9c5d5a366aaf,843c8704eb8592442810ce83ca04f4f40402469194218ebf73c04db9148f2fd9
64afec0ecf21b2948d75c97b,66f2863eb978e259e259c9e75d9663c5712ab3fc9f6ade1fee86883ce2af9574
68c90576e3ec279a55bcaa24,1e4390c33eff26c7eebedfaf452fb9c8a440733679386863670280c0d066ac03
6a1fecab91996e05c0fd73d9,2664d6b6f468b650487a944ae7a3f7883e04e474e533a1cfe5e1a036a7e77c27
69bd714291996e05c0c450f1,7477da8d13d8ef9fc808b443e6fcc96c2f3f953106c867eea7d07b56b1f04335
69d0b49791996e05c07be485,248386788ba5a2cd4c5362ebe8d5dbfab8782c72e36609c96fbcb38f0c27a829
67ea37ddab7e60756e9658d7,1723d261257eedb7c5faa9eb449a233e4bb52e4016c12d644f4e790907f67b4f
6a1fecf691996e05c0fed88f,ca4051efc293661f8abc12a59d252be1b7b852e0cf734b8b2fc45106e1c9e504
63cad34c7bee9c5d5a6bc907,a8960a3acefa84e9ddcaf34680e1036e76fefee1f91a944b26efc66e2e77aede
6a1fec6591996e05c0fc18cf,a4ee0fed56ba018e2291f94124a08074079a50624b68cf2f42ab90a2b8490139
68db7085e3ec279a55b43c14,1b967075bb3b0b2bbcaec11f24d8c8294af6b2bbba823d3c190cc5189fabe37d
682f1ca5ab7e60756e31f132,1fde9f07a745058b3be312e394c94772a76a253e20361752697d908188c1dd2d
625f0ea07bee9c5d5a6c502e,f38283ec407724684db0a508a5239f5cc0cc883f9ee4589e1dea31d5c780771e
671350ddab7e60756ef30541,8880ccc656ac8a6156ea49d86c838a732aed5ce93ae15553a5e6f4c8aed54bf3
67ee831aab7e60756ed46c5e,a7cde1085fd211d28d7955596627fc8bb949fbc0b5225753d08f751e98f0405b
6a1fed1c91996e05c0ff8cba,62ae6f433cde50fad2658e06e4a504b05912b8387adf32ed353b63b3850c74e7
6a1febb391996e05c0f8a5ad,655531583ae8053a28266d5b7460b3226a97ed4781c67323ebda1795b0ab1d96
68c90531e3ec279a55bbf969,678818f068879822478da1c8bab02ca1e96e3255d3be0bc50634266972ceab89
628f418a7bee9c5d5a84e4e6,c30774cea6f87861a72b8d45aa3330d237223c30f4cea8efeb5b62e0df623f03
64afe4aecf21b2948d638196,76efc1f50f32a498854a532c494bc7d28ed106f61917e766419d7a2f0502414e
65df52aecf21b2948d81d525,c51e20e4da58a2f1c8aa32ab9fd187bab730ec88a134fca6ef0eec9ffa532348
6a1fed2191996e05c0ffa4dc,6e0b79c0519838303846c5e6b09ca6e527c9950705215b43bbe7ef241fdf9668
68527aa0ab7e60756ef7a1c9,10b361b597ed22478f66406cdcfe98f363637ea7d8c8fcee528142fde5423247
6298af8f53c65bae2e3a7729,c54ec56d67719ed641f725ff71e0e3d668468be2d38ad0f92d776c3b789f6577
6a1fed1c91996e05c0ff8df3,a7f216bfaafe5b6ef0c40d516756c5df95ad264601ec7f52dbaa2bd5600ecea8
6713585dab7e60756eff8b59,bfd1b5dd5d896dca0010cb0e1eb1e3db1153fc568dd42c03b1afb4657a25eba0
6a1fed7991996e05c0015b3a,c44a5cd2257270f9464f2ed60ab4b5bcd109727fab478ccbb34e27a8ba0f0527
6a1de7b591996e05c005fce1,714f90bf0238f7b27530a77352b01098fe1b5b4789f2b219eed69ddf99e53a64
6713586dab7e60756effbb8a,31a669037f411c78a50f53d24b647291c30e2aa52831c7b96e436d89d2f1d848
67135bffab7e60756e061e70,e1da8313e003d042811e4b1be5d45351c7fe425af37657f9de1abb549cf78e81
6a5f2d1991996e05c0e86989,65436959c591002350c295ce313fd6df92c3ee8321c75a0271c970be55017717
6a1feebf91996e05c007a3e4,ecb9ccbd02d4fd065877837757f4f9b5f7750f1a06d11d791de6355fbd743c91
5f2aa57d146a9f17ffcdfe94,ea679a347151b79922db2fd739b8c4c57199429a018c69001d64767cec97a855
6a1fef7e91996e05c00b2d4f,f7bd21e353e20a1d284d1093b1782d918efd2211be343432cdf5b4942a5bad8a
6299223053c65bae2e8da1d6,3f887b7e7a337f53aaef1e21f48aabe7e68bcee8f9e7fee91098800847907af2
65df4611cf21b2948d631f0d,ed4ab6d5c7506b7e1dfbe6e330d7b67071a7956f54ee5ae7797eb1e159f3560a
6298e8d453c65bae2e72eb82,d06fb072f537e01434fed64b603416821156709a367993ef09fd945a6791cdc2
6a1fee6491996e05c005f3fb,900e248f8c921ccec90f0adec74a6f912c4b3cef509fcb99857bc1c80ddaaeda
6a031e3591996e05c003342a,28f5187b3ee6ca6bc7a566c0e7b5b42eeee99101444daf7cbf016e2ca416a689
67ee8551ab7e60756edad23b,8a53093ca56ace397b2edd7ea1a92652d62b82584b0be1e41290ae885c4860a1
6a1fedf491996e05c003cb24,27677b1be09317a629d95174eb7d5bdeca82179f086b70a58111f04540a6d042
67135c1bab7e60756e0680a0,8fcc0ae1338308fc30ec73d5b9f710d1bb7ece25e125f72498dac18f5265305d
6a5f31f591996e05c0f75866,bbb41e103c26e2a637909b599b21fc57f1cf1a7f4e0b61e220b6f95eb8e86c97
6a1fee6d91996e05c0061a1e,c9e5d1a8cd2103a9cd2aa8efb7991ca98b7c86300cf2d9990e0095b20a3a91b2
6a1fee6891996e05c00605e9,074a23854dd47578df3afb73894d5f79e0c890672354012ee9b12e6c27bbf1b5
6a1ff05391996e05c00f1c73,05509ffe707a22873572604a668e9706af1aa88b495c632bb3173c60773e2ea5
64afe4a6cf21b2948d634574,e6c1a9f5455e58dba5f40831dfdb00d370c9c8cd93ffe21ee4562134fb62366f
67ea25a9ab7e60756e76d69b,e0a65836f8aaddd892afc9cc02e935f73be53b40c0fd74a011d1598b362bc11c
66584657ab7e60756e6b8862,4f58d16aab5beb6d1f1d011fb6bc750e3f14dcc25785b84d9fdb4cbd44c79df4
6a1feba791996e05c0f870a6,dbcb86ddbed6b8a7189bd6cfbe2f10d4f97ef743824a2ca7b6baf38559ca4239
6a1d728f91996e05c0ca6f9a,68659a045e1f6737973d483dc41cfdbfc1dd4d52182ef7568ff7b25b97d684f7
5f0311184b61bb08c2e64063,ddd2d824c4dd2299c269550c051167466b4f08763cda6137e01b00bc289f5244
67ea27f6ab7e60756e7a6d58,4de7280bfee9de5ecd2864333a128e03a42445ca190d83a2dca3e265fdd2e260
6a1fecf491996e05c0fecfed,5f6085ca23dad62fbccf706bf874f78e4f1bd9e974bf20cd1d9c9547d9b9360e
6a1febd291996e05c0f94cf5,58e59358e7a69ba111d06ef8a08e360f8f80117d4b862539a0feaa5f1c9b5693
623d98d07bee9c5d5ab4b0e2,3286cb947af16b7b3f1f1d295893c9eba1376d899b19acd7d8a98806a6eee6ed
6714de72ab7e60756e41a96b,9a5e07e9553ed54a48e8415d2a2edf1fac5cb958c04636f0981f09df2996f35b
6a1fee8191996e05c00672e2,1917b1f10032ffe26c2878293cf594ca11dfad8a9a3eec4d6f62ea30bdb0542b
65df2c3ecf21b2948d213159,52e0443b1fe658deb21b007aa5f27dc84643ac90ef93b5adea939029c3b41fb1
6a5f2d2791996e05c0e894d0,669b6abf7119545f3519a47ce7766ab344008944968279c592beee73d4f4967c
6a1fecdb91996e05c0fe5db1,b7a3e8c988ac5f82a1de1186ea1b282e9c6a45dc541fa05ba5a30b5c65920069
629900cf53c65bae2e81cb05,51799264521f8b7002b06fe1d8d096a8ec32b9aec63f12e307408d034b4096d3
6a1fedbc91996e05c002b4ca,25d539ceb9471d62c7cc8aa024f757ce37aac5d1e8382818f5e426067c2e9aa6
641aea107bee9c5d5a3941e2,e11e45a497ca13223abf99b3fc4893a64e0ea48022b1c57fa584c004617e1f77
641ae80d7bee9c5d5a3636d4,da997a5590eea9a9996a5d8128b1c8fd1735e0b8283f3c4f927fec721f19964a
64afe4b3cf21b2948d63b8f0,222ee325b605280454055a24b9ccbfd5fe3f58f8ee7485452fc1411a1fac9b49
6a5f259191996e05c0cf7b67,a35fa292ccfaf125e7335a17c42f47e63092fb5b5869e63f6471115491cb3b36
6a5f28ac91996e05c0d9b5aa,e9da86928aa0c84b38702bbd8ff5fa25be6bd84c3177c2277b1df3d1cd9110f8
6a5f33b391996e05c0fcc946,229cfa496f968c77a7eabe1a2ef6c4c980e49a299c39f1559b102b9dcb5bbf61
6a1fecb691996e05c0fda705,66d6196e7e92c8e51ece41379371f39ae4ff86fd86e067da924b71b655512d8f
67ea2672ab7e60756e78049a,c4d20ab1b13e948c7097d4d6e60655551fff052db6d215fd9ba8df6adb884695
65dc657dcf21b2948d1b312d,0b165a7605a7f188dbab442f456fcd859e8619077bb4effaedc60026e009c461
6a1feecc91996e05c007e680,78c2fdc616309176786c743aea5749506fdbbf7fdf1953c4442f8bc2d5c9e37e
6a1ff04491996e05c00ed64f,e5d035521298b525424a60b527cdc04d22a858d278ae96bd9d4a0fe08c60aa3c
6a1fecc591996e05c0fdf382,30d9a1901c8126d12db2c156be005563e6e51ff18067a5ab33736310f538650f
62e8e70d7bee9c5d5abc9718,68d65c5daa21b11f51087e81b3ea750eadb2623921df6d3c6735f665ba65c80d
65dca730cf21b2948db1a778,f8b6d09e9d8979335d5d03d8b6cdf5cebd6eb9fcd110c8ae08a9508f570626ec
6a1febbe91996e05c0f8e1c2,9e76bebaebd360e80822ba90e03858b2ff2749155192ebb790e6d46209891f01
6298f00d53c65bae2e7836be,7320cbf1820011791992f7bbfa5bc3e25a5eb662ed5eaf84efb07f84339a3aae
61dbcf5e813bb28a900744d3,cd4a54fa06bcee220b7319c453a28c471784edd75133f501067d463bc1828b71
69bdcb7091996e05c02e4df6,abc4b484caf04cd1dc669afaf4bfa232c5ea177a28e1c430cc35654104fc62e0
69bdc56f91996e05c02b6fbd,86747fa81dec62f1a28fdcb79d4ab00c49e439e515e9aa5ba44dff75e1fd404e
65dcac34cf21b2948dbd17f5,301087180b9dc6677542de3bac0822c2b80fe3307f351104dff136cceba91517
65df522bcf21b2948d8085e2,200aa09d9e0f95313aed464e14143dde98d5c98e0c6d8d770e94ff6a1c3e1acc
65dca92ecf21b2948db64821,dcd8cb335b09664da8bc02a54e95156f6d330675a2004444b07f930cb1b622f3
6a30f02f91996e05c05578c6,43834e9eb58ba97d08cbe2e19457d8d7c7599ce8fa3e7e1b07d8048a2ef15b99
6a1fef7491996e05c00aff69,44c735ddcf5fb2da7c36145b5200abeee6e8fb503ba8ac77b3ef45dec630568f
69e1530591996e05c09aba4a,f0242588b491a467013dd6e016ae1e41ec2dc14d0ea95894e3cdbc2c50b32643
641aedb77bee9c5d5a3ff9b9,29523ef84201cf23c575141c8c6ee9222297811b48c592ca957cb80fa8635aae
682f1c9dab7e60756e31e22d,8ea81785b66ee801c7cbfa3526f4f13684b2e68bb69a03eaf9d2f7bd729275a5
628f47df7bee9c5d5a8a2f5d,87c2793d39fca4cca938b4222884e3a04999720c8810522ef3df07246132333c
69cfec4291996e05c0051037,9926c46caebd1d69d44ce0418e23fd11022dd24c9717ed3ca683409806b15709
65dc9314cf21b2948d7ed3c7,9958a77fc79395977d6d5012ce0e9d3c2854a19cad36e6f2c9101b28f4b6a09b
65df3e07cf21b2948d4e6723,4d86b4493c1a1ec2078dd0924376dc8a65aca2102c3638c640939ce264ba5696
6a1feb7a91996e05c0f77dfd,fefd5b044ac065c6769923c49c0cc837725f733cf987bfbe92fe355db360b201
6a1fea2791996e05c0f089bc,857e021089acb73de7fe04ddc5867b1a2b23a63dd4c2c79149df3376f3b29549
6298fc3353c65bae2e7f52fd,c6af58c36d473715a22a2dd6786f3281401eb6cadfc53cc5d3747efc2cde1584
639587357bee9c5d5a1ec35f,32ca0f53116b48e5a54146e61a6663554abd2e481af8daf3f7a6287922144f17
65df3e35cf21b2948d4edf92,0028660b96b765146ace57cc7ca0051f63f67aa613a4b981698d799c880884ce
6a1fee1291996e05c004697f,3ce9d049a169c66404e131544bfe3b71ee9ec7928f5585133512225f3b1d831a
6672be12ab7e60756e1ff451,7a3582e4365e75db4859ba94015c00e57c353e1e64c815365c97c56788b0a9a9
6a1fed7691996e05c0014bea,06428cf77181b2e264877d8e17d9f5ec6688b996abde1f48fb8894862870073b
6a1fee0f91996e05c00457d0,62a2eceb6ad9e1e81ec33c994d7376353a25460a5702c5d113b29eb74dbc6686
69cff10791996e05c011062e,52075b24c9a84a8b68916f59a2f6dfd8e11aa16ffbeda0d7b15070406f790e05
6a1feeca91996e05c007da79,34f82bdd6077163c9e9d60a614512c1b298aa40b4e4abccd3ab0d95e6459f1ba
6a1fec7f91996e05c0fc9c25,d7170578502105b1f1fd68cb9a0db640db78d7825f3037d33d01751819849068
628f418a7bee9c5d5a84e52c,0c68e57fbe033a699a622e090b7e1488132f6840c94edbb803f6719dd0c276cb
6a1fecfb91996e05c0fef1d7,e0126a8b8f138a186e70f21238e1f3f1d2b66f79f071f9b06b44d655ac835562
6a1fe92991996e05c0eafbd2,5f752945528bf5ac7323d2d0a69b85c3ab16b09b102436fedbe5d9acdf516c3c
6a1fec6d91996e05c0fc40ad,733738b07053f48a04a25cc11f59621029f106122d0a8a6de801cd28173ab95d
65dc8502cf21b2948d5e448b,0067330fc2110be954df380ffb530d435e62cb616fca50def30b302f863d9f39
6a1feb4b91996e05c0f6873b,fa4169a91bf04957ed4d34d8fec7e693cb89c78b957463503d4d04feb2d4ab04
6a1fece391996e05c0fe80b6,e501a596e1a7da068ac18b108ac5ea29a700a78f3990108e5290ae4ab5f7e0c3
6a1fedd191996e05c00320f6,3a0d457966a1ec9315b6c649d5859aec22a953bba679b91122f060b5615a9673
69bdda9991996e05c0357317,1b6f54c047d3d834ea7de04cb7f6b707cfb116ad95dcbca0c031ac12029ed1f6
64e48611cf21b2948d0794e4,2e37965e5f661d5293793eca6bc2d2aae9b79c79f2befc2f2200af023267ab7a
628f40c37bee9c5d5a843fce,ec261abffae6ec1d85780abac82d751366b977de38d16df6dd24a81ba6d43a15
6a1e128191996e05c0259b35,4f9f41f94185bc24627ca0c32e9fd2eb8eafc3e63006abd42ed7d6eb4982c9a9
6a1fee6b91996e05c00614b8,487c68b67621c21bea14b33429fd072fd24e0ec43484e5b18d8d8df21b84e4f5
60d9a1abee3b0993ea7a3195,93e3cd1ee3bd5bd4232aeb5748d5c8d95421ed7290404547293ced58c738d65e
6a1ff03991996e05c00ea359,fe4c17ff751536fb605027231f667a8ee5d84d13b60f9e653e0528f8daf12d6a
69d01f2a91996e05c05da79d,83315d86e32580248a27f27d09426f16aa93a6f8ad3c496ef78fee4cf5095d80
69bd509391996e05c059e079,aced01c2eac3336c1b2f375e5d963728e3dd793098d0991f9a4d9534736ec10e
65dc89adcf21b2948d692dda,4234bc6c6d170c7184642fbe2c717c1b5d31ec526619a810bab14f2bc852ad2e
65dc992acf21b2948d8d2b14,6169a8ce4c0d853fe1a218b010ff2b12aff992442f1f3c43295e337eea5d61a9
6298e69053c65bae2e71301d,a51b051df9cefcc24f7cc1ca3727035ca3e15476277f301b79a08c10a09e48cc
65df4c63cf21b2948d72767d,84a374369c2ce676d0c3b2552efe3f5c69f07bf7e31533481c36f8a27c922e64
6294e3427bee9c5d5a68bb6a,0d8e51318f75bb3123ff5c7791ca93891c4e215d7d629cf844179ddabc591e8c
67ee614fab7e60756e79072e,c4ecd238e3fc599b16a540890d4e561a279982f256312d2a22af4cff7c20bf3e
64f00165cf21b2948dbe17c3,9db19171b5f32440feefbd8ddac97b003d63ce7dc1529b9c72ce12d4d06a710e
6a5f2cb991996e05c0e72b06,39e02e3a38dd6fd9490a0d3de2111db2e3bb865a06f899990cabff526286440c
6a1df45391996e05c011a83e,bf2df18670ac3109dac5f75a3b22a5a77917755547d611b4d12063510d24bb49
62e8e95a7bee9c5d5abfb28d,cf63f915dddd80ea4f95c38af79c922fcc1842a711439a9824f8b3cba096c730
6298cc3153c65bae2e58e3c6,0d239132f91b76b877a0b569bfc52756575b4360205598221d22494c759ca2ec
69bda7e191996e05c017a11f,b466cb450701e3d21d10fc26a020f0bebf077504de1614560ace9a95e4643e2d
6a1fecd691996e05c0fe44a3,5f811a7d2f12bb2423e0ac4411863aa6a47a275817fb076a906196d301e1061d
6a1feee291996e05c0084e94,33cbf51c80a24a5b9d5a24635e4bf809a96ab745a6392d44b7c6293291fc4f46
6a1d76af91996e05c0d89e44,0bacba19dbe642b256b2b226dfb523b8be2804b5bf62ee72d4f8b8d12f6f01ff
689afea5e3ec279a55401d1b,fec41da62d4ea89740c38c39b95424fcb453791edda349b1db1a55ba59b39ec2
69d2046c91996e05c03b753a,31d66e120f14faaf3212db39ab0944bc946c76393b971d907957ac84d1341719
6a1feeae91996e05c0074f82,9c900585ead7a89d674002f97d95af401ac18596e83cf00fc66e0ef683e36c12
6a1feeed91996e05c0088011,bcadec466d28e4835b2784109eba6fbd65a5dd903dfe4cd9d8e68a006a8e4450
641aecc77bee9c5d5a3e2d0e,6fbb7b741e667379820821e605e662fecf605d4faeeb63c8f9b9fedc8c6a3eac
6a1fece891996e05c0fe996e,08e58b0856a8a67fdbb0415d8687b8c0abe2d218113ae38caac8c96752aa6379
6a5f255a91996e05c0ced33e,74c54d975717fe59189c22943b294a213ad7a6e23f90210f62afb94d6ba9d311
6a1fef3291996e05c009d0ac,228b8633ab75f87268f6ea01da619e137b54cbbd89f7a24fb64b4c5973ea938b
65dcab22cf21b2948dbaa33f,70db64d69718939f76fb44c3b307b4895587db46bda87faaf3c3ba404d4e2b7b
65df3816cf21b2948d3edd46,a903e41a1d199430d58ad40daf4e49a8d16d943125722a2d2f3437016a091f06
6a1fecec91996e05c0fea99a,5f30bb067c10230289b13fb471eb92153fc6bd9e6c27e77d3642d03853dc37b3
6294de567bee9c5d5a63d095,a63efd75ea24763063e479347076d58a2856a218ec57a47a03d45de749062362
67ea2637ab7e60756e77ab37,8a11956f8e7c7f114db70d618e1555d612e4874b10beb34fd58ff8df0a1ecb91
6a1fed2a91996e05c0ffd116,3e6c23331ee55e91c33face876175d29d6cae5ceefcc85731072d9d7a1d9e1a8
6294da6f7bee9c5d5a601509,c3944c0f593a52fc275c1996e97bc01c045fa47980db3ad6abd40cfe5908d692
6a1de07991996e05c0fcc8a4,579022d429d2d5f3bef42b0a2145c14c172a7823d3532417d7326443b021c6d8
67135cbaab7e60756e07dcea,2261563937835718401a62513409dc8528268deaa874aeb669c017fc7f43d8ab
6298e6b853c65bae2e714f5f,def1e2569774ec0445f2521ed6359833907691076be02cc390e569551c2939d4
67135ccbab7e60756e081bbc,cb92b4342995e34bd1f3d51df41a554fb607c75fd7d0bc07df49a4c9e62e9d31
6a1fee7a91996e05c006534e,754df8d0e79623b063d1c432138a5c29a4f957ba2e384d9768ffc258dc649a33
6a1feff591996e05c00d6a96,ca0102d5410c5846711ed8feb3c08cd792ea50feb6f4807cc8d620115853b232
68b54534e3ec279a55b43ba1,df37a1d8bdc4824df40ddb98eff7dc80df85bdb91ad1be14587bbfbeaf5f0675
6a1fed1991996e05c0ff80f4,58712568de89b51781e42bdb516676cc79d8278aaefbe2c0ed5ec6a3ad1effa2
6a1fef8291996e05c00b40c6,ffc61e8c2ff13cdb4d4db4a26fc1a283be67159c95263a0c14203992b50d2535
65dc87f0cf21b2948d651f7d,c21e730f1e3a790b92bdb8a890bbf36ce55451f5adaac79c29c4acbe9c493c4d
65dc7d16cf21b2948d4c1da6,67b8f0cdf01f7bdf1125d069d46ddd9ef7f6be8fda21205268da0603a8425231
68242a6bab7e60756ef70575,06cdf168ff179faa8df8ba45cf87e79e7a606a9db25b26aced753da93d351487
6a1fee7f91996e05c0066b73,2d214cd3adc6560d1c9856418bda94e6ffd7d055356fd17ff0a7f2057e863f08
67135c26ab7e60756e06a1e7,fb4a6abeba3d923264ba94e11a591cace9e738ecf8674171b40f777c9b04461b
6a1fed6c91996e05c00113a9,1af671832032a18944fec2a109d6b3976968afe0c8ddb719920907a636c50e43
62e8dd987bee9c5d5aae21d5,2a862ffc26b6303d03fd57dc55307c3e725ef231430562ed47f297b450c232f9
628f44327bee9c5d5a872d25,329456cc55ec2f33daa8f437938395159d782d7bb45f700600bc21c8e5059b61
6a1fece291996e05c0fe791f,0834264b72f6d0a5b26f5af6dafd581cac4e0dbc5425ffdcec75861e7370f430
6298f92853c65bae2e7db7b2,8c2369f94e2da2f22a2e5135f77e27409beb8e413b324fad1a2ccb0ca20c0b25
6a1fed0391996e05c0ff18ff,73b9999ac695b41196053e1db6e29f6c58e91a006bb0c8b84bca3e21aed3b5ce
671350a7ab7e60756ef25951,662c0ac4b04656b6ae64a0d14fe78a691672bbdffd93cc0301caed0f71efa0ed
64afe4afcf21b2948d63916c,d9c40a6f3749d7237116b2ea6c15782d1c3d279fb0aa5d699b53e36fa84c32c9
67e5577dab7e60756ec6658d,d50516bc6128f705df464a6f52fff8bbf4e41bb17fe680f7de2523f311d16b0b
65dcad68cf21b2948dc027c0,4b9974be89fce220547b9dcacfc498319e03364b067c57cc775033cecc2c9fad
6a1fedbf91996e05c002c400,156da11c7957d1c54c8effdf402faf16a8697cbf209b43a0d1c4861666e793b6
6874e9d3e3ec279a55e52c00,ed3ca5b3151469e461ed22915f69fad003254fc03b4f81677acbefda5be45af7
6a1fef9991996e05c00ba51e,913fecc2287d8fc709ca96ea2d9b4206ee69854c6341f5c16980f88da6ab9aa6
623de5f67bee9c5d5adce444,91a50cd93e3eb7182d3c5fcadb9dc7b643a9e3656892f36bcc575ac562457ef3
69e1f65e91996e05c0b254bc,86dec3716db995a6c12a3e87fef840acde2bc04a114b22f7600eb6f94f9190f8
67135837ab7e60756eff0576,8a3883baf978f8156eb1572d26c1d19c82e08c0dba2b842f026700fe4729ad52
64afe4abcf21b2948d6369df,b0a59e2bc6e13c266f0ef0407db9a6c9730656a47c439f0d9f077b48f2fa2189
67efdb68ab7e60756eabdefb,c59fea9b46be4f42f8a36dc2b9e0bfd08424dd6bf0b157b5ed81eb92307a740a
6294e28f7bee9c5d5a6805ec,544b780324401bcfd35bdcf456565359078f4054d11c528845befa3b2724c030
68becea7e3ec279a558cbf63,63224bc79aafa1d07851186ce2c98e915b552dfa0b0872290e99908e7b237af8
6a1fec3191996e05c0fb2885,d48647c31ecede339c07b870bcb510fdcd638073e13cab278d0b86cce2d98ccb
5fe9a0c17e23857eea4c7828,be68503413c499908dcee4f1c1533cbf42f9f58f499d44857733d5b2f87904b4
6a1fefa291996e05c00bd1b3,0f91fad046e84ae3d4a0a76131b4e17490cbadd401af6310810c8e1f991b8962
6672bd6bab7e60756e1ee20b,52a6ae9c780c4fc3729383b9c5c21d85b86a384a9c4705d90385695dbe64807f
64afec11cf21b2948d75d706,5469b28787262f487b2e4dccbb7f796479abc602a7f2bd02779ec3d6c28d5e91
65dcb04acf21b2948dc64fbd,17197520f8d2d0c7453f907aebe12577e1500455bd58bb3b0bd83c80479816eb
67134f4eab7e60756eefbd80,500821e4857753ee8dba05eb59874deee0dab092cd68e76fe0fc16548477e763
6a1fef1991996e05c00965b2,07c998462af81a27ac1f61888f7928d229357c507dbd0550760cd99fb9650f42
6a1e0eb491996e05c022eac6,90312a29a9c836b492480bff468d46ff7aa558e596f383b35ebea74985a8fffc
682f1c7fab7e60756e31a181,3bf25579b56a2c085d4f22a574e80d885b204baac478f346d0ff441151eadc0c
6a1fee3d91996e05c00536df,0f8d44c7f9b1a160e805a7786cf0c7222929db1138365d07fa3e894cbaaa1fea
6076bf79d5cc3545903d40c4,feaa70b92a49f467ecacb3d7b23668ca5a665f9e22424450dffa762b95a1d4d0
67220ea8ab7e60756e6d8afa,9c40ef1f069550f3b7cd1b1f03c9d42036838c4bfc029dcfc778b20a0fbc92dc
6a1fefc691996e05c00c8764,21541cd7768b66b0c1c6436c33821c8941c30d4f6fc3f0f2818746071c15e41e
6298faa353c65bae2e7e7d95,01d6585d3dde775a5019d1f61a1603b5029e462ab4f4a19a558912865333d7fa
6a1ff04591996e05c00eda6a,523b11112d629668936b84ce8697a0ada913d49ba31c3c1b3ef110be77d4f99b
67efbb09ab7e60756e70a4b7,a52b8c2a9ff501fe18ac4573dcc6461aeee4097f9d77a35427db2c7af1225721
6a1ff05891996e05c00f35a6,c1247766b0435451f89dd570ab824b24a930e1e144f0edfd80c27c0e5ec5c19e
6a1ff01891996e05c00e0b28,b35d30dd0a3e2a67246d8514ce6e06c41615ca8e14a7b6ec609817d45114e9f4
6a1fecd891996e05c0fe4e8b,c31dea147519e243355a4cfe990f0dc202992c598e9ad2b1b6527078e1a5a602
635b78467bee9c5d5afd95a8,79cc8e5040fdbacd7fe7aaa6606ba036299bb48bc88bfc72661ab5fbb662a0b3
67220e8cab7e60756e6d292b,c2eb037a6ec34c34d64f55fd433cd676cad610d422efc6be7c35515f082e9844
6a5f324b91996e05c0f85e61,d63a4675a0ef1527e42434566635472871e38f0edd1dd0a3f215b007c8980a5d
6294d5157bee9c5d5a5a45f2,be777be705a21ce32432a1ae52fcd0c111acc7fedde77c807513b164592b4e3b
6a1fef4291996e05c00a1881,7ff0b7b875c44447ba181b2e22a38cc0bc7514e9858fc561ae923ea88ab8d8b3
69d0aaa791996e05c051efff,9cd5264a4ef6055b203a54215258210985ad5edc0222a4cee1c3412869ac1e2e
6a1fecbd91996e05c0fdc94b,0a964eefda7d7c0d1e269c35973da547fed31a51cb1567d3549e0f03688e25da
6a1fee7291996e05c0062e6b,d130ddfc7489b33257af9c9535b0f233b9520e6a4f934319ea4170a60b569e67
6572f05d8c12ebd66fddfcd3,173302bf8d934f2c07b85e4bf44b017a8c947b7857369690ddffc69acbe32d9d
6298da9253c65bae2e661938,97f3103e2bb69a63c3fd856b4fb409c4f90340967ad1d4c0b893482999235cf9
641aea117bee9c5d5a3943ef,d0afadb41654ea77b5d5431dd7297bfbfba8a3ac9d83956b2d3e872d1610f9bb
6a1fec8891996e05c0fccb8a,d5d4600c59a1c31c51e6839b25a896630087aa2878c0792756965ee97c408a1b
60d1c3c6ee3b0993ea230a0c,4479a347ea0a5309f8ecbeb5d4f0b3039c5b89a9e48862903a6916b44315583c
64afe558cf21b2948d663e09,7d86bde02b5b57aad5279374f24148b566a0349914cd794ed52894c18194ed73
67f61167ab7e60756e51b84d,c36fa663445e072d80ca0586e70f44c08b008ce2b0e068e56b36d2d4d26fcb63
67134f8bab7e60756ef083d8,128109561d150f9eed218cca385d3ca1e3298ae508c3f3fa940e4087b35704f6
6815ef0eab7e60756ea410a0,3303dda2122ae95a7a00f5c0642b1ca40dfd386df0d38f10a93ef4073cb0cfdf
6a5f263291996e05c0d1833a,fbf5e11bd2f4a89a454083613e1944ddc0246690811efc3fe812acd1967499eb
65df50bacf21b2948d7cea7d,fa87c930d3cbe84e6dc94bbb195cd76167965976ad8818846a16d9085b424eb2
69bd6b0391996e05c0b4bc37,59ac53f2a57bdfae98059b26d78ae235e3d0fedabeab7a06099c1b2a1ea27f61
67ea3744ab7e60756e95296e,f40c9c3acab13f76c08eaed5b9b9dde5400bae53531e00096b0bf2dfbe9d37fc
65df4975cf21b2948d6b5b7a,5bd7cd618db7d17d18a78662a25f7979b0c585a87c0b4692b1dce435cd5d420d
6a1fe5db91996e05c0d9ab04,f2f6deb4095435b93dea8ba247ea60f2cc6f877f072bdadf350290842fdc80d0
6a2fd88c91996e05c05f76b7,8cb1cda6cf0f90b3894cd25c97aff8a68ac495b2b56f5d083eaffc2e90925bf6
6298fbd953c65bae2e7f2382,b8a97287ad3522ccd3263791bae7a75d43cd9f6c8df61353ba270d196db0ec4d
6a1fef0891996e05c009109f,b6173724556f001c9813895040f47a32498b3612d6e86931b80979f842d64056
69e143b791996e05c091f57b,fd0f592a1fb14a7502a2775326c0c8f58d1c1ce016b0569e6aa7b899b906c015
6a1fef3791996e05c009e4a0,3195706d15004a2d76d2c98b8bd20338f7569f1c5ea430e1b3d781d42bd93270
6a1fe94791996e05c0eba49a,3b635726df9dae2487a86f318cf7142ebbf0b4f29ad7e82154f7204e1bca1aea
64f0016ccf21b2948dbe3913,ac8b1f15f8b9d9f57af1095fc32e90ec047d0a2290fed6509fe2a7f931bd3382
6a1ff03f91996e05c00ec1be,a04a5f6e0eaebdad6f7c192429fcf49491857a20cf7d49080408c289d6393087
6a1fed0f91996e05c0ff4fe0,2bfa88ccd09e9f3767139e1f304df9a7310187a0ac2c33ac7ff37c8b32795a8f
6a1fef1191996e05c0093e80,7af8011f5010033937e22257ed2e0569d8e25c6fd4cb4daa292056e8f4d07051
63caa9127bee9c5d5a38e6b0,55d886de67fdc7bdc3f3cd650aea5acb8150a26afdbe42228a1771a9ffb89b87
6298e3e753c65bae2e6f2438,cb1f83e35c7cf13e108bab6f326673da9eb00c6f4e328e606e623fc50cdbc4e0
67134f46ab7e60756eef9b12,9c609ab279ae0a4dbcca7d47cb53c153328ea51c945fa6b4b465936bab4156c6
6a1feeb491996e05c0076e7d,ccdeb672295f6a274a0eb8207ded01bc79c3659114155bf5b13a3d37b1bf4d17
6294e4287bee9c5d5a698365,c9758181055d1a2e32986a974e2dcdc82e2093899b50d3d9d764d00aede0dff0
69d0a49d91996e05c035f5ee,e4c2224615a20de8c4d007ed8b1e89a1f4443e8379f18b741cb622625a6761be
6298e6f353c65bae2e717c0f,decacc6a7565550886efd9abaff70ba53a6efcef491beca622f49767bd8933f2
628f3f8c7bee9c5d5a834a11,6d11f4f5312c4e768c2d96bd9505bcd10fe653d814682d5657ff4d149290a2de
69e13abd91996e05c087e7d8,72dd5a21a3a7ff1f5b7379f73137107873a1547e926e0c6d63a0ab633e95a507
6a1ff05391996e05c00f1b89,e1e5bc15d2243d302e9b857ae1c129e683d41fb544d1e9cdb51be71d2cd75f9e
6a1fee5f91996e05c005de52,9683d935e31203ba3cc174b9746dddb55eacfe622481e0c11660f2ed93790dd1
6322e2b17bee9c5d5a9271fb,d3d00843c118da4325cc7c77fae7ace21d8fd637aff4ed6b1eb7c17ad40e5b79
6a5f325691996e05c0f87c83,d85f2fec2389bbabc1026a6d64520588fdf68348f0a695b5d2bc2d659422e3a8
6a5f29e491996e05c0dde549,3cfb2fa41584a5009cf92e8a95340068266307095b3b77df60ba28571fbf0051
64afe4a6cf21b2948d633f13,692b6f5ad366e6f346c0e17dfdfec3a8f7b63780baa344c21f50d8da74f1b45f
65dc8340cf21b2948d5a6fc0,a11fa31c67edc00ddefca301b8e0d2d9d4f921f37560a12ddcb3f74e9ba28bd9
6a1fef9091996e05c00b7d13,e434fc891553c0f42d196a513c936a7d68b864711cac6f4e0d85e1f59dd71c25
65df5008cf21b2948d7b371f,0523df49b4084106037de144c1ac31a02d732e1c3c7f3b371353c80aa0c652dd
65dca23acf21b2948da5fbe4,692a0394b418e00870caabf0aa0222fe27a783f15efeafe12b21d404de33b086
6a1fec6c91996e05c0fc3ba9,53d3910a740ff887652f5ec9e065e9c6ee3a116e996c4c967fc10f8a7f9b63cd
69bde1a891996e05c038fbfb,4c02d4b391d3c230768fbfcf552e5d503983134930e083920530bae05779ac28
69099284e3ec279a558d5de9,8e51a06133a3d93402c3e5b29857552f449b799cc742e791e28c0082751d888f
6a1feb9691996e05c0f81699,390706d5a834766631cd495b5ac35896277645c4fd4925f2d03c6ff257521c6b
6a5f26be91996e05c0d34f8d,38cf7ac7840825f3325ee05f9950f3330f007ea06557e668377d0f96d6c88aa0
6a1ff0f991996e05c0121ccc,62b0ae81d13ecaf3319b4fa3302a839bdd48f104716f2f40cccdc68b111b4f1c
624c1f8d7bee9c5d5a38d70d,734c0beef432446e41edc565356b8a53ed316f6a8c513968c6dbccc10767e310
6a1ff01791996e05c00e07c6,5c25423e5cb294bb8c443c588307f429912d8570dc9a977142a58f97f4b5a5e6
682d7dcaab7e60756e79a6b7,1272c5057faf815868f9c023433b5b3e00a21afcda16377e7dba8ff9de58da64
665962bdab7e60756e3bc16c,100d4fab1c8581a3a43853ac5a794784b5eafe68184152d360422fc407e489d1
65df36a1cf21b2948d3b0c75,a62b79e0c419d918d73ff3e8b6c5e04ccc8073a512bacc76c089c422341a1615
64be45e3cf21b2948d0fa1de,a508dd4c9fd1df7aaff30cab3188cb89cffb5a5b7d91e383955196eab9cdb4f6
6298d87653c65bae2e642c5f,bb7065e333033c2f694f908f44787a732de192a35b85839dc2f812caf5b29ade
65df2ff4cf21b2948d2a84cf,ceab163e21c68eb4ba7c72a0dcebd25ebae29dc51f7ba5328641d47ae1e1ad48
6226f97c7bee9c5d5a228652,2d7d6aaa8e67cffeba91335df2c109bd2e63b80200feb0b0ccf67fff0bfa882c
661fd956cf21b2948d873a08,ea4a91a5d5c3cada3a12439e0ba39792be2a74e19c051aa3b53c50530ce734a1
69e1258591996e05c0700fb2,616d5f83b5977f1ede522fe9d660b5f00bdaad75e1ab1e6f5dc6b5f4bd04d642
6298f0df53c65bae2e78cb60,86ba751cea504497d2dbcf93bf617a8dd0d1194110de72496035c1b02e25ba0e
6298dedd53c65bae2e6a0c2e,79ff059166924602dd710f590a66efa4148db2f172ec031ab611078f5823232b
6a1febb791996e05c0f8bcb2,9e92e5e0aba9e35b5dd7d78ea3c806a1230101b40b52a225ef5730ea56e3d64c
69d206fe91996e05c0433736,89329444cec923708840cddd2b1bab4e7b163ffb6def31b8166fa598ce745770
6a1fef5f91996e05c00a9e0c,817312956b4160b02a280e4a76664bd6226812f38dbb54410739b9e8558ca01f
67135833ab7e60756efef3d4,e13f4c9b6ea172c1c5e6a4004fa4978d9d8cddb2a31748cc0d59efc97e507395
67220eadab7e60756e6d9a29,b02a0171ee2b1ed799db42af5c567c3859fa2fa7ec222ae53aa9eaa4cf576a56
6a1feeb891996e05c00780d8,ebe96b968233c10beb05e1d9c3e1a6ff78defacf862ac46658d7baff1fbce5e4
6874eaabe3ec279a55e6981a,2f395d4627c3b531f3120f850bf06d7dbf94aa76b27aea236be2701478770fb4
6a1fec5591996e05c0fbd332,e01ab90477987466a5de291c55370317f99bc33852abce4061a0a077d0e59593
6298e4f553c65bae2e7006ad,7fe1bcde4320760742bb664c4775cebdb38326022455cc1ab278ba8487bfe626
6a1fed5a91996e05c000b343,7a35afb5151af2f050509451cf774feacb900f7a0cffa5943447e749c8b4e389
6a1fef6691996e05c00abf25,3d5a8c63787d2c887c3985d737fe162447c67cc77421fe34890d134afab9ac26
6a1fef6891996e05c00ac5b3,2459408b612988aace5f0e4d1407a611dd5b6dc8df244ddb690e68e4d4a565ff
6299013353c65bae2e81fb06,ae8d5aace4ddc62d28e2feb91f78015a3132e0dbe5be9053039d33b2af1a572e
6a1ff01b91996e05c00e15f4,aabf9b69bbd9bdc6228db07078972d38bcff7a674d305b9b6807271a2b3366f4
628f42847bee9c5d5a85b57e,9397c7ae481ad80e3da9288a76f9ff0aca8d5fe4dc7804575cae9f607216ab7a
6298e74d53c65bae2e71b84c,20a6134d53ccf333486e8e9df01781cbbc2942f6025524f55241b273755c5163
6a1fec5d91996e05c0fbf7e9,4f871664ec2165981f776b6dd879e534d77cea20078ae6c1bd60f9581877bc41
6a314d2b91996e05c07e66ca,04c650c076542ecfbbc6a6d57c8576702b9ee73729259b76d12c13f20d22c840
6a2d3ef491996e05c0501b58,387fcbf207fd9c0f3447caca13ac2706fcfb680c87370e5f3fb1c19c094a28b9
64afe6aacf21b2948d69438b,d9c1dea5b5efececdfc7f42ee782fa2b31ca0ba29bccba2ac6decace5275b545
6835b382ab7e60756ead978b,fbd36d0d85ac36ef917ffc581cd10227939ce17d8074e82146bbc9c9d12b4ec9
69bdbf3791996e05c028322b,a42bcb21d560fa0637bd56938d44e0c6cac3244895d1afea95436e989bcc2e51
6a1fef6c91996e05c00ad7a8,87ceb92bea701b2e74aac263214b39dd37917b934b6e4f7bafee992232ee11a0
68594875e3ec279a551cc43c,44189a1c76d8926f688b6c8f61d67086831f3afe5d6e9d837153ea08a401103e
6298cba553c65bae2e584bc8,9503c1e0bfe27fb059a5bb2e617392c3a8ad825671b821fd31ae379ec8f62355
629909b853c65bae2e85a4cd,edc01b790f83f3307d724c9f90fbaa56d1c7646161be3c2a84aa151cf7e0108a
67135c03ab7e60756e062dd4,635b278d0f16458b4e54ae7f7cb9c7ca62931b12a512006a834d7d14dc95e957
629a051153c65bae2e0f25fe,60b0f1021f55f602202ae25ae8d5f2fcc16cb886860617672c7b730f14b9741c
6a1fed6991996e05c00106d4,5ff245dcd38c1b50572c1604da99142333d2dbe52f1ee116e41a835ff8f1854b
608d2118d5cc354590861fbe,0f70ae97d57c0ed1898483c31f8fdff0152d4d58c04fa3386856a3db00aa2e8a
6a1feea991996e05c0073857,2be98f401692c733a8632e72223dab32f066e1b37a789e53a3c4376ae7844ccd
6a5f32e791996e05c0fa426d,fc024b50e19ca7431a1192954899378030c61797f9c039dea3d71801bf40aed6
6298ffcb53c65bae2e814ded,8877ab1c48f850280aaf4112786e9682d12f2bc34f3258b161c3235b821d0a5d
65df4962cf21b2948d6b32dc,3326175a0c0ed7e5c9895d06ec2ecd93d88749239ef51b01bda33e304a4ecf21
6a1feee091996e05c0084236,8bf122b7e7ed26b13605d62fbf296baba87a1804896fc48a34f06496f15dbe9d
6a1ff02a91996e05c00e5ca0,d826a174a72cc4da328a18b1181b739804fbce8f21b7fd7a244b57f7be897e91
67ea389bab7e60756e97d583,6b7d501e01b2cea45fa9266029eadb4d7a05b1f93f7f095263d30796a1882ab0
6a1fef8791996e05c00b5354,324955b0a25d9f8089a51720629389461363b70b14f5c0a8a599eda89336a51a
6a1feef091996e05c00891ee,dfeeb5e8526794d00c8ddf27a9699c9b7711758eea65d3b0d23bb20a46b83380
6a1febc191996e05c0f8f16d,9de08c0adef585183eb0e59989b5e9cea6868c464fd3010908fcba10084bcf25
65dca836cf21b2948db3ffac,329986723d8f63c22287f270073c97330bfcd5dbf898d313dbd4462f060ae2a8
6a1fef5c91996e05c00a90c9,5ebee71ec886029738da3ff1dd47c2fe0094ecd87a0842dc8db3b2bb5f3d9eac
6298afd653c65bae2e3ab9a6,5f4aadb97ee61a843c0d29b18abaefb3ddfd0192efc9efc953122d5ff921530f
6a5f34d091996e05c000505d,5d933352ea5010a94dae8ae7bdaaa8854f7f47466be82e77f792062c87002d3b
6a1fed9e91996e05c002141e,61c1d29307110f657a216befece6bf58b48cdfd17c4e10a87aea02034c612670
5ff2fc3d7e23857eeaa5e082,c8caf8ae5f6d3e96b1a3d1be2021526b5b7a0739e6cd431c0edf7144ee91715c
6a1fef3191996e05c009c91b,2a27f16643f7d51abf2fc8fc2c95b71a876e64b5d2a5dee95d404c5545c3db0b
63e7887e7bee9c5d5a788baa,c5a23b8397d1870306f227f92897f7c38789eed2bfa639973649f7104a037552
5e492a6c06e7220be69e1307,ab8b472e3c8916b664dd5a88c60a3abdf11dd90b5b181c8bac40cd8d6952c31c
6298ebcc53c65bae2e74fa9a,b4f49a12b04d77745546899dd63c20d25069f8e5ff56c291204f177b54ed8b85
6a1fee8c91996e05c006a74e,ace6b3028f91ad71ee9ff355dd8888a344bdfc78dc72bcf2b5eb9803dbb4968e
67ee838fab7e60756ed5bf80,a27c2db4ea867ad1551ac5e344ebe39257d5b878fdab9eef619ca7c87943775f
69d0bdd991996e05c09f3735,61c5aec3b72eca98a098f82d8164ce291cc8a67145af84bccf1ae73dd3b001c7
64be45d5cf21b2948d0f5acf,5c52ab13ad1384c03bb6e35d6dfc1c20a239194983d7a8d7359aff0bfd788b04
69df9bf391996e05c065f162,7011b6da162e8d07776d84b454f6911a1687263bd9632526dafc4cf5a0a0fef0
62e8eb597bee9c5d5ac1ccc6,1c0bc81afb81811b3920ea23126042517b27c8092342b3b8b8681e144de0d53c
6a1fee5691996e05c005b375,2ec8b08b826f5a487ed25d18c8ebeba5adb6e69c97e079054e2b38a7a10c2ee7
62445f457bee9c5d5a13a04d,3441279f786e37ebaf8049a93807260e07052fffb7e457d623ac7bff86f075fa
6a1ff05a91996e05c00f3e93,7fe2fc672599d6ac1790c736cf4526ff49fdaf318a901f41359e124cdcece37c
6294de2f7bee9c5d5a63ab89,bdd04d3e90356e84ba419a7c0746377c76d89c09a20bb8f1548f0bfef864fc99
6a1fee9591996e05c006d1f4,e77d8b5532660fda29af678f4cab3f73098c09f70fdcfcb4af0d48ae019a267d
68d1093ce3ec279a55857a67,ff595504425e73704af8f20f9757a6dcf967c6eef56e08d4b248d3668ce7e3f9
69bdb93191996e05c0251061,cf155a3a1b62775316887be0c5901f7e076bba68945af41e239ba0ca21120386
69f090b091996e05c0853d93,987ec6c8d9efcfa3a70c9a243062e6473db1f8975b4c233ecb7d9416049d9a4a
69bdfbc291996e05c04dadc2,35a10d3699a019decc03b94cf832d6614c0460f9da61f366b714418def2841aa
6a1fef8d91996e05c00b6d30,5ba20b4ce1b92f1859c1d01d2f4d796e9646054d0039e375104d1fe039884354
6a5f295791996e05c0dbfdee,132737aaabb91529960f91c22e5a3c4bc7a312ec83e27669b687b4320f1bca8a
65dca7d0cf21b2948db319e6,362f34a99cccf51e5c9f10d6c6bc7681b4546e653a98330b6ac3ed596ce23dc1
65df41cfcf21b2948d581853,bc2e28335a60b6b8581815b04e5fcc98c1f220b73d60ba29278db771776f847b
6658459fab7e60756e6a79d1,956dc1b2fd6f32cbd6604fc1c8570d24532ef196a088b309fe30bdf70f9b07bf
6a1fefa991996e05c00bf2a4,19bf9053e6b9a573c193603b8a990bd3546aec46a77275d243718fa697fa58a8
6298de6653c65bae2e697fc0,fe60b3ef90cabcd56d6e81f9b3d1066379df5765384014182240c246f79cf800
642dc5bf7bee9c5d5ac784d6,db552e938a9e60ab5bc217e33bd5197ee28cc420954594ed4d6edc866f67afb9
67f11768ab7e60756edad959,f2a8cb3c859f69c0c98683e9d97b006532bab2296bc2eadec93bce6519794899
6a5f2f9f91996e05c0f03e31,45b326d771613e2d3f0cf6aa27e96f5e775083519b94afbadba92139aa111f29
67efd966ab7e60756ea7614a,c7c2eb6a8cbd8013ba2b84ad427b2b7a25f5c680b35cd5f42bc0a4103e969b76
6a1ff01191996e05c00decff,bc984918462449414cfd43f7cbd943be49c60e977ce0c7681c5637ed5a3f81b2
6a1fed4f91996e05c0007eee,4a2dedf1c18f61d7aa36aaa1b13de2ecedbebaf20e74925cd463224a69b3bf7e
65df1512cf21b2948deba264,1cd7af92e9336f0ca6ef3bc5ad341e9fbcaf819a21857a481d1f3f9baecb852b
6a1fec9191996e05c0fcf815,dd68de12e974444877f080f488cf17664dfb1bab5987f905063e6de7ed96b9eb
6298f8c553c65bae2e7d8967,4cf45bbaa12c70874714d661def1c465e21ef3502dc7e61336c31b51cbbf459d
6a1fec1491996e05c0fa9333,692b760688e36ec94b146d724bb24205f634a7c8bd22aac962bdc5f2440942c6
64afe6aecf21b2948d69644e,204ba292db04c0b6986638ba91381dad199ef130beddbeff9c0e9ab304fbec76
622def147bee9c5d5a8c86cd,c0f3f9dccbbce50b168207712c2d9424cbd2713608d9cea7cd9a6e23cfd08990
6a1ff04e91996e05c00f006a,5bd33916edd0207f561bbc8e02c7b9b167286889e95b276bb54ed9347a33a56e
6a1fecb891996e05c0fdb054,251693caeb37984caeec18fd9480d8b1eb72c36b3b4d74935422b7e56203f300
687e2654e3ec279a5567f360,f1c1c715db5e97e05fda67ddd1b869279bfd8becdc274c58409ab932c3bfc5a7
6a1fee1391996e05c0046bd9,db789fac97719cedd87661fd4fd3dabae8cf6e1e73d963b50d1c571de4115e4d
65df4f18cf21b2948d78ff2a,bdbaf0a87a472ef35636726700d05d3e0969e9b5de08b31c95221eeb37df8386
67ea36e6ab7e60756e946e7e,a3130806fd42b311af62bb11d6baab697e3ad1b35d1f2c859c8cf7c67abe2d5f
6a1fea3391996e05c0f0cecb,07dfcb9515bff634f56cfba35cb81be301ac73aceb1b23fa28ca02cd6189ba23
67135972ab7e60756e01b693,9b2cd5b2db7d91e61a13e9f343eb4f2703113f2c0468bd38da8d31a0657f1e7d
64afe6aecf21b2948d6963fa,5e308bc6f901cbfc518d562cfe07bd368dc770d65d98919d2e76001a4dac7c58
6a1feba791996e05c0f87181,6d3467c73729a4adf3d7b66456318fa17427f0c6fc219a342472c7350c25defb
64afe4b1cf21b2948d63a689,e494274d6c017652dd96ad658f0f641a68787b0f29b6e6aeb055bc483cf90b2c
6a1fece191996e05c0fe725a,2e400f96eefd0ac79dbf00fd3f25ba7daf71a959a9874b1c2e56a09fffdaef2c
6a1fed3d91996e05c0002bfb,b8b447c7764a1c8d6051bbb5a3a62b02c94e6386f423a2bf576aa4cb039c877c
6a1fecf791996e05c0fedd6d,2e1e5b54cf295bee15338b32d7e2db4ccb6cf2edad3a720fb12e4936c31b4cf7
6a1feefe91996e05c008dd8c,9d72e94e4e6c3508aaad75242961acac3643b82a8f308800ce67551540370f38
69bdb96291996e05c0252815,b1758812d288eec1e9d61101485681af3d26b9922c98894769571c70d2b3e2eb
6a3d274d91996e05c0a840cc,09a5e25f78dee5b187263697ca680b190dcf25d9e7313876bfe53aceaaea4100
68060a50ab7e60756e5335c0,e755b4ad5ff214c4e1275261ae110a444b224580eb1ece91caa3ffc9f9cb4aae
68242a6bab7e60756ef704dd,200da1e4a1bf973defa211d838d6c224b7e2df0cc1a4fc7c4879d8dc4cd2756b
605ab11cd5cc35459082e694,bd422558451dceb5e06b5596c147c0de6591fee8fe64d2efaa11ed36f4265015
67ee78cdab7e60756eb6108c,157a26f83a49ca0225607731f97bdf7b95c069af23e9a8ffab815c55c70eb602
6a1fee3391996e05c0050887,2ef342a3cbb6ebff0943b8ff5f12bef3af256e47a4fe36dc89c8110d555d509a
6298f18053c65bae2e7936a3,d9dd89ab0e0edbe341cdc293af08f3e9373ff319d181dec4c79099d68e752b15
65df17c0cf21b2948df1b7e5,b687819f2740fe87de0fb362aa4fe5e233cdc25a280a7c69e1239a23ba1cd576
6a5f30c191996e05c0f38c96,81b51b8fd9db1cbb19ba29aa39e83f978c998deb6beec3e95c04128bd10c6922
68d10957e3ec279a5585bf05,395341a0d39536fb7cb8ab3ef8917269fcc3d617aa8b1c25426ae36b5fef1358
6294dbe17bee9c5d5a618d17,2007395242f8b527df3ba73059c39d7b4f200aa9f16fd6901f460daf1c5280c7
6294dfd37bee9c5d5a656143,9369e97c971f81571dc71d46c3955fe54c7d39a6a4f2adcc1c9def593f079717
6a1fec2791996e05c0faf383,8ffef9193329e5818bce52405f394008741371c6302543eba0547ad01e8ca5bd
64afe4a6cf21b2948d63439f,dda5afa57801f3db846d52e0a3f47b3bd37aa9c564cc7b7a426666eec6fa0a68
6298db9f53c65bae2e671423,c0c06a880193fa6d6155c81fb9a6844165bb462e22746fb2fb5e5759c005b131
660a8808cf21b2948dab5174,bcc2363cf8a2229f137c9ce62ef977a4804eb202e3fe2e2c942131f878973762
6672be02ab7e60756e1fd6b9,72fb8e71df219d77a2c9cb6315cfbff6b377943afd422182bf15a5d9de7374f2
65df4d5ecf21b2948d74e548,1607f9e4a4dc11f97d9c9cc0c95ec4a4c5d94ebbf431ada9459bf039d6ae01db
6a1593eb91996e05c067ca1d,f3102d672473d0963ce972bd75d3a133adbdbe9504bfdcd3151f19526475b8f4
6a1fef6d91996e05c00add1d,a2ecd55544fc8cac90c5cf4ca8a768df676077490c71ce1d8b60e7b38916a024
6a1de03891996e05c0fc7ed4,399c67fef8a3277866176baf81b5da9a3438e54d59193f668ee8cad4720ab3c5
6298ef7853c65bae2e77ca26,b8abf55ed1d843433f29552d7e2646a056ceee4bf53f8d96eebe7371f42db7aa
61f9d6f9ee3b0993eaea49b4,d5eaff85f7d211a44fa00e5605ce2e5f43ac253736291b76af7f6cc324149515
6a1fee7791996e05c006490b,a045ed52d5d66615d65f4746e7418be5d8680f2243d0a07ce6166c4d24fb99c6
6a1fed2a91996e05c0ffcfbf,0d84cab96b14e8ced09b12e07445cb477d574fe08d3178a8dcd48c2533ca209d
624c03237bee9c5d5a22346d,e0e2cb67b92e89ca696b49df846c472bde3f12b9268da5a549a513672dea7a79
6a1feccc91996e05c0fe12c9,857d4a77c2bb7ca10327ad4956d6c2f6249150a4e3949b616b770f1527d33d3d
624c00527bee9c5d5a1ff24a,2bf034276b8a02683a37e8e1c823aec1d4225ece9214e4d7eb96355fdc883f1f
6298e2b153c65bae2e6e31a3,da79ad65666977c323f3ba7a86cc64037b9aaefad992a864f74778ac91caafd6
66595dfbab7e60756e356f16,2fe2097d855b9980729943d8d18bf20117ed0d111768cc5aa055105913134b8d
65dca745cf21b2948db1dd19,5179e166231d6176a20ac7c5c124981b57cd86e8677c58ceb7df9041202ea099
6a1fee1791996e05c0048158,1453f6ad5875c265c9078c1118e9886968e749439dc40e653ff0fac0f12f1ade
6294dcb37bee9c5d5a6257ee,82cd7e59fb70bbcf77c34b0bc0819983f108331d3c48e6fc33f33f8512eebd09
628f47fd7bee9c5d5a8a48a2,386b2ac7b3f1dc78cf8e6c6bbee622f902cec79649c0b87b55c4e8513cc11399
67ea38d0ab7e60756e9835d5,b01885a27fdad60badcc0f6b5f9c725cdbb7e4df565b225764cc05ad02dd24a6
6a1ff01691996e05c00e0322,9fe5f3ba82e63f168c3f83513d936fa4c341333fbf61b687c8f930ec6a14cbec
624eac537bee9c5d5a5b2fd6,efdf2f03cf0220c0981f46f69c76eaa2f7a773ca0254beb22c5790805446ad23
5f6996e2146a9f17ffccc3c8,3a7c4670a5cfa53f3b1342c3489c2d81c07d134bc8502c1ebd6a5c7b45615932
6294dafa7bee9c5d5a60964a,e3af776dde610374b0c62bf0b38ec75a956f992abfd01ca19dccebaea95776ea
67135877ab7e60756effdf6b,69e9f3adc9887083c8da00dc992358c583f577e3f8191b9746480233d4552931
6a1fef3191996e05c009cc80,07beff36163d2c7d4804a6da4bff38b7ee05022315a2ea6894b6dfc38533d50d
645f0102cf21b2948dc84ada,3af1a999664ee5c2c5d9d86242510ca231c8ee43ce397bf693d0f3ca0a5b52be
69dfabda91996e05c0911890,225c935982da5619fdaebac1e1452c66e4efdd93b1efe943bacf56f1ecd944ec
6a1fecc591996e05c0fdf2c9,d596e1bf352147eb079f3bd56352385a01f8bd318b08478a3496662e8f18e537
6a1fed5f91996e05c000d299,6178b091a4f12d121045e8e88c907e064247fdeff658c5da54d2d6a1e28e3db7
6a1fef9291996e05c00b8774,d9c428ade1545222f51afd14559e31c32f576642c83e7c4bc84be7fb7616bd0b
69d0114d91996e05c04e8cbb,8b087fdc1fc3cdb60801b3af86e6bd6383161afe35fe721ac8705ac9dc139360
680609e2ab7e60756e520cb6,36b32481c0c545b17871a29424c66782c716029855571e206da79eeca533cf5d
6a1feee191996e05c00844e6,b350750a36524c8b8d7511ed6291e3cf81b74d912896b9e916da19038df31442
6a5f2ee991996e05c0ee161c,19eca78ade56d520fc817be5cbc6096c36f454964e3ae1572dcd7f2437e0548c
6a1fec6391996e05c0fc135e,fc2b0c383f2de9a53d09cbedcaa86772af945c836e5f02e653715edaead056be
6a1fece091996e05c0fe6fc9,f81fec6864a93ffa297269929ef1596f3da32f3e402571984ff4e272023655e0
6298f36053c65bae2e7a6a52,7380012dd5d85ce362d473ead952d9781a3a09a5571e4f18092ff56321e84cd5
63cae15c7bee9c5d5a7517f3,910a11f4e04f4fb1ee16457feba2e1aa87e37e76adc32220776a1c83cb8a0af3
6629fe498c12ebd66f596b83,fdb8d46863f368eafbbcad6fb171cca5758773f24744f460e1d3dabd5177cf4e
62e8e9d27bee9c5d5ac03b50,2f2b6495b96c528e07f1921bbba83aae62188bb8c3b34a18391ceff125cf39e8
62316d537bee9c5d5a9d58df,8cc54e134d959eee7db2bbd72842927626ca9f05dd98a0b473b0f2a24943b479
6a1fed7991996e05c0015b2b,77c33243eabbb998ad28130571a35788aa82a9bf071696686a4a9e3013f62dcd
6a1ddc4391996e05c0f7f901,6df5937c1ae9e7a89d0acfcd4c89c0411efa8276160d330d514eccdb87237971
6a1febaa91996e05c0f87fde,ebde6e61d27a525a07cd6864c80751bb9b154f6aad9c4989d652a4aeea65106d
6299166453c65bae2e8a2c1e,45bdaf36ce2144b0aba901f943bee42f4ef033e730a89c17fa873e1158475424
6a1fef2191996e05c009864b,abd69bdc9472b802f7dcaa608a095d891c0b3541630f5edd650ec8fe84ba8748
6a1de66c91996e05c0046271,46a698360283f9a317c9c53500141b4d1b5c79c1c112678d51d70d2cefb68fcc
6a1feabf91996e05c0f3a899,f2e92385a14438de611970da80878d3dfc0daa2278d84c73615f7b06ad5891b4
6a5f32e291996e05c0fa3340,fb40674c2a90fd33a6de8bdb0e27efd4a1dccdf736a891d28eaa645e4899ff81
64e48622cf21b2948d07ef74,4e4fd81eced3280920619592a15364bca1f39a28861ca472f38d43ef8d514d74
63cae0c57bee9c5d5a74caa2,918bfa81fd8df358ea03713f8a85e9a692c91b4372c893adffe574f78e367b0d
68242a9bab7e60756ef76823,b1565d4e3ed1c3fdcfcd7c5f4c3cab0d099ce8f56a490965aa08f96e2850c903
6a1de80991996e05c0066978,0dfd0354d2f7ba17e8455d9287b186645f73bd334ce6871f4af180a400e67f02
682d7e0bab7e60756e7a4013,45409038c119b11bcfed393d8f0a554be630c3379ee17eed6c0595c9e48d8c54
6a1fef5191996e05c00a5684,1f453a58dda980769133a20316734ffcf4aa04d0224a21b52c60f58490f70b30
660a8842cf21b2948dabcdb7,901cba6fbe7c99ae5a49a90e6fa3645fc610cf0c9bd1bfce48424a80a0b755ed
6a1fec9491996e05c0fd0538,d63637a4a420efdcaa0008974a4e0214d6a5069447c5c02efcda4ed7309a0a7c
628f44517bee9c5d5a874bbf,c47e2e90583b7ef2a2a98dad10554eb54a08e601b9280844dcb6501392f25d27
6294d8f27bee9c5d5a5ea226,84ebae14e0412ea13a470e8256061c0c52fb8fef54e4640f67fa8ff283a7b6d6
6a5f34fd91996e05c000e2c6,686258afb9655404164f35f2ddc1b0b27e4b16a64bc9b0f044f205106d0b693e
6298fb6153c65bae2e7ee661,52aba9ec378b7bef8654af456cd175264af4e55e3bd943e80005e24bbb872a17
6a1fed6091996e05c000d787,a17c9dbfbde2f3f8f3df5e795fc79e712a70c675066edad789b7c7140cffa011
6a1fee4291996e05c0054d6f,8d2e08a3bb4a7ed6b2dfd874848f757432adfebf9e92fd4df49ebd32e442f7b8
6a1fef0c91996e05c00922b9,62479dca2f4a01cdcbca9843cb8526fce0e6ac5bfbf13094347839b61fb02f74
6a5f303f91996e05c0f1f3cb,6ba6ce1972ee5db5afb3769cb372250ad3d1e44519deeb844730c56c91021ea1
661fd978cf21b2948d877b7b,4cf218332cff0821c67e2630a59a103724a2e57a87a925802f0e44c493dc4561
6a1feaca91996e05c0f3ebdb,a54f03e4e6e4394ae088b7e6c77b1c2c1eac00af46d121ccf264605ffdb13180
6a1feefe91996e05c008de7b,16f6b28a03aa62369790053cb072ba54b62a32f9483f0cda5abb7b59892fe4b5
60f8374fee3b0993eacc277a,0ff79a552d2a884df417c23a32335228ba3f0624271236ae98e626f30305a50c
6a1fed2991996e05c0ffcb52,1381ae70b64d3919d7b9105fd8dbc19a4a922f89ec50d9624e2ac77dce9445e2
6a1fea9f91996e05c0f30cb3,d249df4b5b6a6380299e85efdffa8969c50da8f979f1237c6c8c2b4cd99055ef
6298c7e553c65bae2e54932b,f15994e0a5733d26e00cd0335c1413dec4e318b8431d87c15e3379a600001700
67ea270aab7e60756e78f5ab,52ce3309aafcc3bcdd8cae9f53e93ada00e1a8484a9d33ebf20e4b4bb0451c00
6a1fec9191996e05c0fcfa8f,7adc3359eeab24b1ad958fcc6b8ab83641de0952d40c8ca253a487178c46a860
6298fe6d53c65bae2e8081bf,3f6debaaa179ef8bbcaffd3108cd65cac8388b403b24b965514f0e4afca47ec5
63cad0187bee9c5d5a68e572,d8efb47b45dd7d496b8b97a001387caf42943cdb069a1130c47964c44b6db4df
65df1d06cf21b2948dfe399c,985e59110a5ad9b2f1fca1d56145d670d0c9922e044a92ee0b054819bf8d4c69
628f409c7bee9c5d5a84218b,47785fe5943dc70c569f95178766b00b528eda154e7573874c910db31ea6d23e
68c905f7e3ec279a55bde9f5,47470106b1dc08c1c29de652c618c555fd575c11ab8514a24ec9742ed4c40088
682f1c5dab7e60756e315625,388aaebde42ea04358bf489ba67a3bcc94aebcd6fa3b9da698966028113e27ce
6a1fedda91996e05c0034c2b,54fb730c15791d8558517778c0ede64880cc16b8c8d80bf513a59300367e1504
6874ea9fe3ec279a55e68143,43dda84071a50fd718d8fe3f4572b021d7decb2ad8261352af8859f1f7bac030
6a1feffb91996e05c00d8608,b54c9ecd5a9a4f8e49dd4c4723c9943e64d12d84bb48c27827cf4cfe5163f5f1
6a1fef7f91996e05c00b30b8,8a3541f2f0c5d19e25a6e0187923991f4f0593042ffb7490322cc75db450c790
60e1729cee3b0993eaf00b86,31f1188039ecaa65465399093caffa9d01ad57da630c961c91414ae3b56c5db8
605ab492d5cc35459083422b,be818db2de3fcf02caba32131b44c2e0bb3029654979546149f0e8ff1fcb6d6e
6a1fedc891996e05c002f03e,9190bc96a1f388648fe94be39ca9e486958f2d220d7297f34180921869cb77e8
6a1feb1291996e05c0f558e9,e87b1a457237de986adfa9dd21da8e4dab85dac7b1183311eca79510f7fb74a3
6226f9ca7bee9c5d5a22b549,0ea1db8b1dd3dc46b75949fd6c0ad21958f49e54233899f5879749d0f8426237
6a1fed3e91996e05c000315b,ddb0db7fb33a44f5f6277e5184bddb5e49aea590db9f08efb64bcdc291d67e56
64afe55bcf21b2948d664ee5,8eb5bbacec2baaca3e4c8af0a3d10a44500a07ccc517bdf331fa811a80605b0d
6a1fee3191996e05c004fccd,68f641591ba070148aaac05a0f01c7c3ee7763aa8691bbcb11e7b5c97b19ca9a
6a1fefa491996e05c00bd79f,91c6d5a3cb32ac1dbce2e24bbce1b1dd8fe837bd233e67ae8455a48e2acc7670
6a1fef5c91996e05c00a9274,9f8f51c9e7c143d88b4278d1ea866d0da6ed26cc08850db10416c9f38a4fea30
67134f35ab7e60756eef5fd4,45adb2daa515ece00f2f105055cef0787174f5a7a65653c145652135c39dde0e
6298f31953c65bae2e7a3d5c,e5b8ef3a0b6c3dc0564aa22513acf295fa7ee990e67b78168e32863961627c99
6a1fed2991996e05c0ffcb9b,7d72ca7ff2de92baeecc2e2a062246946185c1921aa953c9426c9acdedeeb7cf
67135c24ab7e60756e0699d5,0399206f7c3ee31f6417b693f304af31ae47817004e2634b7986ff0e8fd4a2df
6298b2b953c65bae2e3d71df,dfe3bf8033f5a5ed098817c8740da1967fd2a5103b76108016e25b57e9326edb
6a1ded0e91996e05c00c086c,52b9141de086ecb8e21c54d39b5822a4373cd4c31119edfb00ba6691097881e2
6a1fed8091996e05c0017c21,159bb156c76c03f1920a23fb5416ec9ecd471bf4fee18144ecfb6e9e8e4fe85a
6a1fede191996e05c0036a54,8653033c5f92948712abcb2e53dce4ed46a25c27f0f5f4144b72719936a941ea
65df487bcf21b2948d693a0b,91b4907b0c60fc1600267d5828a80ad88e5fee5c59a3b74af1db2541f6ebd13a
68d10937e3ec279a55856e3e,705cbcf1ad008064294769ec47392a51c399b5bd9f6defe2970423993aa4ecd4
67cc1521ab7e60756e4567e0,56e6314a1b09562beec41cdb76faf5450bc4e5c69ae55fc771eac150848eb4a7
6a1fee7691996e05c0064113,96713d4a305122a7116b856a6c5fdd99717f3b65eec22cf16052511ed678a584
65dcaab8cf21b2948db9c201,1c6d2052e72c554b57cbea7a85ca7ba6ddc4030900fb03e0f87560a08fa44333
6298f8ec53c65bae2e7d992d,21ada571a7cf240dc5d6064c3447362b74d4c36c930dc2a456b88a9460820f31
62991dd053c65bae2e8c78b8,1bb3747f3d298ef7d0d4cb0af84712ad43c52f9a6fb7c0e749c9055f49d04129
69bda2d391996e05c0136b93,601a0c48767345fe28127c8254f78a82b985ec1ad7094c97333e1a5a72a3b010
6298f09053c65bae2e789377,f0d4398391c4c72a231406e8902199215d8edd334be46c2cae1c7532f45888fd
6298e0f953c65bae2e6c87fb,f76777a33e566220ab2feded5d9500ea3ccc3e8a7f90fd2ba8d4e2eb78426829
6a1fedb191996e05c0027c2a,762c1da9325517dc58b99c9deae0b02461f6ad7048bb78bcebdcafe596014f70
6a5f259a91996e05c0cf9f41,ab1dfdb3a0c4d3985566961a2983b3dcba20426edb9378f60d31993593af60be
6a1fee4891996e05c0056b3b,fc58abee2ccd46cedbc93a05bd69e161c4f904c46a37361d51424471069305d6
69cfba7d91996e05c053e3b2,2afcdd853e250c07a4c2f76fd7b7af3de9b8d90fda3ec63c447dd58e3c506ac5
6a5f33ff91996e05c0fde15a,32b6da1a54960cfb3c13d397ce27f7b7de6e38058e7ab96be1d01fa94f354c28
6a1ff08391996e05c00ffb02,6b58fa365a0d663e7e2ae996e39a622b26db4aaffd1c8a51f1b3b3432d8bb1a0
68db7099e3ec279a55b46a87,853303b609ecabe2d3a251d581475a31c1052a02804430259b296cbf44333cd4
63caddc57bee9c5d5a72f718,8757fbcda043d3f2124307a620be5bd9b78ccf3ea32c70924b6d48cf3f84d8df
6a1fef8b91996e05c00b655b,607f3b1b226d07f6581d859121126c8adcdcc05b7ce2f457bbf2c3284060416c
6294e16d7bee9c5d5a66df76,ea25bcdc02c0dca0f7e7d71a7d51122c20bd934b1f1e9041105154e3ef248a94
6a1fec6391996e05c0fc0fd4,cd93ccbff673268185dacd33ca18cccc5d5aaecd4141e149a0cfeeff768c8798
6a1ff0cd91996e05c0115d69,6c4f1f41edfebc19d43d7e3b3d010721cfbda6900b337e0bd8f70a9bd2ebc5be
6a1fefbb91996e05c00c4a5e,5e113e8467dd5144e5fecd11f9dc914455e19d510023794402c417415802d9fe
69bd567b91996e05c073a665,0fb64f66dae0124c1a81bac51cee8b5a4834891a696497b0aea2cceff614168e
628f469e7bee9c5d5a892a5b,ac97010f5e556c2b9f695753233dfe65c80d87e1ed8bda44e586e408f679a247
623723a37bee9c5d5a74951a,490eacb7933f2916d8ccba2a0f3d4ea2e268c62b17ff5e82904c94a0e42ba6ac
624c0dbb7bee9c5d5a2c4430,855b98049fd800e84266261c6ef973b9285a81110dad30961929633a56d11289
6a1fedb391996e05c0028725,c210abcdb030d366b4d8496055857bc4c300c3e70dde1cc5400d46bd9a9a958d
6a1fef3591996e05c009dc08,bae2adb248a94b50cdf69f99e497f6515efb92baa4e96cf8073c53fa331cd22d
6294e6f97bee9c5d5a6c0eee,363ae6ba4e56f12649dcc2ed37804700e547c717e0ae2b2d6a3dda64e47407ef
64afe4b2cf21b2948d63ac38,2fc005feed0f066c0a047935a8ff758ab40173eead9857ea0711816213feae2f
6294e1db7bee9c5d5a67480a,8239b0ac15852d37988fa50fd526d65446971dd5ab8eb67939b53a72e337f174
64ce74eccf21b2948dd6b99d,e219c37ee29bdc0bf024492b291d8ac6948cf6255ac3e9816a6af62a47b306cb
624c26b17bee9c5d5a3da943,67b8c00d973f6fcdd30b319f784a1c64b60b58448b77993e2bda19f9d29401d9
67ee62f7ab7e60756e7d7cde,ed663fbff82898070cd4e4501c7c1b5f9b10a8d02daa31d4e5914b7002d396b5
6a1fef9291996e05c00b85ef,a5266c2fbdc453d8a2183a3c4fca4842b671ad4f20619c59025eaf0a18b9dc9e
68242abaab7e60756ef7ac29,bbdc388f66c15c79b66206239106e6234fa88ba752304083307c5a96d4c4351b
6a1feee391996e05c0085390,18babd8be0b98420ec1ac25c6bcb1b4d1eebbb143cb9fcd8566735915abe4bca
64e48610cf21b2948d07911b,062ce8cb0aef8d1042e81f0de14ef391889819d5d5398a3977439123e4bf357e
67ea23e9ab7e60756e7412ee,2c388f5b7cb1a64e3566b20c879ee32a66656ee4899260ee72cd9ba8cd4be4e7
6298ffdf53c65bae2e8158c3,e8a393bd6ead7d253bd40459a86daaaa7d9fd1c235b591c5f8afe61020c7a434
64afec0ecf21b2948d75c8c1,1dfa67b06fb2f59c87924cae312f1ad50a82c3cd75267f8c570e9d778d81098f
69bda54c91996e05c0159186,0f42ec107c7b40ca43225b93610225cd02f1eec89a941c2a27b966abe468a2cb
6a1feaed91996e05c0f49e30,55355a11aaefa51a0e560971da0622b8fb175619d8fec228a0de70669e61910f
6298c75a53c65bae2e541318,2395ac9ba1056edf73e2ce1fda62e89c864e9404a75be6a5e7f3e57151ae5730
68db702ae3ec279a55b35fac,b1ed5edd47af68c0e99bb402fd67abfef9688c49cec7412b5846cf9cfad4e4f2
6a1fea5691996e05c0f18910,825a458ea726603fbba5df3782ebaaeae94d1693e9384b0f662980480a16bfba
6294e52e7bee9c5d5a6a67e8,7bb66256f4d7fab8ae22f2f5e03ac87c5d56922723725aa05af01d7c6b4cf936
65dc7a34cf21b2948d45e5df,68d8ff29dd16187bf4112899f5288193542d8fdeff771532e7dd5e0bac984107
68749646e3ec279a554dd6eb,4cea23027716e4cac8e80e49648e44ebfc8dc96e0d1fe8f40c7cbea0511098dc
641aea2a7bee9c5d5a399642,ee142bbc54ba65daac68a19a0ca8844005219fd418883df386fd881d84f7cc45
65dcabaecf21b2948dbbe677,3c901a898174fa90be8c6e0a9742482d5f75df39adc0dfbe7e95ba31677a78aa
641ae7ef7bee9c5d5a36024a,3d65235f7bfb45b4fa23ad970bf68761072b0ed2edc1fc40add128fed3dd2f03
629904cc53c65bae2e83a4d2,03d589d2abb3e9b4ad54c125a598aadafcbfb97096209ce3224f1b815d823338
6a1fed8591996e05c00196d8,fb33dce29c805595b59d320e88c67a99a5eb1f483cc58b7b34075ae4b55827c8
6a5f291491996e05c0db1ca0,12f96c80f332e65a1800493c7b4b421d56d9f4780668f0d2aeea9154feedf3eb
69d0a2c091996e05c02d47f4,4a4ab01de74d852afcdb8a963bc32980ed00dd64f078212af2f1f86809d2e86b
6a03220f91996e05c00eac64,f3a7b5c398cf0bd2caefdb9b987a2fd77620363336aef45f37276b43dfb2e6a4
6298f31953c65bae2e7a3e60,1b52d4270dd7e836e4ca7d9d9d3bd4f7b2e247d1aa61da71137f6d1472c64f79
6a1fefa491996e05c00bd800,477e630cf8afc48eb2c0cdfa8bdfa63d8e256851247c3e8641b3903f5159899e
6a1fee4e91996e05c0058e8b,39a90ff52f8b75691cbe1182fec828c3ccb9f7434f7ab9854b36137a7f95c64b
67ea25ccab7e60756e770ae2,965b8f39450bc415fd087db3cfcbe46e0fbda923a119efebd75ae7df8c6aa6cd
6713581bab7e60756efea6d4,28938286081d050d955a64e27cf36f24cf85ea71063e882da2c49c7a2b5cbb4d
6a1fefff91996e05c00d9532,768e5d3a047412496e7ec29bd2d43bb31fe02035f6e5cad8eb1273886550817f
6294d2817bee9c5d5a566c39,58d379644f3023f31c3438ae43e623bfb2633febeafdc12f0f96b4e47d432efb
6a1fef1491996e05c0094aa2,157646bfa46743c1e537d65ac66ec0abead6aba13b135cfa1a5836d42022d6ae
69bdde2a91996e05c0372e7b,497ca829288c16552f623c9ed2e17643a2d3a12ffb27eef87778bd3c386c41d5
67ea3a06ab7e60756e9ab0f8,ddc43bcc27cd85e4efa62ccf2d0162bdde0d5995f1bb4fd84f256634df4212a2
67135c0fab7e60756e0655b0,4430ffece9cde50e5758a169bf5d39dd72ef7918a0e30d897f0b2e43f7e1e504
6a1ff03f91996e05c00ebfb8,498187e17becbccae21c6d995746ea22cabf2e296f3c4aa51efd7fe5ba77bb01
6a1fedd791996e05c00341b3,123b570400a71c37f2c702d9e60fbf7bb6ef06bb3cb6087a5aee29574f71f3de
6a1fecf991996e05c0fee4d6,7620edd8535b93f85e6c3e8734efdf814a10d66897bd0c27f4256f60977f2a98
62e8dfbe7bee9c5d5ab0cfaf,9511fbe6c1476d9582b20984ee1a39742c8650f154c4b30d2395fb8f0d73ccd4
65df1463cf21b2948de9f693,9e4ae99459126f0d9bd772bd4f80e717bbe67a81abed4f584b8f52fc0384b328
61d69956813bb28a9029f213,e795a609157fc38f00f51292e8ebc1876bb71a5cf7380eda40692a676c41d553
6a1fefad91996e05c00c0602,e9c642b2fe34872edb9413e6f11454e726719048451f28505504b4487a9858c3
6a1fec6291996e05c0fc0e4e,131c36d7ef7fb9fbc9cbc687fcc52813084ece4a1b61f28cc39b5481eb077e90
69cfb87191996e05c04b8670,67b0eb5e3367e0b005493dfbf9532baadf0d1df1c8a547c7bb5371f4215f47be
6a1feb9391996e05c0f8038e,f513029618ccfb2cd95760b92369b23c82dbdd3518dadf8ecff3fc477aa3a5a0
64afe6a5cf21b2948d691a47,1b9701000e2ac83d120101299baf85d57d332e790714423729b26b0736315192
6a1fee8b91996e05c006a2d7,9de35deef601ca3d26dd4c6a325a654c4092d0ae6ae0f84e63d51f4f0eaacb25
69e07a0191996e05c0ab055c,7cc9f9621f56a58fccc0eb00eeebc6d872ac9c8a9cdf9c45164bacb757134e5c
65df1a73cf21b2948df81794,d6ec3f889376f8f0661853f28d601d1ff1de52fa7923da652fa1307c2537c002
67f62075ab7e60756e715e7e,1f428614d2bcd3f09ac8decd0d64edbdfe1206fba8c241730798d9248c69f3c2
5ffd5c5f7e23857eeade3b55,4fb4e1011abf328d7b16566ed24bb0c05ace41a2f8322b03b6bac1682db3d708
6294dba57bee9c5d5a6148e6,c9ecb381878452072ea584f172c84db28b3c82f01b76397991d7e0e63330eae6
68c9053ae3ec279a55bc110e,f15b1a86ec49921373a6096ad45f5ed292c835acf98d6698920f9058ac5c74bc
687e2600e3ec279a556722ff,bb24dd635a14880b0159b8399763c600760f0c1cd5af89bede66e8faf85e259f
6a5f2cbe91996e05c0e73c46,3ddd8f654fc34132782f9093a0db724d93fc103b1be4360665028c112dbd6dba
6299069753c65bae2e8454bb,8c8d4b59c34ea157c39415a54f295d2b02f882eaada96fb4cbac5537f15f6f21
69bd4fcc91996e05c0563460,e89517d5fff0de573ec0a003790715a55ed818694242f6158aa84e3d7fdff5c7
6a1ff04691996e05c00edf47,2d75e2423d2284c21a8c3fb7f0374ed8f3c503131e5b1ef397070c170f6d36c0
6a1fee7991996e05c0064d7a,57ba6e8b020090e0c6e9407fbc5841c65f59989eca63d55919ea9c5842d3219f
69f08e9691996e05c07f429a,17b37566a430ac33ed7c9cee340bf2de9227785fd58f7f2eb2df0932a07b18b5
6298b4a353c65bae2e3f3017,6640ad1a6826e24817ba4c485de524103733fcb949e6b435ac62b5056fdcc2bf
67f1181fab7e60756edc09cd,0f69fb3017db9a754fd149a5cbf403b922f1b408331f41fae491047eec911529
6294dba57bee9c5d5a61493e,7a8a68ed00db8948760f969e4382d3d036545a33e71724da48af4389ed5c59af
6713582dab7e60756efedbfb,b8a13dfef66d73ed273d16b8298abf7f640c2aa5b215919d09decefbdf2a3f75
641aea347bee9c5d5a39a867,f18450bc00dc7d0157273f1d62f73e959e94de81f70d76a759b1587d3037e107
69bdc63c91996e05c02bde43,f053f6c185fff5bde65be2570071948b40e1053c139a0e995025c7cbfddc37d4
69d2082b91996e05c046a290,7827080f41714dbd5bfa9969450072709b66ba2c205162a0c59944d4fd27807a
6298ea3b53c65bae2e73f395,073679e29ae73966921b85e71aa316e33e5f676dcee1770cd5236aad29bd3508
6a1fef1691996e05c00952f0,91e80f99bf474e954ac92acb3eb31a510ff66b9dd2a8f1e6dd85f16b6640039a
6a5f2a6b91996e05c0dfaab3,65d243f24b03878b1d4b7982fa5b261c041921ac614cfee8c220e2c48bcde5cf
661fd974cf21b2948d877326,f6879b077a07d86ba6dad9b62dfb4c273c2e15de5db2bed41d9a6e6cd19aea7c
6a1feeef91996e05c0088c92,8e73f6e4cad34a12deec46fbc0f7c049bdf61d2301adc43e7b40fc0d67aa5a9d
67ea39e6ab7e60756e9a6b67,35177590f4b11f462e17a2a630ebcf658cb8693c8fae48483e22ba21884bc845
6a1feec791996e05c007cafd,a28a59bd5cc47cf80f77915b8d90ec5d97392d48bbad171f9389e0475d062a59
628f45e07bee9c5d5a889853,f870dac6b02faa2b65f4ffecf2b6d13e5c654aac266600769426a9ab08d7fe30
6a1feb8991996e05c0f7d110,b34fb7e32e581eb1cfae33fdff2a2495cfdb147996d6f8ad3fd28d76b1299501
69bdb09491996e05c01f1240,ee2060d43fe83cb51f4766f90f3f1794c6b4d4d29620bc3244fab10920f70be1
60ceac24ee3b0993eaa6f646,7f2a66b81876ca9172d33c6890ab707cb1e803445de8899a321e49d52f08ad2c
69e152a691996e05c09a8a8c,17090902644a33ca0c5ca6573f0eed3aa68954834b009f11e349911a3ec1a21b
6a1feec991996e05c007d49d,1073f5d5ae0f71fa2cb6fe803fe59b8440758d9985be3619e25cbb3d3aef71b4
6a1febb091996e05c0f897f9,19a39136b636b0fc83b1dab514509fe578eef99ed3a334b8446419c2de5cbca1
65df2fcecf21b2948d2a28b6,0ca6d2db1013243661fcb1970f488dfaa7079a4652654e509d02cd5098a97943
62272c987bee9c5d5a3c0bb6,f7433a1e5c55d7ba2f8e5f5bd5a518ad3a619df330d2920ab4efb0d871e57bac
65dc7227cf21b2948d355f96,8fa0859902d03acf0309fd3e86d53015a93ad7e3b9b44f49a5fb9cc427c4cc0e
65dc9192cf21b2948d7b2222,778d3647d5128a47de8c4437c33fca638517e3558ef4313ffe833b107e27172e
69d0175d91996e05c054e0bc,3d44d4b65892f6b76818c796164bdddbef2b52fb401b0ab23959ec43d1947577
6a1fefa191996e05c00bcc7d,822d6fdf4a36cedbd24c1ac56bcb2846c92b884b3cea9d31caecd5d3b1023bea
6a1fee3c91996e05c0053339,f9247be55c027ec920520c8856b52c64c023a14d24e8b979b3945e7fbc231f5c
6a1fef8391996e05c00b4195,3637b1ace95bfa9be963da0fbf58a798fff7d5931dae1014a6cd86c43c658a37
6a1fecc191996e05c0fddefc,309e4416f1904145316f7462ee6255ce6594a267d95082d9a34445360c564170
6a1fedba91996e05c002a70b,2336a6704f649ff3c5d18b0ab41130b3f04970af6a6f655508294b30a8098462
6298e5a953c65bae2e708e96,5dad560b632326c6065cb942269ae0dc8990d1728d807e484752a4cc8f1493e0
68bece05e3ec279a558b38df,45adcef775a09fc80c3751ee043cba704c09784aa02de5bb0b548eb267a3b193
6298bd5953c65bae2e48bb70,8d14ffe5eac457c53d47a749f0e724e5a91367cd2167b5e34171290107f4f5ad
67ea3979ab7e60756e999a4c,f8e5956e7a2261a84a659a929913ed9b3075ab93f48c689698f59cdb0a1f8350
6a1fef7991996e05c00b1625,ed5ea6cd40f1a845bdf21d6a5359278b03f948f06737e78f29d882c780d1da03
6a1feb6b91996e05c0f730ba,821ad692da161e0dff12b0005b83270958f1f8eb5d4f14c1ca463910a4602668
6a1d70f291996e05c0c45222,71396a3094599fa126e4c975cd0690e58de0289c44caa5e9d2e8ed50cf32056e
64afe3efcf21b2948d616400,4714d1d2d95afeb43391b8e6903e276f6878041331fef98618ed2b816aeceab2
6a1fee1091996e05c0045d19,e83d401d70edbd3e908b3f9d9c07f40860f2036acc2aacfc4cf939a6cef6d787
6299113253c65bae2e8869c4,57658b117eb6ebf029d7e4ecf53a8da88d3781286cae002b7e9c0088ae71e4cc
6a1fed8391996e05c0018958,523ac0866d09d24ce825440f81b80db04a42f0aecedbaeeeea86d296af74e688
69bde09b91996e05c0387242,e57ebe2e173fff26de94af9a02a178b82632e89ffc047151fdfe07768f8167ba
6a1fec0391996e05c0fa44d5,f34b27ca13e1a302a890f1fd8b8e2ec14ee48ef9ca1bf8a1c595954fd541d929
6a1feca391996e05c0fd4cbb,b0bf9f19a1647a31da081d7eb0d2c0348635e558c3e8e3ca13dd7ba8c21a0333
67135bfbab7e60756e0610df,8c1f0b95821017b9c46519e12b962bccdc943613252a6d5cdd3935ba2b7d1ea1
6a1feda091996e05c0022594,3d9741586ca6f82164e04197aadd5121049af8819f86658d4cef997a97d24434
67ea23caab7e60756e73e576,ba855a5ba0af6b52700b7b277ebb64a4cb7f193e4a0ef49ea63dff76e68c3366
69dfc04391996e05c0bdf1d1,0a42563ce951e310c67754121159ced280378587e80b1a48275c32c5c8f13465
6a1fedd591996e05c0033734,24a08975796114b05d3c38834c8324ea8d8bf85635d7f7f41bce316b0e5ea78d
6294de2f7bee9c5d5a63ab78,b34fd40f98d63f56cadff01fea3df34e0c492868fafab4b7f6be6b4f09c8bcee
65dca0c9cf21b2948da24781,e256c9eccaef7fc6dfa17c73b5bacc7fd47b704ea87b4c6b0431026b46a8cf8a
6a1ff05691996e05c00f29a7,6e6b656059bf45aec45a70495ca3b223e5ec8afdc170dea9e7f78b69afa98ab4
65dc864ccf21b2948d61579b,793cef8c2d758267a5b54700ff55eb2fe3bf4528492cee59f5a17ea270dc5534
6a1feb5691996e05c0f6bcb6,d7ddc56223f32acf9a76e3c46124ea199ed2545f2fd4426fb67051e906b61d23
628f3bff7bee9c5d5a80aef4,eaf10d721864cd19b864126c79c25a68b22bb6b8d8dedc260c3e9a582e473072
6a1fee7f91996e05c0066bc7,eb0f6480411ce5cffce0f2ce97abbb9b50b25bbaba34407fde9d2445a5beef92
63cadad77bee9c5d5a71231e,c8d936ed01aa7a6a65b88ca768d74bb81bc243c3c8c27573ace646c2a0953fb0
6a1fef2e91996e05c009be6c,567479e72e974c6acfb4ca5a08e6ef10433b3411a958f8cd8a8df43560c30e7e
67efbaf8ab7e60756e70837c,a3174511d6e703228d829d6edd69c878bed31875d57e6de87176beef6afea3e3
63cae2f77bee9c5d5a760d55,2f2a805d120d37390082de201b0dd9c3b615d22c478d5bb40756b64a27ebccf4
628f3e897bee9c5d5a827227,a6f55cf7349017a58c233db20d98d5237ea9d80704744e980991013b29dd993f
6a1dee1491996e05c00d071a,72e5a24c9c0a4f9317a30c4dccb980a82f827ffb991344c5138f5a60f8a816c0
69d0a29e91996e05c02cbae7,4ffb6ea00f5c6e286c3b3c2259ffa44f7eb7c321c690763665de164125468d24
6298f40b53c65bae2e7ae2f8,eaf09d5f7b33b129da11f1c5e15876cfa120f317554c9e5d0a5b47b46bf93e9c
6a1fed3491996e05c0fffe44,766e7edc0f4adcad4cdc0ffa63d796a9d3389cd1b1c2d267fe39758cd64a1186
6a1feea791996e05c0072e9f,6ddb4d2def0f25dc9e0ee084e5b5aaedbd9b6422a8e53ec9a690ca9e2cf4d956
6a5f2cd391996e05c0e78271,50fa7c8432fdf44868307d25344e6e2b41a4233ea7aa76c0846cd06bb9c1ea9a
69d0a2e091996e05c02dd81b,1335b33d4449be1d55a16595dc7a723992e2740426447c2f1ada92f2039e8b19
65df53f6cf21b2948d84f5f2,f06a0ead598ccb380af23c3cac748c67605e2d8d9d1c99650d1181886a112c4d
69bde49e91996e05c03ab19c,49abd122282cdbdc813a3aca6a1584145dc707aef02e4cb9658d7c79215dac06
6a1fecf491996e05c0fed155,3a6a368e03d7f20f5d442d153d2efbbf8c877981b1508711209b8dea6bc5f692
69f0902391996e05c083c3a3,202b6760179c0fdfa759726541f60012c1b56b379cdd32b1d1c7bb60d9fc16bd
680f3e9fab7e60756e8c6efa,7c2c30ce3d4d38cc3de6d7c2f569e4acf0bd32dcffae8219b446679c32846837
65dc63a9cf21b2948d17085e,5595c821f9da130ab9f90fa45e7d90defc5b9c44123781f450028cc48f32b120
69bd80a191996e05c0e4f76a,588f6ea1393339c4ce033793f7e346e7debb0423d2e0f7a1d3474c66957299a1
6298eb9953c65bae2e74df99,c2b4d614b114fc4df68c48e8ec900b125cbe428f69e37a126875a6f58a4a3a71
6a1feed491996e05c0080c79,79a59056e8686e6133c556d40383689a8c099d7847a61f7eac2da14dfdf9abd3
64f00164cf21b2948dbe0faf,e5fc397d0ef2cc22658a15ad6b018c7c60da46665089f86d2a511e75df3c4ecf
6294de257bee9c5d5a63a3ea,c084dd5b33f899806aeb226ba31e7e9a4f3f4d4b4f29224c064f9b84dc0e4e51
6a6dfa4da8ff762f0d81c114,802273f56595decef3438bd0542ad5fffcc807067a9adb4a5113d90b79184433
6298da7f53c65bae2e660602,c213f320eb3ebfbbc470666fcdb4f41c664e84c85c19b9593a8bdcc614e7f1c8
6a1feedf91996e05c0083d04,e83aa9b0a600c14deae67a07b6701a97d7add81c797f63a86ac55bcb95268608
6a1def0f91996e05c00dc150,68d265a5a8376259213f2f0e7f747accd02f3e16df5a737bbabec9111c98d188
6a1de82291996e05c00687df,ef3bc144f16947a77deb11fe1890be3b1c2e907a9b15a0ce917226e43579f79d
5ee328ec16d97489fef1f651,ab87c9ad2dce558898d8cf1aeef02a45643433e142d57c0a52d015b12e55c1ac
6a1feaa191996e05c0f315e5,52017c2adfbcdedaf1ef020cbb75fcaf2230c52d6956aec00bfc7fb21f63d476
69d0bda491996e05c09e7924,cd435ccfe5d254997998723a912918e650fd5dbd87db613d5ec6a761d68f075b
6a1fefee91996e05c00d42c7,e6f5d925136a4b0ff6e73a81833bf931f22efe9ea517341fe0e219304bbe90e1
65df23c5cf21b2948d0e110d,a43838523339411e3b89cbfa5cfe34a19f5aee55f2a9067bcfbddd34e113ba51
67ee83c0ab7e60756ed63d42,c8a299c04ba17511ae1fb48ae87693e3cf1c17094d6b1283e8155b6f05e60d14
6298f64d53c65bae2e7c1fa4,7330fde0cb575e649448c690e0bedb74c16393374a42c64ae1b932f44ea977b2
6a1feea991996e05c007357a,e8a157ce399ad198e7b39d1fc67eedd08d2012aa4eaa8f804d04116bcbf93928
628f41327bee9c5d5a84944b,ef5e275d38975f4a9db10ceee5ec5f953bb3387da381e272aebc82a9d2319a54
69cfb45e91996e05c039793c,589135fd41470abee9ce8745d0bf9306baa6c299c19beab5e74211f72873aab5
6a1fedd491996e05c0033396,13074be6bd1c2d005357d9d1d35ccb6ebce4891ea7f51b18ebfe979dfc9f235f
67135cc8ab7e60756e080f66,b83bdd5037ae4249669b27dc44a99698cdee15a14c5ad9c98610fb737ef25ff3
6a5f26b391996e05c0d324f9,2b4d80326f0f75da63a5fa9358a5d8124d0a503acbfb5397c8aa6185988ae09e
68d6bb0ce3ec279a55f78e5e,1fad1a784b04a33c7b8e09ba14ee6b8ec46a9935053054acff03cdcad288dc59
64afe4aecf21b2948d638347,3ad014ac94cea57622ca1191f6800d41d4def6bd1cc853afe5997e92014f5762
6426be7e7bee9c5d5a6036e9,71dec883f96ba9f5f7d082dbaf85a3fb2ba363bc7599b8872c9382e4323ed09c
6a1fee3b91996e05c0052e61,ed8cc36fb13f8e655b07189da28dd7bba89ec310a69e46e2b91ebf25c2f6761e
6a1fee3691996e05c00516b9,01d66423da73bfed21cd7261878974641f39e084e6d3b0cdf6fb5d0c1aa1ba2f
6a1fedfd91996e05c003f8a5,81fc625d549c67fffb95cdca05ade62de3715c982a074450bc79fed0c54a1bc7
6a1fec0e91996e05c0fa7685,38d9a0cff31913764dc9034172165b7b5b346169f52626257460bbba057a1d29
6294db187bee9c5d5a60b2b6,d053050f1a002e052da41342392dc1c3b6ef4151a1e15840f7b1e825049bfdfe
6a1ff07591996e05c00fb67d,f9822b63a7fe06f722cb2d8322618a11263d8ccf68a4ca72cedadf1277dc3179
6299170e53c65bae2e8a60ad,0d6ace1b6a4aef242a57e1b147a3c3b021bad87daeb79563c41c59720064da97
65dc79c4cf21b2948d44ff47,0795c6b224d025be7ed38a49f1b479b5e63afc534e2bfaa4319e76f41e135aec
67ee8216ab7e60756ed11829,4c904e098eac75eaf58c3a3d0cc4a6b7de14551b97d56ec54ad8c1356076e2e3
6a1fef2391996e05c0098f5c,d698a6b6e1cd4416f468f6c56a584885860afa2102faf13c89859b3d67391ffc
6a1fe9a791996e05c0edbeee,c4046fb21ac675b940610be78395a7fec91ed5f064915eb7827bdbdb2cdb750b
6a5f2c1d91996e05c0e55489,f03abef157cf4edc55a4dc98f8ba2dc2a07882da8c0c99cc5a0bc1b90556c100
6a1fed8891996e05c001a43d,38541de4d0551780b5b4ad776f9876946b907e1a59089a10c6935ab4eb5b01b0
623dd5e77bee9c5d5ad4b300,18be878177ff616ea222b2eef090737aba59a646add4d1c4b01ca37977a85f06
65df3057cf21b2948d2b7a79,2302fea5304c70c68725e405cc057ef02940a59b6ed97d42de056590a28a5b2e
6a1ff08591996e05c010020f,3a6ba1cca3e2f3e17d4f9c54aed7d62723700568354abec2385c37349755012b
67ea3719ab7e60756e94d44e,04759c65e2365617f09ac4623eff6cefd3a875e39ebc46045058671a7e2f146b
6a1fecbf91996e05c0fdd3ab,b3dcec08a6f9d5cb358b3e880fbc2faf8885ddce5e3bc33d62b15ad51b209dec
669788fbab7e60756eef0f35,6e289ed4fcce3f17a049a1c7e1397e60e95337f495cd155fc3f7034573fa44ea
6298f53f53c65bae2e7b8bff,fb82db53cbdc133d367d5df38bff15268efb63d10aa229bb2260cc677e5fa239
6a1fecb191996e05c0fd91f9,11b289c07c84e50051661aec61044b166ec7adcc3897effa8ef54ba7065afb20
65df2311cf21b2948d0c1e47,24e85beb017aa996313cedaa0ceee48c098ce9c18ea3b00aa08c54f70c137e3c
6a1fee4391996e05c00552ee,3cc22c8ba2900a651d64e4973a760bf381bbc89d0b19f4b9b56d356f844574a8
6a5f293a91996e05c0db915b,01d332f039b8b28c7c8d427ec8c8eba52f9c1f7afaad6c16cd0c8786d549980c
6a1fecc791996e05c0fdfb3f,5e4b36887371d0be53b86bd3ccd1f60e4f755ef4b1d045ef9442b2e2e9381ec4
67ea30ffab7e60756e89e716,e7f9cb182dff55927945cdaf47b7326794cefd7eae850c57f10256bbc2110b3a
6a1fee6291996e05c005ec0b,7e28a4c83162144fc68f5935eb818f0940391ea03068cd4a0d91d263a3cd9f48
6a1ff0c091996e05c0112202,751fce379c8a389fa2d6f4816b3331b21fd75e019fc6e87da0acc1aab29ccccb
6a5f29f991996e05c0de2732,423ae29acf012f6d88027dc3b68286c05f97b353a6577603e70a8aab61b311ec
628f39247bee9c5d5a7e71f6,f7bb6393b06078b5f050119b99d8234d80b96241868e1eebc45ddf72794da083
6294e15a7bee9c5d5a66cc4c,996e5f7ba42c2e4aafceb192b96d68a4437d46586618830ae377ff99898c1867
64be45edcf21b2948d0fd186,181e141d9a374718ec1b64980cacf1ed4e922b6567474b90ebf5ae510b3e6013
6a1febd891996e05c0f969ff,6955cfaf4b21bd75350c39b36f12b85f30ae8e0edac8c9e91a12563a653f90d2
6a1fee5e91996e05c005d9c3,cf6abe24a7454abadc79e78b3aec2754f4538463a9fbfdc9cb4609f445f26917
64afe4aacf21b2948d63656e,b54d8384da03b57c94e520df65d1679def417cf3f399cc7d99361f1cb846bc9d
6299197053c65bae2e8b2189,71d292cf6956a3dd0eca08538abe43aef9680e1eab7d8a913337c94528bc9432
6a1feca491996e05c0fd50a0,6c1f5861aa3f57e6f3d21ea4a81712820695bc81a1df99d269490c4b7dbc24b5
6697875eab7e60756eece54a,b9ed8694bc0ed8e87261fe66e4181e9d48a0a4bbd97f0678be98ae63c5e924e3
6294d2457bee9c5d5a561ed5,93f191288d08762793051eb8f864ba104be946bd10654c562ec099573d7cb397
61e1c6e0813bb28a9030dbf8,0fd085b7197c98a928acd123f65da0f1db4156556018444f18555e7bf93a27bf
6a1fefc091996e05c00c6405,2ef3213cb731ce8e03c035f7447ccbe8bc7833d28d6a397ca5eb6830a683b07c
6298e7c653c65bae2e720d5c,3115ade0c443a65131e2d2d99dcdc7dde508a52ba75ecbd6b635d943c5aeb30a
65df1667cf21b2948deec486,1090eb12496aca2873fe99e0ef8b7f36a105679c4bba9a5d0b03a1aff54848fe
6a1fef0391996e05c008f5bd,2943ef4c51023d87d27040b2a331edd036a17a57fb5718fdd5d413e7fe526e82
6298f02253c65bae2e7845de,5717b558e4e56967200bc805c8e4ccdb19a798d6157539cb5c2586b5c5890254
64afe6a6cf21b2948d692423,b586b7fac92984b186c1c37b62b67b3d232a17fcdd124e1b5d32d0775d027325
6a5f2a3091996e05c0dee433,55157931f6da0e7ed5877c6554c59b4262ec4118ad284bd97a54d118ab8cde2f
67f1158dab7e60756ed7d7b5,a37689914f3ac857b2675890a67022f52d46a23ee317eaf1aeb844d5ee879393
69d017c491996e05c0556dc9,2c3e18d0daf89cb974414f4ac5365af9e68fdcad4f526fc5cfb84c33bcc52fc2
67ee8611ab7e60756edd24b5,3340eb2effa25593c8e274b62cddd78a444d51946636904b4dbe801b44ff3ef7
6a1feebd91996e05c00798a8,ca52e61af825b2328be35e0c1070a877eb538629d00d649af7d64afd29bf9894
6713596aab7e60756e01a024,ccdbceae0d5fcf7de60de40935149ff502fa672260c7973be266d67af2fac92f
6a1fec0891996e05c0fa5ee6,8bce5e5d11c1f57abe216bd471a3ade2830c8d3591a83ebc8bb6426cc7545319
6294e1e47bee9c5d5a6754d7,d248daac2fa35155c7aaf7187a1ae411ac6f1892eaa19ce31a83f89c700bb41d
64228f577bee9c5d5aaa685a,96b061777c607a33d55ce85a28464378e06b64ed1889c461be5b3a0c90dcd8ae
6a1fe96891996e05c0ec625b,62d9c93e0210724382af31a891990422a09d3b9530fda3330f5280ac61000b16
67ee805aab7e60756ecb3143,d74637ab56aeae9a229913a75d8486a02879e101a090db410df6d6b11e0c123a
6298cc1353c65bae2e58c26b,23d65621c3d383761493ca7fe4fff1c4df6da862f697fd1aa185bbe8d3798875
65dcaec1cf21b2948dc330a2,3c04453c10e4855a62f2752b3b36d7ab76eab9306ad05a40b44dc9ad59ef37cf
69d01cd191996e05c05b17a4,8b61b6db40c67e18ace440471c8c83b30ccf410e00695658b71df22c5a89946f
6720d8d3ab7e60756e78db61,a028acacec9e5dfdce75a159ec824d9cc33285eb9f01969b320726bebee635dc
6a1fef1a91996e05c0096979,4d16dd283756d100f62919fbabecacf2ba2cf7f18bbe4b1d86a791b099d33261
6a1feded91996e05c003aa15,113ee4029eb581901e0f0eb8dc725087ab7de4b2504bdb03a6731679b8910a4e
6a1fed8491996e05c0019098,2b65542d9251577456bb6f7dee0250b60f3d9b6f52fe827da48d63912c8117c1
6a1ff04991996e05c00eede6,29aabd100d2d4a10086b79511d046749f0546c80d9f9749cf6e935b2c80093db
682dbb52ab7e60756ed2c30e,0a4aaf8a022de964a4613399a179cca0eda332f71d18c15a76a1a46af2b33ff4
623880907bee9c5d5ae574d2,106f403e6fe1bf77e41bed81fed7fdb13345420fbaa5343c60ac838dfeeaab3a
6298ba7553c65bae2e454f43,29576a8290d28be9c1dcf08d20cf5cc8d0127296e6103f11f7966e8fa810f899
6294d7587bee9c5d5a5cebdd,73285fc9ad770618acbb8a1ddbd7ac894cedc65f5ac12831513bde18361bc9d0
6a5f30de91996e05c0f3e818,8be1e9be3320ac96f691d4790fbbd0d85d97318497df143a34db289151e529c2
6a1fed6a91996e05c0010971,f8644e3eec07b5a16f8895f6622fe836030de351db0bd8863c65ec8fd0dd74a2
641aeb2d7bee9c5d5a3b540d,87517cfee56590a46c7aa2aead858038b00c9ccf452388b04a19588bd0f98285
6a5f2aa791996e05c0e0829b,6f8ab32b3cfea1b0b46a92220d74ddcaa57040a35768c41de7ca80440cbbcdc4
6a30f24691996e05c05c6acf,b1674fcff77d672e074a68edfa9fb61f760a913742329f24ff8edda072e839b7
682d7dbeab7e60756e798c9b,dc421f8d69e0f3d52eca6550fce9575718bdaf5f17271f56da559c6847a05acc
67f116bfab7e60756ed9c9a3,94c6801b7db7059a95bdda2a6dd7b3f4fe05ceeca6044c891029676386d4de65
67f110afab7e60756ed0798f,570e2c34cb491c16c6e13eec54168d886ed9e36cc14365829e95569ddbc2ba7f
69d0a48991996e05c0359286,572187c12143032659a8fe5aa3c07ee7b1cc657956dda759f32c25bc11da99f0
603f90add5cc3545903d821c,34ffa6f9bff50e71010f8f7f553d5d5cf5dd0d2bdb799a4976c0d66d7940f0d1
6298b95453c65bae2e43e96f,c24d31008cc4d7cffdc1a834113b801e4c93b0add7b8652fe917cfb215982864
629914e853c65bae2e89b25d,49dd338115615cd3724ae9cf3aed21579a1575790a90bd43b63f91dc8bf6520e
69d01ae791996e05c058da31,567c3f3a4f875d26895760a98396422de523dab541f9b3dc745016fededec0a0
6241b28b7bee9c5d5a0896e0,c72d32a6df02d8fd7f1913ff4c03f56777786d7664f0c70d014c77ce2b0dbc3b
62e8eacc7bee9c5d5ac142c4,d346415856f8e82bd6736aa76070fe0dfb3cfc700a12c7af2deb417ea084a58d
6a1febfd91996e05c0fa2979,b9a8618cc3eb60a9a9bdd0bf8e0ab604cbb818d6b17dfdfabdd203a396a9e240
69bdc86391996e05c02ce9b0,fabccebd5f6de710987eed46513ac57f7cb3827dfa1db16bb9147b774e79f8f5
6a1fee3b91996e05c0052d43,9f921110cc40d9b5b154ad9ad6c7ba8f062d4e86d6e861eb4c568ad9ed83baad
65df3e35cf21b2948d4ede74,40849c191923f8f5abde397c9219df718a3b76c569df8b9e13bc88af4df7e4a9
65df4f34cf21b2948d79414e,5d8ec33d8b6123c41ff31dd703877467c45f1962d77683ff85e167b8833cf4a9
6a5f27e291996e05c0d71a17,8727e9b30223724b2eb96c628eb2818567d8d8cd25aed7f928dc603c5fe790e3
65dc7e9acf21b2948d4fb43c,e9cdb17051f138bf5434b0a0edd0d5fa8b69448fd36a50d1c6c3918547c61a56
6a5f2c2191996e05c0e5615f,f57335e41a5103085df119fd16520e833987f032b512a54618fbfe62503fde5c
67135c2eab7e60756e06bc60,c302568972ac91e493e64548681661804beba66daa73ee85e259bd10b8a77c04
6a1fed0991996e05c0ff35ec,1df62771dac95e027481ceef9949a17e5cec41b0464706bbb240e72078b24280
66584631ab7e60756e6b4c8a,9a9bedb27f31fcc3434e38c2fdaa7881a6625f0cd458a387981c77570cf23698
6a5f350291996e05c000f583,69459c428a8c9e950c3290cd007874ecf9f8d1b97629e2cf31faffeda8586676
69bdbe3491996e05c027a55a,d4dc80f4d5e77f736591802bd31c3da938f532a719dc45f8fad90b95cc8069ed
69d20a4091996e05c04d699f,237ccd4fb366c017415245ec74e3c4a22866798679d56985e01bedd46c156d1a
69bd6f9c91996e05c0c024af,b940d94fc43aba3de7b193dc01cfe93a52f50aa616b96c9bff6695ca72471276
69d0bdf391996e05c09f9e1a,59a99bfe9451ea8d0df4a79fa42715998f73cb649579f7dc3bd8efe87fa32a4a
6a1fee9291996e05c006c7be,1c631c6795f59d46a76b088705c0dc396cb57b89d03c7e837f3eef0fb30d9dda
69dfadba91996e05c095f5a0,8e44e9ec1008cc5cddbe1fdb448c9df44f8cdd21ddf38930462192be7c010831
6a1fed5991996e05c000b0cb,6cf2b996230fd99a3b989db564fa2f9b920a55607d91c62f734c694b23c79520
6294d2097bee9c5d5a55db74,66d29026c86c8d3c1823328c1db4ac3e4e661be3e1fa90d7fb6888a8f64ed7f1
6a5f2d4991996e05c0e8f4fd,7119317a350f1f5dc14357c23b0e8a95a50cc5551154f8bddcbd7255f7fe3dcf
6294e2727bee9c5d5a67ebb7,82d21a1b1b44303a3cb5e9fc6ad414b4d4bc57b518a99a035b2d7af740bd98bb
624c1d7a7bee9c5d5a376929,8433014dbd6ecbeaae7897c3e25a57c0f4f759e4d82a7ed3a1c2a0460f247bdc
64afe4b0cf21b2948d639cbe,fe62974ffe1bb52a98d03168cc5d2b35f34683446956e2ff842bc28a4d7e22b9
6294d6057bee9c5d5a5b76e1,4b6f6d08ce9b007d6753d0ae6586fe71dc88b7ae84d8a1c346c84d771eed702e
611a23beee3b0993ea248c59,eca7980552765e8204e701461d68b7606e9bafda1315953e79fb08ec2377a9d8
6298dbf953c65bae2e675b75,1d686ef41a594295c070f1d8a031e604416d255e6fd90b351d458be35369316f
6298f01753c65bae2e783bfe,be3b98ed29337b68ebe8d14b33871c08a5b5946d57120804cda124444b45e372
67ea3868ab7e60756e976b02,082d3a152330834c248fc285c6ca8e407e0199f0aeaf0a1dcf8b57ab5b714a46
6a1fec1491996e05c0fa9680,3ab1eeb3caa04d41853dda0294fda0ddacf4bc32de49a5bf0ae4ca5334f6a61d
628f42487bee9c5d5a857f07,8a8ea915bf116380457aa29944353a08e163970b818551168e2941dc5fcfc7b8
65df211acf21b2948d078322,e46e219476f60c54d9b36cb0ed1b054c7123d6f5ae88d42a34c92d00bb68e224
6039e899d5cc354590ac1b41,484d234932c601d75a0b5803ef1797061ff0e28a278ecca8f7f510540aa37317
6a1fecee91996e05c0feb5d0,1f6572badfdc367468a7dac7a63556f955e1f89c7761baa1313b9095c74f6628
608be9ccd5cc3545905b7dbb,1ddc0109832fb8a8a4b1b0e8b2a69af5fa6e82f0281e187c264f3c9fe5945d16
68b545d3e3ec279a55b5fd0b,b6ec234660c9e5da000cf4201b084c86c26c18b43ab72ff9985e91bd47475990
64afe44acf21b2948d624a1c,a28d386e8d2a7c42cdeff30d0b1e8a5040b4507e6cd233c764483619fcdd7735
628f3d5d7bee9c5d5a81a2b4,f1f71602ec257d0e65e262705da5ab26097030ed917c37fd9106c4915c42937b
6815ef1fab7e60756ea43a36,6f5694f7353e01c7911f24180a413c8ad4e4a88cd4cdcbe0d7269fbf59cf6bfb
6a1feb4891996e05c0f673ad,5282230c9c75c020cccbfae68b6662465a99b21a8ee9ed613f95edf354ae2b1f
6a1feef591996e05c008ac80,1ccfa9f13b146ca40eae2e8ebfc363776d8c9cc85cae70dd0d896f945ef947f6
641aee577bee9c5d5a4129ee,c35b9b99c7c06ec62184c6e43566fa71b7ba28a88389f04b65c6039e67d6cba7
6a1febb091996e05c0f89a5d,c811ca4abb8d2247cf63a630f25ecd5ca13d39b5e8afc2dc374fdbee84801f9f
6298fd0553c65bae2e7fc8e4,236f5e998bc55217d5046a39eaecaab897f7e0703eb15d51d4994b180d833b3b
6a1fec5d91996e05c0fbf961,4171126e6e96a9fdb21ed07261df48fe9df9c24429b0db1c652ec55d916d3caf
6a1fefa191996e05c00bcab9,ed9d7a46973aeb993d63c11789442b3f7ffd83fc140c6a4bf56821c628891d9d
67220eb3ab7e60756e6daee0,fb66ff566f99f9f6faeadb0cf37a66055338f20e4af46e2594925fe594dad504
65dcaca9cf21b2948dbe453d,c4cd2888a1ca73e7407c1fce34cfa194342bf2665eb7dbb9780d12fbe314b39b
68527b30ab7e60756ef8e481,a39ab88bd346e908f4f59e893dfabf7bb357ffd76cb14bce7a32d0f8d01b7333
6299131c53c65bae2e891640,bee3377071e11eded4f27e31eb9f4a8f64dc6300b5b9dc206edb693e1ea4311f
671350b3ab7e60756ef27f72,c53c88ec38aeb8a251e5d19e047ab89d40fc552a04077dffc120fc50322ca615
6815eed1ab7e60756ea38453,b07294af032a67fc7d72c9948e9c6f955e2c29d511f1a1cdd8fe262a0d245044
6a1fef0d91996e05c0092af6,4bf3142469e95a8c9b069d11515ce4733ea5b72d6147ffb6fce0a548213f9863
68db705ce3ec279a55b3d39d,ff51234d1c435a5712c67aed9d92d8f76580195dbb59f1dd1f41e0b65c1ebb77
6a5f2c2691996e05c0e56f81,f90fa328fff57a4eb75d20a049c0ab1b8d99b255cd627c38f871fd0424367ce6
6a1feec791996e05c007cacd,a2c5da0f3581dc9e04d326c61281df93b0e49a87d53c18a70752eaa4a6e4b077
6a1fee7991996e05c0065284,c1557b22167935a950b9f3e59e4a4551032690bde3df17c383460ef1a9500f9f
6603dd8ccf21b2948d53b3ef,d59284f24456001f6913b40d4d15d3a9544e1e99ba2c50e7c2922b9d27bdfd35
63cae5807bee9c5d5a772ae3,023dfcb88e766264a815f70641b5e128a82cc76cd30cb26aae357c260dc941dc
6a1fee9391996e05c006cc44,c285ea3659b4524b931d70aae013a4b7b73b4e74d8a6c4d6f85cd449ee05639d
6a1fec4c91996e05c0fba99c,5ea60a476264ec21cfa16e3f36eb066113773e706718e23ffea5848be53336c6
6713580eab7e60756efe7bb3,f38321d15c812b419187501e8b0f749ccecae3448fea379e9de254ebc0949c22
6a1fefea91996e05c00d2ba0,0bb1f8fc6b0c7f31daec85c038133bfce5c5e4700be90dfe2fc8b328129844de
6a2fdd1f91996e05c06ae18c,034cf85110322c45f0f4ee05b46d4112c6a2b975f4b12bcf15f6280a5c1dc7f0
6a1fee8e91996e05c006b428,94d427a86db682b98fa9afb278725f909f8efcee7b8628c4ff54e5986a15c67a
6a1ff01991996e05c00e0d33,0ca69269b7fb823de4647e2d773aaacb80f1b6463dec91dd8fa38821223fef30
67134f70ab7e60756ef03203,d235e53489f5c2b6442cd2d0242ef648e4faefe59d2400061ea2f5b32e2de1e8
67f10c0dab7e60756ec990b3,5881b5f7095ee30949223aab3ba38fa417ed2bcf9b0f10aacf4f2d884e408901
69ca35b791996e05c0e778ae,803ce429db99e93d3e5d1205be0238b8293e1e43a396d5119be0c167ac473910
6a1febf691996e05c0fa07cc,efb95605c09225927e722277595ca71fe239bf3e204cb5bc13cf6a0c5dccdaae
61dc39a6813bb28a9036f92a,0bc436b7fbe4271ea343a050e0cb542b44977866ab61fe97906911dd29573dbe
6a1feee291996e05c0084cb8,ebcf637629e4568a3e6f2c2e6fe0fc4e00862792d7416aacbcc47055c2b85697
6a1febfe91996e05c0fa2cc7,a5f9550e1cca231ac14e49a15ddc5c0a2906a5a5d88f523cc5f50e892018e1d5
5f6a3024146a9f17ffcfad2d,0772d1e38225b51391ea160079ea71bccb34313fbad51b5d9845e8022ef8bbbe
6a1fee5091996e05c0059847,ab9780b6a6ea329d9b17084d004131e8a4592ac33f6f022cd8ca864b595d73dc
6a1feab291996e05c0f36d87,60e403a1c00458911809ae8ad76a78289998d96d8c5e4c0e9ee8970b68b8ac1c
64afe6aecf21b2948d696645,2ce027666f7021e710083e3b6c2e1f5a962eccb904edfda675f4cde73bce6e9a
69cfefe291996e05c00e4b28,1a05e1bf9928c08e83f53e0de8eac4a10e78afd8e1a9861de26bdca0a3f00a55
65dca688cf21b2948db03a25,1aec1c5f00bb6ddc9f82775c3271b5fd5c7eb9eefb69cc9f265abce3227c4daa
6a1e08c391996e05c01ecb7f,d5e7c6b4cf1ff1a30ecc86662d4f58de7bd28e7be72a7a2b103a53fe063c165b
6a1fefcb91996e05c00ca023,e2f781ca29d24b960a5131c481c6108122c12cf25471e1edb09c41d835e21412
69fc10ae91996e05c0756f9e,36e914cc005c4fa10f84420f50d766c9ee0e5a0e7ae6d1382cbf62b3570dd6ba
6a1fec3891996e05c0fb45f3,5804d2f905484e025492da3fb10499a64720b7c06a35f1ca252e9a12c286b61f
67ea38d5ab7e60756e983c30,69d418abe5e214d66c5209265104d185d9048a40d9650ac5c28278934cb990c9
6a5f2df991996e05c0eb0f7f,a6a48f03f5e5f03e2de3aaeec147fd59bc5b4f93f980cd603b156f779244aa71
6a5f303891996e05c0f1e61b,6aeec34aa95f08a3e8ac6555576571cf448352bed94401f0a3d4f81737026413
6a1feda491996e05c00239a3,55c71cb36d5e82d7dbf55e52be6c2acfa510bcfb481b5140252aa7915fe5071e
6a1feec491996e05c007bad3,2e15e809fbc304c0402551bdf7bfa0f88dd31e1a822c88d063e2826bd6726173
6a5f2bd591996e05c0e46f09,dabd92bfc4efdde7f82576d9b7cb793da0261f56892c50d255078ce599679ac4
62990c4d53c65bae2e86921e,1061018dc718fe5204b76f0f65b5f029f8e8de4afda55102c8110934558f48c7
67ea298cab7e60756e7cec76,d9f40a0af790c8898a8b310c0134261d7ed0f16708f7876c6773f6d578285ffe
622348367bee9c5d5af0a511,05a863dff45a6c76e4c17790f8c8331ed376c5890708c36019abe9889beb35d6
65df2f49cf21b2948d28ccdf,07a1ab8ba2f068e81dd046fc70ed5aebf93d26747bf970a4abf4519b59282591
6a1fee7091996e05c0062720,947979a3002663cdd1315b1c7dd7a4e151a0c0cfb132c845593c5197b805e970
628f46e47bee9c5d5a895d90,7928f39da821dc8cbe659777eb03b3cf8d65e3f8582c10fb7fc37474b9fcaf07
69cfb84691996e05c04ad3b9,a1fb1b710c4d3b7c650a65568894de87017d21cf7acc295c7e802ce9e7ff1e01
67220e95ab7e60756e6d4a80,1a4c86a10fbf1bd1dbe60f1d18ac58cc613e874bd970b54851fa8a415eebf02e
6a1feeee91996e05c00889e2,57b524e21e78a350930851e47968d8bff425d5ecc4ac69fbf6cea3c05bb68e0d
67135846ab7e60756eff3243,3ffc9df30f500eeac497759e3bdd4400fbad61088a8a7ef96b75ceee13171e1f
64afe446cf21b2948d62391b,cf6746a90cc6e87a76b16e4d15ec3ed4ef103b7c600db7bcb9c1b84d2309d85c
6a5f338891996e05c0fc4398,163de78fb7518fcd65f2055c572cbd1ee5e5908677ad2650365f8179311ef327
6a1fec4691996e05c0fb9092,cbf6d92240a8acc12f2d8ae39b9d2a46f0a9a85860509e36ddf1d77aeafba2a8
60446b76d5cc354590abdf4d,957712c40e863449b96e0742097b7c27a8d3cc54c44920aa8f01245d92315975
65dc85ffcf21b2948d6099e9,cda47d8934067de4629a0ec3364bba6b50ae2c00e5edd84a699afc69a62dd775
65dc67b6cf21b2948d1ff2a7,ee57e6c3ba660f03c55b91f8afeb99e26a669698331378374169af93a7b135be
6a1ddab991996e05c0f60d1c,a4641e84ea3ad18a64a6d36220382cf6e905a4a742137f32d476f6fe2790152b
6a1fef2091996e05c0097e43,42cd2f15b7ef77c9c4d5c65e5f363cfcde441df7444ef134cfd6048a4215e834
65dc917bcf21b2948d7aebcc,76e4906b53ef8ff6e9b90d8407030f9134f10732b06dddeb8d57015624c5f204
628f4ca47bee9c5d5a8e28c5,c5aecfbfdc7910be33adcb3640211da7242f36373a2f73598534db06dd28b1c1
6a5f262891996e05c0d1648b,f72af839fa58309d2d95a004dc90d003cf5fa5649e6bb9292fa83445a4f73e51
6a1ff0be91996e05c0111a53,18899239f25fd41d1e97b8224ce06423b5c96a7942b0280caa11cf56e1965627
64e4863bcf21b2948d08734e,9823426ea4b5c1a0f9d84d011ab31831030bc30d1967e1c3d455f19279bec185
6125f588ee3b0993eaa11176,db37ee550b5f8af6a6bfb8ee9e2604698b47f82d829b9323360fe05cc446baf3
6294d8987bee9c5d5a5e44da,a46d6ba8c2eb6dc78950a86ba4cdb0f1dd82c9ae299aaad5c5b6ceb28860e308
69d016ec91996e05c05474cd,fcdcba96571e42f481b3fbd93f61c99fb5c10f20fb728ff64093571757d57b64
69dfa06091996e05c071e645,a4cb26a58b0e3e25ac1b5a828bda5edaf883499c0756b73a6d4d79a2a41c4864
69e6109e91996e05c0b29cf6,8fd83b6be11a9ce7449aa3a1a1d9be9a6c6efebfb2e6cb2bcb7bee186446c78b
6a1fecc991996e05c0fe08c5,4047e948c866b9440f9d32e079060d5a309e1a0e3c2159ba414dc73706aa1679
67fcb659ab7e60756ed44e6c,ca362d90aa47751da32b9e7290679413df973b61a3793f041a0d7613621ff41d
69f08f1d91996e05c080ab1d,55d6e5388a165f61a24754b929c692388b4e74bdd4e999b538a98ceb21e08d98
6a1feff791996e05c00d7203,93eb46b4a8a4254bbf9974a82b522c6f860af85b2a3b7d3c62947cd7b6184bbe
671357d9ab7e60756efdc5e8,295e2b1081fb40ed5fd1b69a9458a900cc91f06b6fefef46d754f12d2af9ceb9
661fd997cf21b2948d87b140,f5d7871386081d100f13b0c272bab313841137bafeff820e79e71a3ff5a79c00
67ee830bab7e60756ed43b3a,aae987161a20a6eb62909c920e00f5694aea3e6f75dfc3286089e1b09056a1c3
6a1fec5391996e05c0fbc70e,169b542d550b3ebd4830ce14ed6f60e3b620a42a6736b15046ed7e06ec7c2a92
65df23e1cf21b2948d0e5768,101feee8a43eb74827006d609248d51c7afe905d6f5e06a7e593f583e7720588
6294dc097bee9c5d5a61b45e,0e9d46774d1c7c8c285b40318e8c6019d84791956acb6cc40e24a80edeab5608
6a5f32d891996e05c0fa14eb,f857850584305e5ac3916385b7f50869b25e0460a5a254e7aa08174add557370
5f22e11e146a9f17ffad45b4,ee42313fe314cae3988d45c1186bdbc2ad393c58f78ce5f860242524c6cb726a
65dcabafcf21b2948dbbeab8,cef1eafd3063ae4dad64df8c579170f3ff495d070f5495f10cfa4b3ad6ee11b0
6a1fefdb91996e05c00ceb97,87b0df8557876b44c6e98b7119b0414af5ca5e922cf153fefbb4f4615553bc5a
6a1fef3b91996e05c009f758,e9e1362b6a79bf01b0724bd3df72f85170e01de870a68bdf9f1206f32747503e
65df4825cf21b2948d686fba,50beda286f502a230c196c595c23abbc09e31d5062e5c693394f5f18ba087c1f
69be06f491996e05c05dd1a8,30a056f6238d69f2fd00fecf75aa04e6631262cbcf8b7d52bb49ffa4ea22d6fa
66978614ab7e60756eeb1761,e06f01876c52a4717728ee2da90becbb5f1db33202a6697891dc71afebc5730a
65dc8c82cf21b2948d6fe126,4dd1d9a6192524a469c67711661d5e9d16673947e238e09cc669c13cbd21839f
65df2de5cf21b2948d24f317,7efbc2a9b8fbaaa69ea57dc1ddaf9bc582a3018d8c9b95b93552ca1101fb9bc2
65dc6393cf21b2948d16d829,b54d914e7d9abf4be2e5bec037ef31641b36003b234742ecd829ed85131d8cdd
69bdfd5291996e05c04fbd65,b90d11d1e42e44d51c2324fc34df2a25bd774860e3e3e77d3b8e6aa8d23f13d3
6a5f2ad391996e05c0e11957,75a176f6812b37c96bea58263c7cd48e741b9ea91af82403612072e417426ea5
6298ee3853c65bae2e76ebc4,70735e1abfd38439d41e02d6b6ae1859b9068b825722fe8497d9393302c9b553
628f3f977bee9c5d5a83524c,f86c303ed78ee9bc92918d6e99ef77ab943d6d313db3814091d84c16c270189d
6a1fef6a91996e05c00acdff,f7f95a339cf445a81ac7410e65ccd54deccee64ba681474f439a13ace4a131a8
69bdd69491996e05c033ae4a,dd7b46cca0590ca8e63a564ee456aff56c512f30f05a16bce0785643d8260abc
6a1fef2b91996e05c009b261,cd24ffcdce472ca4d0e6ed2b885a76274c8570bed9ff47fe707810ce3b533a98
6294d49d7bee9c5d5a59bc23,b6f1164c8a3b4d9de52ad0556948e6438047bed6732bf60d85f9f94512c8b871
6a1fef3b91996e05c009f815,7775c98c460b547e61635e3114bc15036b948950d9063c8b4be1fe5e64b610df
6a1fee5e91996e05c005da17,d69674b9f955eadcb0f13af04eb6741490b8d454ff2aaed7f418be9249b51994
6a1fe96391996e05c0ec416c,d7512d5c6527d4a9763e1acecbca78cf7151a553a653e269ba469f33938ced03
6a6889cca8ff762f0dca6b61,bbd7bc80bd8801a85faabcdd7683f4273d184920c23b0dc23fe55223244a17ef
65df4e08cf21b2948d768330,a0531d662db7f6da071dfd49319f1b6b0ef242d9baa3be4b6a55bda17c17e633
69e121cd91996e05c06ada7b,2e5210adb0da2d393999fe9e53d6eef52d2181e8646f312c20e86bbf7f32a7a7
669788a1ab7e60756eee9bc4,f247c0be3838a6acdd4e7a92b3f6e7ef64eca038a098367d5ffa2bcf15eefa60
6874ea0de3ec279a55e591cc,dc03f4c39dccfa9c1c10a26dfd83de8c2a6f8c01a8c8fd3758b21d404c5b19fa
6a1fef0891996e05c0090e42,86cdd9f75002637680b9ac82606b86ccc662147caede6c80584ab52a612aec5d
6a1fedb491996e05c0028abb,3b65d36e41b6492de3c2f9e6abe0a490387ee003baf8223fc659b6c97cfc3b94
624146eb7bee9c5d5ad1f350,c84a6a3ad4f7660b10e1c3ae49e1115c89bf902ad75b5cfbad4175a1a35f1afe
6a1fee5991996e05c005c096,9d1070f7cf29ccb6c631d27134b43aa0516f7a2dd3bf33a45f81f932508c3e50
63cae6047bee9c5d5a775f8a,feeb1da2a661035d04f8fe79e7339d2c27f85b162dee6a4bcd06bcb5f97811df
6a1feeca91996e05c007d8a6,ef960f8b11accb2394f1f6e6eaf0c66e0e9b65c83865492b8b1a590db28b94c5
641aedfd7bee9c5d5a407fdc,1291af718a5bcfaf58b8ec6b98eed84edb485f5b8fe0ed921ab658aa264182f3
6152f193ee3b0993ea541fe8,48037443c0dfa95ac33dd401b3c03bcedf0ddcc4dfb44099cc01372b990bd099
69cfb34991996e05c0344a9f,e4f0087bf6adea35f75cba65b837685c03b060dcde43ea5de7a7c34345a4cd98
5e47b27306e722a92b9e1306,85ab65343dd88bb5328993e3ccb58fbc9dd307ceec6269e48ebabec551a994dc
628f41db7bee9c5d5a852984,76c995b0e21c7b235abbc7e825d9728b177bd6003b80ad62b1f7a3aa24fbdd5a
6a1feed991996e05c00825f2,1ad7b355abf1ce74ad7c6e72d79fb097ab5f8c8e6c86a9693b524d13abf6d5ee
6a1febe791996e05c0f9b3f3,842c0ae535b07d43930b0b7a5a13ce2c419235f35ac962b023015b1c37926184
65dc8f41cf21b2948d760fc1,9582e6a4975744e31fbdb95d7ae0b30b22b47f75f5f9a2dfce9da859e4e652f3
6a1fee4e91996e05c0059000,1ea348e5e7fab02b37743aed1284552dff221bfabddbe237550f82958ffd9d7f
6a5f276591996e05c0d57abf,699ed0c57dd86ecb651b46e7ea2f9204083edac902325b94372715dfba6900fd
67ea38f2ab7e60756e986ff8,da2f75fbb6d13cae5d17cb41e2f1b15552b8902e28ce7e64efb18286c96626e2
6298d57353c65bae2e615408,7faba435964c0703a1855446baf6c3c4589b25920c9c583ef6f0d872a457258c
67ea3746ab7e60756e952cf2,994de1ab84763a53a3c35052d21f4014fd9db4fb2a99756135512d3da757c47e
6a1fef5491996e05c00a67ba,46fd4fcbb9ee33959be9a6ef7dd6bd9a36f11223bf6b87361a71cfd3cfaf830c
67ea39f7ab7e60756e9a915f,d66044214631442fb148e76b1aa1b0b1b10af75be7a6f442697aae71f3fe437c
6294d1417bee9c5d5a547aca,2bad9bce32c08507ffb9e351818e4fa831c1838eea5d9d7465df1052551ffb17
62990b1353c65bae2e8625ed,1d920b42911e64bbd071551652b864bb9b6038e3fdd64b3f006175ca7ce2ab59
6a5f25f991996e05c0d0c4dc,e002e1c842326b31da745a81c308a764732eaa2fd05909a986ed41c0f0c01a58
64afe4aecf21b2948d63883f,a7112abffb8ac6ae2dce2703b60f9f690fe6497d59b424adfab6cfa89ac72e99
65dc8856cf21b2948d661176,ad93fce0f614c3948c090a731eb97c14cf2288db85caf45f27f62234d1595e48
6a1fee9091996e05c006baec,a5480c4294451d7d22abc8213e8691e58713b336a07c116071364248191b720a
624d097f7bee9c5d5a9020b2,09732cf87752e7ffa7649bf390957c11e9c4721d73a6df64d8d9b08a8cdbc706
622843777bee9c5d5aa0491e,3c92b8803f35ecdbe86f6de83b5817998108e700bf3eb1bf4d4f610232d0e1ed
6229e9f47bee9c5d5a487807,cd225db928c47ca67aeb2b0799b957c2d2358e9c8ef83ff826f2b34f6d94fbc1
67ea2ff3ab7e60756e88237b,58a03a6d21d3ab23c3efa75d2a1e944d5337ecda715d10fe925dc19eb9b64522
6a1ff01b91996e05c00e1945,622da1fdd14f80351b5f1c34707f46009b3f86c89a91e823709d11a034f55bee
6a1fecb091996e05c0fd8ebe,5ef18b83fdf40c499b1fd5d8514faff9cdd72bd0bace55716d81de5c196a7069
6a1fedb591996e05c002930b,2a812c0b1c44908c5af36494c5ec08b881b4335b030d855692fac392fe3e4e25
6298f18053c65bae2e79360c,f176d7ab389e9f4207c8d37a954badb37f4a9bb53668189e4c685e3fe8b26a79
69e610f491996e05c0b3961a,b279b048c2618d9a9b62a9c17b912d049a0a2a5182cab99b53613e4f5ce0cfe6
6298e9b053c65bae2e738541,a0c0af7c2e9eb6dbaf1ce9dcb26e906c8612420730fbf88e17e40c73fa9dca04
67ea3557ab7e60756e918ca5,c25c13a8b534ddf84019b4459da173f9daf9057803eedbb46c108f2bb74b17e1
65dc70b6cf21b2948d32a5c7,cef3f1bd1b839f654bbfd3bc1b40517d235d39393f88cd118c9f7099309c7af4
6a1fec6d91996e05c0fc420f,5931cb115801b7ff214925b763402d1d4086072a76976325c645778fa2adf480
6a5f34e991996e05c000a36c,6522d2e44185e6d3a1f6ba79ede0a9dad8cc0cc3b8345fde3abd8bf57a5040ce
6a1fed7e91996e05c0016f93,7fd9237a8b18d440cf94ce4739334f2db2d3528a21a6f02d3cf372cc97510eca
67ea3843ab7e60756e97218e,51bcfb1d76ceff171dd1ddf758d5f71efa8891b9027494fbe585c12739d7f8df
6a1fef8891996e05c00b56ec,b081be599b12661ec8210b01843493a4e7b93c72055d2177e0da34cd86a81ed9
6a1fedbf91996e05c002c85c,3faf632d01a250e40f4ae75207e344bddb70e500516949ced5a0b2df9abffdb0
6a5f2c3e91996e05c0e5b425,074da9292d4823f68f07a94affec4475376082c20bbd45dc773a5bca7f83ec30
69bdc3c891996e05c02a881c,96c312b4e43f6579f3a4ec6664421c02d3a16f668bbafdf310af85fb203ef65f
6a1fedb891996e05c002a148,73508877efa078b4d6a8b816ef13fea066c4927fe4738925c69fd61fec47da9f
686662d9e3ec279a553b24f7,a2bbd87dd43f20c87c95642bbe7f56d09a8985e22ff0efc7e8b9d76da3a68386
68527b47ab7e60756ef91670,0ab9c60a1dfaff14d94fa504b222afbc0bb81e1b1cf5d0957db17739c61adf4e
6294d5487bee9c5d5a5a8b87,53aacfc099ed5a420d09385a77b5a3631f694fd030efcd921b9d938b2c059553
68c90524e3ec279a55bbd51c,4952c5a6d274917c545da53bf3f86df1801d98e8383830829cfd7b0e0c265e36
6a1fed7b91996e05c00161f8,04f41f2095fca4b1495dc7fedd70332f5aa7abe1373c871aea4b0f7c833c8ff9
66cea49eab7e60756e479362,5e61fe7407fada80dbda3fc9fd324ba5ac7014ea15a9a36d286b442868917e7a
67135c16ab7e60756e066ec8,1b23d985bf5dfe6dd7570c5f1e4e1ce23c7ebc499bf0c943c8dc883740fefcd7
6a1feb4091996e05c0f649c4,abb97f659c867968bba29ac2c24368261a87f2247f0f63c4f7e6ce8fb13c2e2a
64f0017acf21b2948dbe7d27,28da5e6e7f4f31edcc9c2accfe16cd62e7a416c2899d439f830bd429b32155f1
671350a6ab7e60756ef255aa,e78322875a5b6d2d94b38f381113c85dbc07e69dd85c5576bc075148037c39e1
6a1de53791996e05c002dac4,741f3dbd664581fee69c6531fcb412708ecfc7891ae9484352ed68068df1889d
69e1510291996e05c099b591,61fe3c443c9bbab8a3c996f3ab12c088650cb0921960623cf4b2c64e1dcc4d00
6713509cab7e60756ef23216,877f232d2c0acb65ba259c48908a9d98dcf6427078f9e5d78e2e8c309c0301f6
67134f20ab7e60756eef108f,4a60735defaff068a7ebfcc64620e4ff1cc3087fd83d4fe3946b31649e279120
6a1fef9d91996e05c00bb9e4,b487b6ab8124d7da0ab0d0899dd25066b4f870bb2aa4315513d1cc19f368db6f
65dc8f69cf21b2948d76666a,f9ca996a1442c12db7a177b08a63744464f887f2c180ece93d33b58953f21808
65df36bbcf21b2948d3b5434,ed458248e30bd2c89072446db0c7b4b8bceb5dbaad364ae7fefb9db4ec4ad361
65df1d5bcf21b2948dfedd8b,6a4f4522ada3fc1f51112b02b9efbe04796cf7c07e2967b8631c391d81e524c7
6a1febc891996e05c0f91993,d20bafd518c574e6bf049be0eac1291d8757931123cea4ba734c7c900900e769
62990f6853c65bae2e87cc54,a9c8468b37706b40cd853642a4c9bda284177eeb80d0c27ae104c34a9fb5dda5
6a1fed8d91996e05c001be73,7cb675b442c6524f257cdc249074d9c61828456ec0faab061da6ae50c3eda30b
67ee8078ab7e60756ecb7fb6,4ef695a5ea2771bf17243b089fda6e352d8c913c20fe77be0471c1981452c284
65df53bbcf21b2948d845685,4a0170b0f29ee06c6cdd8a105986123b7da9ba6eff16c0b91466bba8c543504f
6672bd8cab7e60756e1f155f,033663cbc74044392765ad3963f9afebbdf70a03759da45af5a07ca3e08397ba
6a1feb7591996e05c0f767ca,b585dd500ef5f6068462d31c008ae217f0100b274a9cf8212a71e5a108ba9e5c
69bd4e1291996e05c04cf11d,bfdc7d3f3b28877326f1cde26557b41d589644c65d73e8fa402d4588c45dbfd0
629906fc53c65bae2e847db2,9985edc2728ce25d4455ed0c5725a7b293557118dc2bdb5ef9923a534ebc2ead
6298e78b53c65bae2e71e2af,5545d71ad93c1886d2eb71eb6956431bbf8f0251eb34624a475db0404a459a1d
69bd6f3c91996e05c0bf4918,28e6ad89f55fe848e952539b69194c0a0d605653e24a9895d6ebd34fc2c8a4db
62990e4f53c65bae2e876a7a,f6445a428f34fe8513cd3f6c3d56bd6b5d0a575fe375e20bd146929841f3316a
6a1ff01291996e05c00df15d,bc458a89099a7c8c30081d1f46f3288f87b51ef754dfd3187b3c655609b543a4
6a1fecc791996e05c0fdfc2e,97ecfd21488c7a94b5c9d7ab131bb94329eecbd8d28037fcde8572eee4db83cb
6a1feeb091996e05c0075937,1fc22a484400f8f179908de605209e4458d9af7b0fd86448173f9a1682802822
6298f13953c65bae2e791205,25b84f0979b8a38a37cb40e7f5d2e18164190967942087490a0c6b59fee2a4dc
6a1fed7d91996e05c0016e5d,e3e09c83081d74aad7fa6e88d5cfd6c2aea1be5bf8680fd8ffb2abf8e8ca467b
69bd7e9791996e05c0e11527,5527d66f1ddfe101dc39a7fad4dbb3f982256ed8b153950600fe29fad1355c56
64be45eecf21b2948d0fd95d,2ef2f1572cf53125d5f15ce962d50d998bca338b27839c8c08c6d7b08f5f9c65
6298fe5953c65bae2e807308,bf5914ef9a7917c09a29f2804b4ca2816d27134733f4a6099c68bf650c293dbe
6294e0b07bee9c5d5a662d79,b75986d80ff725aa1bca6e2892d83b923e7a7ef3e4c383661c4043c7556ce1dd
6a1fead091996e05c0f40580,08a1fbe6585f6c5fa1f8a075218b5f8a5177c0fae0cc0d115644fa35d9dc301e
6298e35d53c65bae2e6ebd2a,2c0e078b51e8eaf31200e707b2c0d5adb64311b017d9dae7406ed457421bf50b
64afe6afcf21b2948d696db7,8f053f24bc9e62224028697591d0e3822423a1b2a5957d32370c152aac6245f8
6a1fee4691996e05c00561da,58b14cca2e5a4204f9f13df2e0a8067749f4a3bbea7de3460164315f88f5a27b
6a1feef591996e05c008a8a8,a7b5acdbab8ca2a21d548ff8f6ae6cea0c2ce0c15f645cd9a7fd4afbbb750002
62990bed53c65bae2e866907,83f6c9e60d41d4f751d363d3d958ae4a69b70ee91e2049ea00b405f976236ec6
6a1ff08c91996e05c0102575,398049aefb0fa330b16459a94ee32a614c79fff17773d2b539b1c5429616ac98
69bd6fc491996e05c0c08611,ad8c278b3b82064e4a3e453e4d341efbef6ced01d15ed936fc11dc75cf98212e
6298fedd53c65bae2e80be65,53c164f53e07fe051faa9e8258831b960f7d9d264905bea42857db52c6fbddcc
69bdb87491996e05c024ab52,d9d9673af5199e3e19794b473c98a355f5187c1b2b907580702db93d9e0af72a
6a1fef0d91996e05c0092955,6c1dd27041fed09f13eb1ecb1ce8b86dd06b47edbe987744b1ae1521df839ece
65dc9a43cf21b2948d8ff028,a4abafebb1d09e45b9e8c1de57a3aaa1b8361f0f88b9f3f6b3ac51378262560d
67efd92fab7e60756ea6e2a7,2cae561f5e431fcb7b7cff925bc6b2e38d5ecf1d2a4a2acdbb218fb8b20d5820
69cfcd9d91996e05c0a23d70,a3c31df434aea2d342ac58a24f3bca26fe21ad3eca8f70ca6fa0d8e100a3a406
6a1ff06991996e05c00f7f81,9d536c47279922170fd5c0711df527383817eccfde9a7cba564c603fa0595a05
69d0205891996e05c05eeaf0,9dd57a27bbf944dfedf85ea196705e5e6257e97dbfbed3659f595629d829779e
69bdc0fd91996e05c0292623,3bd425fe1fefdae603f9db4af14ff2c6ad0f08f9090fb585324eb3f095ce1b30
6a5f2c7791996e05c0e662b2,2c7004f8f7e5dfde7c375fc2d76b233943f1df67486f39fb2804a95e8011c72a
65df2220cf21b2948d09f475,49a9cb27cfbac01b5fdc6accaeb0a7f456bc18647e3baca3633266cbac4fa5dc
6a1fec2d91996e05c0fb1459,cb7c800095eb6f905ecf1a2774bf748ac2ad1aea0409b21aaabb8248eba2b4d5
628f3ef87bee9c5d5a82d4ff,4a88dd8dcecedeb9b519cf6ca3510d572eb93604651247281b5b379393b0edfd
629922d053c65bae2e8dc521,caedb2e7ae65978d3bf7967863ee158d27ede424df788dabba47eec8b3f61593
6a1fede891996e05c0038dc6,d4227b945ec778b07ecdde2273c3b6606331742ef967b883d3daa00cad0060ef
63186f1b7bee9c5d5a846276,042558b6dd2aba9d556e5579f7a907bad9a5bd68554cbab72eafb183014861d0
6a1ff10d91996e05c0127729,ca16d57f16d072eb3ee14641ad926410162a2ae8ecdf0e39e360db768ef04909
6a1ff02891996e05c00e500b,dc3987b472f206dcb1fdbf98a01183b95aeeafbb9fa2f7f685f50beb2474acbc
6298bd2753c65bae2e4889bf,76e6f6f1e539d93c3188560a19d9f050fcf44cd5f868cb756b8e7fd06a2cd1e1
629a057653c65bae2e0f8cc9,f3346097dc9e12a4365916eefa903feede8f78a9ba2e81207aa0382949e3a978
6a1fecf191996e05c0fec392,35982a4f7726e56a3517561c7afebc10f117b15309663db6d61eb84a69e5c214
6a1fec6091996e05c0fc0464,ca48304e718d5b15897b416cef9f5c8b6bc21aa746f0b004249d21ef1ba1c219
628f41e57bee9c5d5a852ec7,10e093f10f8ee242e2d83df55c533b8111d6348a0ed8e52e4bd891022124fdc4
6a1fecba91996e05c0fdbbe7,0678d33d076471c705528ac7e5ac22cce7cd14c63e496646aa50ff468192b14c
67f61fa0ab7e60756e6f5dca,da1ac98ada7be136e59e5913f5461b5218854ccef499507cd6db2017bb4b2715
67ea390dab7e60756e989bba,296a2a29d43ad11306fc0540536acb9ce96f1e66b4c4f235218d4fc15834b1f3
5fa52cbd7e23857eea5ee3ae,e33d7e9d80aa2d0fc6ded3308262f476c7fd269ca895ceb13b76acea5ae15951
6092d6bad5cc3545904f2445,05949946505d7249df0b16b1e9e0feb77a9cad0c0ee86fde507d58de5c5ebc31
6a1fed1691996e05c0ff7390,39c4d034d0916f57db1430a63da9b33fdbe9e049a272dacb7cee2fd2e65a82a1
628f40cd7bee9c5d5a84452a,6d305b56ff828cd7b54c366af6710b1c681942d631b789421ed147d51f097946
622897857bee9c5d5acbaa15,19c3fadfceefec21cce77891ac59a2bedbff844ab58f61a0dc0221c95e6d5b10
64be45ddcf21b2948d0f83f2,f3ebfc122d74d8665380281215a0d09bc41eb595aa78fbe55c8ff872e7592cb4
67134f76ab7e60756ef041dc,627aa1f20d4edfa8201a23141fc21ca9694d75ba65ce5f8f3007eeac48261c22
6a1febc191996e05c0f8f126,7f6efa6e0f72c36604ca7b3342133cdc242f67f9bd66e2e792908375a67fb429
68060a2bab7e60756e52d387,2396d656e4940ea561dbc8f5c318952049e67c17a626b5ef004efac9e991dd33
69bd973191996e05c0070ff6,de5ddda8c1a0c4c708964b702ee7cfd92d1bf4d386e808d43c5fd2c28ad5dad2
6a1fed0791996e05c0ff2e01,842a8e60011348ef48f995f19dc47a983b95be819aea6650f470d73b634c0141
6a1fedc891996e05c002f1c7,38c5fe81bb162fdaf4a5d7dbf541e8052ff47a1463f571591ac65665fa7211ee
68bece18e3ec279a558b61f5,74432737612ce0ba73b6b9c2c0d37c72efbd63c16e24f1708f6bf287cfb40183
6603ddcccf21b2948d544ebf,c600f3b980c527a532251aa819f03af6aa9eef1445dd0a9cf5840bc00fa136b6
66978840ab7e60756eee1bb9,33074327f34bd9b96eb0bd6bbe4d24f6b41b232ac92181332f1131cfc485bb10
6298f7d353c65bae2e7d06bc,3225c6f911914745dd3f1f7786f8dcade3f96afc6d43bbd6813c23a2cdc40189
64e4864ecf21b2948d08d551,449a77d345d399d2487c75758c575a15eb3f83b630215e54e8f36b50893394dd
6a1fede491996e05c0037904,86b9538ce26acb374b5653e113b69b8e12cce1bef3506cc4e709e21e88166b02
68db6fe9e3ec279a55b2b450,677a4fd317b5e43681a8d42adb55e59cc88aa1d9b87a3e6a878a1650a3b0e9fd
65df2d84cf21b2948d243247,b9b263d064504797e3e1c6ef5dd22b7fd411e07ac0a2e9164e55d1f0daef8627
6299134d53c65bae2e89252b,beddff21ee58b95127ec68ee1b4168828858e7930d7e5aebeee9ee0bfd3677d0
6874ea34e3ec279a55e5d0bd,a923b206392a4b7ad6328e59a57d38a0e50a9130528e0cc0344613e0383fd8c6
6672bdf2ab7e60756e1fb566,738d9a7e287a5cce010e9bdc6d8644ecd114d4fb16b43286a7f0dec24bc72ec8
65df3968cf21b2948d4253eb,0e170adae6caa5a2e06d50628e91a2788d5827cdb23e0e0ff365086a10c47f16
65dc63b0cf21b2948d1717c5,af0eeaa80bb6404695fd65a21f20eac638cf75337c1ed5dbe089197af8235525
6a1fef6191996e05c00aa4e8,b1e6a942c6e8094f11ec57c6ecabf1ae8271ac910db6c89f7f5d471cea31e6cf
6a5f32a491996e05c0f97419,e0900f4109f4628cf02b0775605f6334680fe76ed6a301ac087486c193ea6cc1
6a1fedae91996e05c0026fe6,cd93d381b4c0f6efa13a13546ced32aac76e513f00d82d0330d07c8996011f27
67ea2850ab7e60756e7af76a,e73b4ce6779bdbcace81289c0e3fecc9582df722aafb6a82573cea54a8a82457
6a1ff0b591996e05c010f050,c0b0a0c631cca2230f846bdffe995d18c7794f9a6c6afdde4cdd4a4cfaa8a261
6a1feb2f91996e05c0f5e7c3,c92e223eecad8f18034a86f6673d9f215c4e35ca0121f9e4119af5dba14d403e
6298b7b153c65bae2e42228e,41ff67c76d0b4640e587897c507d78bee47078cc36e7f47a9d5a5e7e1f8d4343
617e9272813bb28a9008b5aa,a64644f184916afaaa295496eda4477295ebadd9b18d04e06f4397dcf4b34e95
628f367e7bee9c5d5a7c50de,88472d9bd6a62c507d6301fa044badb583904c937781f25e3316af4d90f936a8
636b3a637bee9c5d5ab3dadf,52d834248bb0600f82d25f40d63ba610f6d03b1041238f2277f0ef38c75f4afa
6a1fefd491996e05c00cc8be,a8af8b6f3d3d889d748ce92b8fa02ad3c6eaf93b0be0564c02006df649286ef0
64afe4a1cf21b2948d6330ea,48bedf55180eccb93308d3644cdf92cff4a066eff4e43108d8c7bad744d322db
6a1ff04591996e05c00ed9d8,08a0af3c78730a0481e628efde2ac3b637843402b436aa6e929b4c73b428d8ca
6322eeab7bee9c5d5a9d2b6a,5ace0cd69bd25ffb8c87c7d1ad803657790d320cc36b7437af747cf8ae7a2846
6a1febf891996e05c0fa0dad,ac7feaa97592b9372b8bbf238a88d507a803213755c5082896be2fa7d42687b6
64afe990cf21b2948d7107bd,6fb1dd046c819e97c3b99495090449c1ae7d5913562717391f5874fc9f354ea1
65dc9b8ecf21b2948d945212,4456059e1a8483d5883a537c6644b5d1d9eabad379d39ce5522b2f2bf8be8aed
6a5f276091996e05c0d56c25,65b5a6df971a31edb890ed86900b74138db51ae64134bdf125e5611e5740784b
68c9054be3ec279a55bc39d2,d685f161e6d4c7a22f9ef2f49d3315bd97489dd3419b388ebbdc87b9574a8d8f
641aedfd7bee9c5d5a408075,8172c3fc149daaebe1b719e8a5a6aa0d34a6e2082223e6b328999f8a9a61e08c
5fffbf347e23857eeaed82e7,71d370dbb22129731c45ea06bef07a811e839aa841e808b0c9e896983ea32af0
6a5f346a91996e05c0ff17bc,4774a153c133b9cbaf7c744f02b44f55c29b98dab43b89b6ad50b3f7fc18eea4
63cae45e7bee9c5d5a76afeb,1492de958d3f10944589e596742960b663a9450763a651b5dbf5874037d94dc9
67134f5cab7e60756eeff127,8446b773da640b7da88063aac71daba3e9bc35658eec3025594d39136eea91a7
6a1fed6b91996e05c0011155,bb70e563fed2dced8e24543aa1897f0df9029ccb6f581f81759237f910aca738
65dc6ea0cf21b2948d2e8b1a,40c49d157fd437fe802e40177736894485dfc316ed265403ff37d02ce2c80726
67ee7affab7e60756ebbe95e,eccb509685d9106ebc1adbe603fc52f59d81fade1620c8e038cf07c249b9c162
65df1d03cf21b2948dfe33b3,da871f90a0e2db710eebb76f16ea47f905e8842903c4e58d0e01a80d88deebb5
68db706ae3ec279a55b3fc39,c99eb37d50c4a509c62471c6e89a7098dc57e841f29f829eb2e6146a523d7817
624c09997bee9c5d5a28f572,175d27a57d6f23fcce4360bbd871485205e964fe766ef408019041b2fdf87ade
6a1ff0ef91996e05c011ed20,93b328dce0b9fefcd67e18285573f6cc69bd78d9ee7f5fcdb386946a216d0449
6a5f2ee091996e05c0edf8cf,0c0e11648054506b42e7214491b7b557034fdd90e14d54f5a83eece4c43f62c4
6a1fed0a91996e05c0ff3bc4,9f5e269857cb9d5961da03f875f53f26267cc5148f09b1977ec176777274275e
67135847ab7e60756eff3524,cf20d7513448eb554ed55277e9c2cdab969d17fd85eb13fcca869a50a637c62d
6a1fefc991996e05c00c962d,972e498e5a158198f123094db7adf1e8d98c9a53b098d0231df2b640e2adfde8
6a1fef5b91996e05c00a8bf9,ba0e93cb273baff033474541189c4d8f6e3b1e79e5fff47c2e6fe389734abaa5
6952bc3de3ec279a55f2ec57,2d1f3d6456bdc708a48c4ad354fe5dad6462f8c93ed80d67aa5b7d7298c1bccc
62990ae553c65bae2e8616c6,7dab36bb365b64807352b76162cc430a23b93f9623cf58327a926eda30ebb8b1
6891d96de3ec279a55863fcf,0ae761a3aa6af7777c03f856b5daba7f6bd4f83c008ada720b727add2d20d8a5
67ea39f6ab7e60756e9a90da,5caa3681c247a382c410bd5bab70b67981dc200bcb9184552bda8615540c1031
69bdc54f91996e05c02b635f,a0bb3d8890f8412b4ee470a244502552b2ffd80439d1a4382763932b24325ba1
6294d1e17bee9c5d5a552fd9,952cc585839174b9728e0bf4cd5a90cd0be446dc2a2253f1d4829c335e1fc663
6298b42153c65bae2e3ebd12,02b4b7f6916870e228059456210e3b1839d3bafdf764b0692ad7b2f2014c52c2
6a1fee4191996e05c0054798,2e8cd41bfb26ad9c5e321cbb46dc3ddc89c4fd4bad99aa4f57764ab88ea1cb0c
67220e8eab7e60756e6d3281,c1ceea54bd856a354e17dc46102d62cc6cea88de5d80c59f90a286c20eabdc54
69bd4f5191996e05c053a960,fdf6994d2864cbb98c05d2cd239ad8483737427dfad30c672178edafb1177c89
6a1fed9691996e05c001ee11,5e2951bcea5be1430a9784b7272bbc182f234c006f6b0d130d0f3e75f58fcb15
6a1fede491996e05c003793a,e2747dd8a9d466e975340b4a0a9646bf806f956db25700d94788b9720de8d5e5
6874eaa7e3ec279a55e68fb8,c358e9c1371b4b3bcd91efb1a93de915b8f8b061fa32f1692e8c062940d3710c
6a1fee0a91996e05c0043fd9,b168048f389bb6d8a99bdd71674d6e1cf26b6de1f45be7f92ca65f222115b529
6a1d726691996e05c0c9dcc4,471a657efdd65f6b6728e05fd4b00689463f7c2fd056e7c155b604b3d952350f
6a1fed2191996e05c0ffa85a,874e88a8e6f5fcaa0a128c01e1736ed7aed31034d6b5172f7b2d216a75ee5667
6294dc9f7bee9c5d5a6245df,ba387de2354a4aad3296586a392c75d24ba1fc765449abbe51249668137e8a14
6a1febd991996e05c0f96c7d,87ad0b241c73122584731d45b38c46192509d68bdaa15001bfbe232906295d89
6a1fef1591996e05c00951cd,92031f900dd1f6ce79632b8e2e4a23eb67401127f491a818cdc020498a17bbe0
67ee8109ab7e60756ecd7069,19b07d67e4e1be2e2d343c23b7764d15cd2b8f0f72f5046557c7e9fecef3bbee
6299103053c65bae2e881228,baa81a2a48b8992045374824c5ee33887bdd32d938c7e0f0eab7151f2f43fb64
641aeba57bee9c5d5a3c2bb3,59a562a30ad6cfa6f2d9052cd171ba9f42744524122396a5c6f8dd94ee1bdbc5
6294dc6d7bee9c5d5a620fec,dddba348f0c7fe5cfe6e597a20a49f9b27a9766221974bf4eb437acef8a4e91d
6a1fedb891996e05c002a123,902e846a16b16bae9b7f29b3dd6530b6e9dae0bcdb5b2a9ab76e8b63bc4eca6f
6a031e3791996e05c0033be1,5e2f001f961d9c46c949ac243825f63f30bf2e5985efe6a47b9be4b7839511ad
6a5f2f3d91996e05c0ef1762,2a8831466bbbb5ef15a94d86e13c6a2adfa66db9dbff2557ca766f6a468f1373
6a1ff01491996e05c00df7e9,797ba7d725516e42508319b46255fa6ad9fe69d4a18c3939510c1cee56d29632
6a1fed8091996e05c001791c,fcba518f7995c26b3a7d545f46595f3242fb6e597bdaacffdf7beab7be3896f5
64afe4a1cf21b2948d6330f2,2ab9a6ce3515d1d998693b211cbda33f98b44518a0483c86c3d4819f8ed9d50e
6a1fec8391996e05c0fcade5,17636fb2810020971dfa53ccd31410ac27d8448b5306bf59957a4bb3847a9258
64afe44acf21b2948d624e6f,d27c24c4cc28702cf40bda235077b1b688524df2bc0fca45a07354d414264926
624ed4157bee9c5d5a77b77e,f9e573322f184146f78d0cd06ccc813ff5b909660bd838757272f887398ed2da
65dcacd3cf21b2948dbebd53,366763682f43a2f14feb35c9db17385e27fb3630cd635598e174848b702a9784
63cacc777bee9c5d5a658b70,c9162fcc709e8dca6d51cbb37227fb8ae50f48c03f2843a2f8afc9ab8381bcd6
669785caab7e60756eeaa927,bd41b8d8ee056c546bcface0af8b6412091129318a06abccf990f25103064e00
69bd4e4e91996e05c04e676a,2ff25edf0ef7a8076bbd0ca10fc23fa59b5ce98ac310ce1de9e52f96aa98c149
6a1fee1f91996e05c004a48a,267f85329918efc6cd9cd292cfddc11794b92b4e9b88ab021798654be7f62159
6a1feea591996e05c007275b,01f19385167c1e323b660a45b3c2ecb711ac6b649359c55342660c02a207e665
6a1fee0491996e05c0042159,7b735bbd259a3eb733f73d2dedd2fa0fb088bab740c109278cd6405c0f362ca5
6a1fed2491996e05c0ffb26b,bb545e094056ec8765d17abd104a26b765da94179241ae284ba2fedf71c20090
6298e6fd53c65bae2e718272,6f59feff8d1e2bbd4e67fcff24de86b9a85f8af84de3b4b48ea94c17422a0154
6298f37453c65bae2e7a7756,39084aa8dec37fbdaaac7965b9cf309f10827fa255f7535e001207b3dc5e4fc1
6713587aab7e60756effed26,ff2867cb159118830cd88c58d59119e6c0ba951be116a71aef133fa235782b15
671357f9ab7e60756efe38e9,53ef82a8dc5375c0254235727fdabb5c50149602acf784d021c2c380c6d03426
67f61f6bab7e60756e6ed330,c8fc6c8a555654adb3213894503b3078f76208fd71282c53dcc024f1a18e8ba6
6298e81653c65bae2e725287,9b5a5a2dc9cc83ef578d06d337226ac06fe0d143989576d0fe39dc2bc574a768
67ee80e7ab7e60756eccf5b3,0a1bbae8e319d6a9f7513be9a2b1868896a38a89a56d186b88a97c9ed22181dd
6a1fee2991996e05c004d683,3773c8c34a68007a54ae0b8cc2e843cdd35df496c21f524520ed2248647d9e65
6a1feeeb91996e05c0087821,f8e846eff4f9166615ac3a655cbdb6d88ba56611fceecf9c8840f7ea813a37b9
641ae8357bee9c5d5a367880,9356d6895fbfca631b6e1506d2c3735a2ac3fea1a6b4a02dee950668b80302fc
629921c153c65bae2e8d8575,da5eba226dd95437d8d23d69f6adb048bf32b8b609f5c619c6b570a3f1b53f5f
671357d9ab7e60756efdc6ae,a15f89ee0372939886fa2137866830e41a531076ce9bc23cf086f93bfa8de4f5
6298f9dc53c65bae2e7e197a,f37c38f561e2b20a0b750dff3393a18ff601230cea10d400655637252e9a5c36
69bd509b91996e05c05a0a9e,945d5f22dca877e32d57f6518ffa605b58f94e345f98e98891384630a056ac19
6a1fec2191996e05c0fad242,1fa2b221e636cf40e58406811586ed3165ddfa4a0820cdf2f605b6889b3d5194
6a1fee4d91996e05c0058867,31e097035b7b5978a1dc189f3a9b4fdf11ad929fed2f51de3cadc9d59fdeeedc
6a1fe9b991996e05c0ee20ff,57e75fd775685b113c99bdd2fcc587b4f519814e35ce0c6ecbbd1609c4b07be1
6298c96153c65bae2e5616e8,f9270470934f6daaf8b45ee0025edc898b23d7f8ab5c365b1e40f48442341bc4
63cacfa07bee9c5d5a686d4e,cc353a5bcacddfd0cb6a09e49cf7cd443cab322cfc57677abdf20f065e34529b
6a1fec9191996e05c0fcf9d7,7224b7eafcb293f74af652b4a3099ca54ac7a4cbbc3b2242934c46aa00bc78e7
6a1feed791996e05c0081d25,c07f90197b845aab757e92da22c009ed33eb5002198f67a6a59ecf4d1ad18a5b
69d20c2b91996e05c0539bb7,89328bae965a826760373a686c2cb9dae131c7fb7f5a6e4e0efb50cb4ad07609
6a1ff07191996e05c00fa1be,6d687f613331ced735bfb073bc1060ff070191d97ef50aaf1e0aee7bddd0aa56
6a1fed0191996e05c0ff1167,19406774a1c53ecd66350cf9245a7b3c92883e1afdc4dbe623f809ea9ca86355
629918f853c65bae2e8afa68,b1f07c22fc93087256307561fd524b906a3a4ca538119529e8113eb47ea2ccc2
6a1feff291996e05c00d58b0,2b1dff9023e3483cb3c72d14cd22622735413ee36e7ef7e5d7d745e55cabbf36
6a1fef8391996e05c00b43cf,b7a61453bff25e817f9e29ea71ab079edd06eabdbb68893cddc48b4a8b1c11e2
6a1fea4991996e05c0f14719,4f795493d61d645efb282480fe42dd43137e837fa3ebc60409d5ba68f556f79e
6294d15f7bee9c5d5a549d2e,7f33f9661ea8dd8e11d322defde500209739b5d1426bab8bfecb6b260ffbbb38
6a1feb2491996e05c0f5b4ed,878ca03cfc41bced6cadd425da737f95cf4e6f70f78c9d0b4217b0d08b82bfd4
6a1fecb791996e05c0fdaa99,afee9b899660569deec3bbeba62e96a54809b04a872613ab59d7205804ef075b
68527b77ab7e60756ef97015,26e7fd0c176b54a2c31b868e72e04a27758d8e211b60c4ae77e2824255ef3495
663a1a85b7e461e1e51365fa,0788306ccb8dabca1004fdae7efc3053bbcd5b9753096558398ae1aca4b7dc77
64afe4afcf21b2948d6395ab,ca74d523f670e592552e17e9878e96f00432737b3c5dd60b86941c1cabaf77b5
6a1feb5491996e05c0f6b267,fb29eaa5d3c901537ba05bbb2261143cdc85379b5edfd0d33f990bb2fa75bbd0
6a1ddc3f91996e05c0f7f120,4d5893a2b7d5253c88d9dcdf34957b63547f6c0269a23336e294ab021e8319c7
6012f0847e23857eeab224c2,fb63f8eaab2508de23fe11a4d7d5d9f68b296a7ab99d9dc26b6cda5ccecec7d6
69d2074391996e05c043ff8c,9d834772d78a48fa0db63f630c368516aee6d237070c3dd7a5a87daf5bb5577d
69e6113d91996e05c0b453fa,49bdf529844388237ef55faa35925226d7091d23ece968d5aa301f86c0bd66e8
6a1fedb691996e05c0029396,8ffe3ae39111420519b3a536c80138064cc84d234044ac565b1f09f9bdf6b6c9
6a1fef8391996e05c00b4243,beaccd8be179955cb912e27ef071d6902d34c6e759be5e296e24a08771966863
64afe6accf21b2948d694e63,03016b3e3575a591fd099916334087a50fea4978a8d6027d7b4ae2ec3d131a07
67ee839eab7e60756ed5e91b,b8ede1d32ac9340609431840c6fcc774aad61b2a1f8e04af28ae8ec44827968f
624fc0607bee9c5d5acd9b29,8191c3f3e7ae2546713ce8355a913691fd300048a8be66a37a2d4387bf809362
68c7ed41e3ec279a556de5ad,339f11ff151bf2f4781d9c6555f855fd1389a64bdb4847e153bb71304629e975
65df14e7cf21b2948deb36fd,e513b5eaffc452c31ff49cce8019845185d15cb8be1a6256e6dcf05072bfa3d3
687e2627e3ec279a55678400,cf8f74b816331d6f0dc44bb2476dc6d4b269004b157472d280e33a3a4cd04e9b
6a1ff03d91996e05c00eb5f7,284cbe1157a6b5b97ad722ffcd3971cc01ec76a0bf21a5c50a8e1ce195746af0
629900ed53c65bae2e81d7ac,ce62129904382b363f13337fa2a7b60fb9c5555b93fbff445f80dff8df408f6f
628f387a7bee9c5d5a7de473,ace887585909072685b9c0d35576d15d8a31fe714fef7fbeb3708360dc302c71
6a1fee6b91996e05c006157c,b796555570e253998983ffb50eb91400a19923e2f9cf067811effe922888a063
69bd4e6d91996e05c04f2868,29709ef3dcd037fe5042ba2b924ce2fb86b8e5efb90197bedb147930d4f6d8e8
6a1fecb591996e05c0fda36c,6faf64e6d3124074b2c162ffdeb55eb1bd9b6dab910af9925af02078f9e485ea
663a1a99b7e461e1e513a0c5,aee6ff0cb088a4df32d03c888ff7283b257dfd447ed842d748583af1494126bc
65dc8f16cf21b2948d75b7c7,319e93ff0b5c54385b580609d98601e99ea5372ea629d4f2bf19545523ea37ed
6a1ff02891996e05c00e4fd0,a707b2b7be8b6f33d80ece413c4ec215ad4ba2b66f8e277f2cba7d4cba241aef
67fcb651ab7e60756ed442c1,4d459c76dce23c75b68f8aaba85530216385ce4c675894a9d3a8704f2fc8edc2
6a1feb4591996e05c0f668ef,9e13158c9c913ad672b23b03044d15160aa5720538d2b844778c8c5fee1b3fc1
6a1fef0691996e05c0090358,9df1d36a562b4887d8314e4142d47c7533089fc2d97dfd15f98413289b162f13
6a1fee2091996e05c004a8f5,64a21e2d221323af70364910520f7aced687278b42e8c9a6fdf33fc71b127920
628f41e47bee9c5d5a852e5b,d3a35b14d8929339d30aa52a531034b0d7e40d778acb5c6ab6923a1b9d084a6b
67135cbbab7e60756e07e1b1,cb8c4585319328260799794f3ea8ac0f8c07e647185190480e25080baaed19e4
628f3ed87bee9c5d5a82b8a5,0cf5a74d2c257793b588a75a3deb985ea3ec5fb2f7ccfd169ba4fe7e62c29b63
69bdbc7a91996e05c026a6c7,c71d4e48dcdd439c0cccaa2f45f241bd91a3de19bc69ed093f191b600bd0ce7f
61583a36ee3b0993ea0e9513,63d5d7df8fe9313c42788207b7499c84c6ef4c194ad42b648bc98be8ce541336
671357b2ab7e60756efd3c4d,77fc61df904ec8dfcf0c180655b141247623f9fa2cbca9ba07d131774f2ec70c
623af6917bee9c5d5abe1e1d,28d34fe58c2396b4b6800d6cd005fc0ea849e6e5ae5c2326c5823be509ffd6b5
64afe4adcf21b2948d637e51,192d9ed9cb18e603cd8913fa9b51a3b23856dee336a9e967a9cd364b38382b0a
6a1fee7b91996e05c006598a,1d5fb50c630c42bc3fdc787b8dd0e8186f91d0e7b162da293e27b00b0d4e9d20
6a5f290f91996e05c0db0ea5,0bacfbae6f91a30008b24e8e2a23d7f7c5e68af323b1b74f6fe93e6904d308ce
628f47e87bee9c5d5a8a35d6,3e8e54f7ab0ceb609941b115e6fff0a4e9828a3288a95ffcd0dd683504e453db
6672bdbeab7e60756e1f6057,581415830296294c04fc391dd44968840f03949e384c172094c54ee6e00e564d
69dfad1f91996e05c0947758,9b23b5aee6d0a6002956b17ee7649e69e4a12978dc15d2137789d5b6dcf19d98
6a1fed5691996e05c0009f52,f836e1f5a5f51ad45258abff45de0575966c50fdca72876fb1bb2598eb08004b
6a5f32ed91996e05c0fa562a,ff5a1b89846395b555e6a09102b5c12e9b7093b4e9a9139cc4a639541e3a54f3
6294e22a7bee9c5d5a67a146,52b2736b74f57eacc7985ddb01e81bce028e656433bf65c57efe77b24db6cc76
6a1fed5f91996e05c000d191,6299a955653092ad23ad4ebf09ee68f4bf562242ffcb388b64449c78120cbd95
6a5f287e91996e05c0d91a94,c6d08bb8d40f1449d9f815dcccc4bdef39ee9ada36ae52b5d34fbc2e0d02a8bf
65df5132cf21b2948d7e1488,80160036d5dcae3ed8d1b32404c3b0e28a3ea698d1f0734aeb1a4a937fb9118f
673ba791ab7e60756e2a3764,ea487e38cef19877a30ff1e00df922b860cd40e7cca2a44a574db8c6f48b506f
64afe49ecf21b2948d6329d2,fdf2155b941a1a24c8d1a47a542a5d00a54483439771109d8c136e4060ce40eb
69bd50e691996e05c05b5c19,3ad279c268db48cb412cc0190da318f45b8736c7118c503388f3d6f5b17d26f6
6713584dab7e60756eff4b37,3395e3871e92a95e8a5d129f96c5d1790350e401545816f9a98373f3c2cd1710
6a1feeff91996e05c008e39a,776e3f5af7b7424bab9194dc2f844ad09f12abae6debbd73f93f40c2ae58dce9
6a1fed6191996e05c000d876,14e59b39d6ca8654c1c0c71db2d95738139c389d9a69f61e36aac6bf59b45c45
65df4428cf21b2948d5ded67,a0f3bfb260d822a082e965311531e3d20c451dd1bed31e0c3630eac58f02980e
69d2083491996e05c046c102,bf83f35221b5de3b2a824d12a009b048a03f9d34fa4f33e129e34dce163bb6bc
6a1fec0391996e05c0fa458d,001e0619cc8a17cdf347dd9bbd4f1ea103a1dca4ff708c99178ee2156f702970
6694cf32ab7e60756e9eaca5,3cec6c5158e5d3060eb9dbe1458933894319a4739be64738a5c5d91ef23b9643
6a1febe391996e05c0f9a23d,e8f0d2828bd6bacc23c5d02dca46e38715ba2d336e1581e1686d7d8e53d54aee
6294d8c17bee9c5d5a5e6e4e,02e9dcb3f2030e4ee6fc5af8544616992251bc1a4291f0d85133812b3119ee3f
65df3b6fcf21b2948d478fd0,52b7e67a499ebb128f44f4b3040e54bbf2352fbaaf8ced239d45035314d755f3
6298e18f53c65bae2e6d2c8f,61f3a1829dcc67e897f84a18c3ff7857bfc9aca41528d45a3408388912bf99dd
68c9059ae3ec279a55bd005b,b0dc06b2d96bb46f5f0ec96456bde84d35b6a1749d6f035925f575350a38770c
69d204b391996e05c03c52e0,b6a145d6580a9bfd6b542d59eabdd494372f55992a08c970068405b3679c6730
65dc968ccf21b2948d87486a,b87f0d01e6b1012977838f61002eb98c2be153bc1a0588ca8224973293d59775
69bda11b91996e05c011c4fa,a531ace9772ba451fce4f2dc460f5594b948c1aa70b075f9766222bed869dbe9
6a1fefd091996e05c00cb658,a7f079aecc8d113a557bfed428cd0b720a054b896cdd0f87b05d64910ad96b15
6a5f279991996e05c0d628d2,73c3476d196d6b614d268bce8df621fe8419daa1b5b5db611ecc65a91a4f4446
67134f4cab7e60756eefb70c,66666e5c476ca3efa85b57583a712991f33531c48041dcaca6de28b4dc9db976
608d2568d5cc35459087563c,2379faa69bae446b94d657e6100a4b1158902e6eff969108cbdfe9257ba87bcd
6603dd88cf21b2948d53a9a9,f7beb45d51c2aa91e47f4e4411bd0a5d369659f1cf6b40d1156fc9b2f00d4ddd
6a1fede191996e05c0036933,113b5a933c864da67afc4ec02b3b01b1b06696d27e57a598849af838f5fed4c7
6a1fecc291996e05c0fde347,ef170c1b94a7e009afd5d5bf510c125a9d041c750f102ea02db910c78f3bb3a1
63cadbf87bee9c5d5a71d029,3512c1cb59f768b2dca2443d4189e9164a69e79f54c8de3c419e999ade33bceb
6021efecccc2678f04dc9e10,a317a0d23d6571644971a1d6b7fa51109b87ef43dadcd17fe18055c24d949301
69bd521991996e05c060f3a8,f6ee8e0fb6d67de942df984178a7daee17a0450de871dfe28ec3350f2e375040
62278ca77bee9c5d5a795ff1,29647736a57db3cb57e0a9f0536bcf2116ef8ecd973415c0fe007abc4366413d
65dc9b3ccf21b2948d933461,4782250eceb020151a6b58d5650029f9068a122cac5adbf195589bffc986de36
6a1fefda91996e05c00ce6cb,c3b0d87f37130bd8407fe5821724a723eeda0364893bfe11261799f05272da5c
6a1febdd91996e05c0f9819d,51c08fa091fef742923bdae7e85731d484c580ea4f481d2bea150c647dfe06d8
6095fdfad5cc354590b01ad9,72eac0241692dbb72158aac3db8fa3fe2d2b238247df3d01a3b9732c639e704a
65df428fcf21b2948d5a0a11,4fa12094c7b60cbad9a087d3018e0862d72a4cd7e038f09ea7d245ccd4eedf31
6a5f328891996e05c0f91c59,dc8b25881b74285913c59c5e7a56833eb0a92f99e018335ba97a6494de3a46ab
6a1feded91996e05c003a67b,2a5305bbda31f0beaf24d7e9def2db682c64b966b381382f921dd2197fb05f76
6226f80a7bee9c5d5a217f2f,99f56b9cf4d89a2dbfa5bc7f49c04ee5ec11e3d22df67f9943ef4cb4b24b3a02
65df2fa6cf21b2948d29c2de,9bde40535959a43c6fe36ee01c2b9aaadea17f8a6903a4a7b3b6de279404298b
69e1284b91996e05c073c966,581047da5a41d6146ae2e82fb5395a5747987a0cd6c6e63f9c5d566c62cf8dca
6299197a53c65bae2e8b246e,bd8b468f7821d26551a2a74db39b646d3c8d30d5bf6a9512560559bb55e2bcf5
6a1fefb391996e05c00c212a,d861d13aa8cc9ce545bdce605c49c559855aa53a793592b1f618102547a94156
6a1fefc991996e05c00c95cb,0654b804c44247095d25e1dacdcc7205fcdc76c8dca5847e9810964eaa38221a
6a1ff04b91996e05c00ef568,3edcb80dcfe799769885b40578b107ad0300c07963a0ac8133a75fb1b148633f
641aea037bee9c5d5a3915e2,5411c0666d1ab4e69e9098e4824e4da20663db7ac0a4946d44b19e2dc4323559
67135993ab7e60756e022716,6a7cb7ff3ca58d468cbb91f5f63f14e5ac5759ce159355990733bdd8e239c594
68878f33e3ec279a5508d8e6,729d89ab27e823bd5e10a3778eb4793cfc6557f5289af265b21fd389be34cbe5
6298e9cd53c65bae2e739a08,5e471e2fae4dce59259318ab370d080c1940e7ee0a0898be6b0fe7c1ddfe7128
6298b37753c65bae2e3e16e8,caf1e6bcb521a983ff448b977a49120332020f3d545187a7e52ff8662a256a9e
64e48646cf21b2948d08ac29,44417586e159484ede207089765539ea815dd6380c3520532d4afa488655a0e7
6a1fedc391996e05c002dc1d,4bb072e1a327b6f5670b51c118d511b0821b7caa051358a904ce2147ef6ad058
6a1feb8291996e05c0f7aacc,3ba7a4a7ef277169ec927208d4e5372b15bb3b0010710a76400dff6b742747af
6a1feded91996e05c003a4cd,b4f1cc77853d939f66de49fc4b7dadf6ce21df7ef40e042d09cc8245977ff6fe
6a1fef3791996e05c009e6e3,931b7fa00e27cc817e0c75f30e011a545b17f6fdc7e6a793f00c7881568e4d3c
64afe3a6cf21b2948d60a788,3ad321707f19c03aa296790bd969d08232966032cb2f50790d1d4b31edb2b04a
6a1fef8091996e05c00b363e,9781b66e78322f214b505af2b2e739653cb6404e2638d53d63a3055abcbf6ed6
6a1feaf191996e05c0f4b12c,5fc25f54f129c4080fc18893b521adf92204d703fe4ebf3cdcca14e018a5b94d
6a1febbb91996e05c0f8d318,7f402b9bdc36d231d6161cfcd949ad39a813a8c8588b910a0e612df31dacc5ea
628f46327bee9c5d5a88da02,031740871a6edd013bebdd17f5026dbb7bf0d739464b2ee660a251f42b803ec6
69d0bd4c91996e05c09d416c,6d6b71d14b8645207622ee5778d3ab9ed20cfddb4108c0bdd183deed5ffde16a
65df4034cf21b2948d53c8d0,d5c1ad9eb37923320f396e9050ef8e31124e432664b5bfb90944afce67a19296
6a1feda391996e05c00236c0,a8d5b01f600d22b5761a8554154f7883c8b3f435b68258866b0eae6f81f03839
6a1febf591996e05c0fa00d2,ca2ddf745ee2439054defeb05d5141ed29fdc712383659da07e407fbd6531ba7
5e4a854d7dfca55bc925685e,dd02e98f2a7d0f6d88104cd3ee6d3cffb0b9953eb6446d7aa6b8ce3afd6f2629
64afe44ccf21b2948d62581e,cc227fbc10ff4472d0f0a1eab421fda786a64994ea964953dbb5dc01d097016e
69d2078891996e05c044cc15,f901f4afd8b0c49d856daf47030a9dc6ca210ea394d96b7e93e0573d0ed7e92d
6a5f2db791996e05c0ea3c07,9a73bdc830d4f27e7d36da058cd0f86cd252ab477a2159eaa5fa8ec7b4b18b52
60926c01d5cc3545903b4eae,e2009a616d418346478930f31ce5ce98376ba2a17a6af9c87708e334cff0a7e1
63caa4307bee9c5d5a32069d,38ab02b3e78ecfdb57eef7de3f522c247d5ca16ee8ee311ed6083fb1ac1d3645
6a1ff07b91996e05c00fd1b3,6616da5af329bbc264a76d56aace1f0a988dba56ae2d5b57d62523271e1a2e52
6299063d53c65bae2e842f68,50f017a796dbf3882bd43b9d8a623dffb3ea9a5dc40fa658ac082b82a355cbc7
6a1feded91996e05c003a567,6cf6a73188534c5d772483ff8430d44a1ed7045b7bd97db8feb2c52fa8d724a2
65dc64c0cf21b2948d195ca1,bbfdc9292ef01a1ff4bb9e0dc0e8f34665ca3258ebf6bb7a98cc7aca6489b3ba
6a1febfb91996e05c0fa1c00,d8b8388ada9f003f9be2099bbe22b52bff6ab7d6f281b3604e7aa380ded42186
62e6a58d7bee9c5d5a6f5d44,c289aa3c90e3088ab560f0e0f55f4ed5659f09be9c25ec868c807083dd34a913
69bddebd91996e05c0377055,0830e8f1b12225e647dc2ddb0fc7be72289c43ba2c11e560709d67607db6519a
68242b16ab7e60756ef857e1,70577289d800b85e6d2f8af3e5872dbaa5d9b7ff1a9bacae0d21dc71d3b5b3a1
69bd581a91996e05c079f213,f350a33439a39301c1d3faeb01c01b3f587ab220b14c14224f9d597e17e39d0b
65df5314cf21b2948d82bd9a,a89f6e10c5b4c1fcd3093c192273290f99563a280d0c3a856db328d08953214c
6a1fed0591996e05c0ff2670,1643a5e7973510dea14fd5c65b3c11964bdf6fe11f1c7c9c01f5ed79a3c5e7a6
6a1fee7791996e05c006452b,66faac2106878eeec24024e8b969c8559f5159959590cc28282d500c297f6c6d
5fa52ce57e23857eea5ee460,643479e2e923e6b086fa1db2ee34ff9eecbb36f136e54a654f930bcd34af4664
6a1feb5b91996e05c0f6d95f,b9402b8a1fe959f54bf1694f139be72e507620dcd32f620ff8dd9054928186af
6a1feeec91996e05c0087add,ccc985957f39f2276b8b7b0be437e21fc4f70c20161d419e918471e81796df05
6298edd353c65bae2e769673,c2a9d8b5c089baa48bd892f22779f7bb8bfd0dea772d11ce3781a90cefbb8d7e
6a1fef9991996e05c00ba794,e15886903ffd36f25504d6bc4d8ebd77952b55a1891d1c2fc0c9dfd31300bb91
65df4944cf21b2948d6af419,7ed77f1f620d815be137618f06926f9c67c006b1968562e6d8a293e9fbf24ace
64afe98acf21b2948d70eb68,52e738d43db36ddbeb83a35866dce19e03e9c73a8d5386d6402e2fc760288cb3
6a1ff03091996e05c00e761e,05aa43ca8b2078e284c76b79c592b68c5862ad0352b6d9644c795e3ae910fdae
6298fcd453c65bae2e7fafd7,b80d54bd3f78709e2ad9bb4faaf28ea162b7ce8418952941042a23c6a5ed0ea5
6a5f290a91996e05c0dafc45,ff6c0b8e47dfd85373e4305b96ff5b63ec9cfb94d415d05bfbfe2b820f97e639
6835b38bab7e60756eadaf10,e5bfc43f239827a8413bc352d2315143ccaec76f8d17136927e3ce4201f62419
6a1fed4291996e05c00040dc,e2ed42b6158acb975b28f90b956e1f1aba98a135c8741f5fd451f735c7aa342a
64afe49acf21b2948d631eef,37ebabae660b3fc90204c72ed84968efcaba201f96c268838a4012a292fc2dab
6a1feee291996e05c0084eb9,f9103acf6428526858d48077761dc0d230c39369eabcbe311466ad528d12589d
60fc04e4ee3b0993ea6cc847,155ddf84bce974a539acbf86854ae9bb277aa2f35f9b91c1eb2f88eac820f51b
69cfb89691996e05c04c1891,50cf73895ffb1f1cf47ef4045a43f6098ec049552d43c33f0301690ad61bf18e
65df25cbcf21b2948d129f63,698af601c238b5b4353c17bf3b34cc0f8c6dd4320a9c44b2db2b27fa720fe718
62e8dfd27bee9c5d5ab0e63c,d9f18df27b6c8595e230b3d49527fe029dd97ff4c0b84c8bfe311322f5b05223
6a1fef3391996e05c009d48c,8d3499b1739382c1ad24b29980102ec52b7b9aa3c8890b200964cfeb7d05d387
68527a33ab7e60756ef695f9,29e9e669b3939d50b35d0cab6f16aecd93a56619c981ff4defe338723cf122fe
603f66ced5cc35459038af7f,552726bc35ef5e80ba1b0915c33eab434d3492d97a60ce3a7f4f3aab458a3923
6a1fee2591996e05c004c59a,7204360a436c2f86c03df5eafdccda93641e670cd28927308ed47f5d7f18a3e8
6a1ff04791996e05c00ee511,073e9cd7b46fc98ae7340371afe68410f9005338f430127a2e0cc0fe41232a15
6a1fed1c91996e05c0ff8e96,04320e8b521edbe38f9fe3c934a2432c0f48d98da7c728bb4cdfd8575fb6bed7
67ea3a6aab7e60756e9b85de,b57993b898be13d34a43bf2fd85d3ede514dd3d1e5f8c5c75eee784b9175216f
67efd972ab7e60756ea77c29,bf23d6ad3b5786c6bfbf578425a68d402af2fe7d4bc16b6b0ecf5767f06fd413
67135987ab7e60756e01fb77,29e1f2214d02029b5fce94a8a43f96631e6cf50d129967331ab8ac2b1138b106
6713597bab7e60756e01d6f9,c5c44336842a2f40017b31d125d316cee28ce98bd9a5bcbc7a8bcc03ebd91c9c
64be45decf21b2948d0f8908,135054afa95d1c5280a0441c4702ad1e248a4abd82363377f414e374b3895218
69cfbc1a91996e05c05c4ef5,f68683c6d94f497e96c3b84b7a16483af5826a580b631e62334a49cfa7cf6ed0
6a1fef1c91996e05c0096e36,7388fbdb0d3ebba78e9098d54be2004185cf5a8abb220a18e17c6628eacdc2e1
689aff2ce3ec279a55416c45,72824450b12c70399dd02aa0df9209e4a31f294ed06a595aecb639678499726c
67ea265aab7e60756e77dfc2,13f0b040d37515898b72b45a61d72fa47d4ea74c23948a6e514eda4810869b38
6298ea3b53c65bae2e73f3cd,21fb559fbca06e1422c222cbcac279350c727363f3dc70f15b8afca3b99ea331
6294e1ef7bee9c5d5a6761fa,199e201c7a8b5fb9c1197c59766785dbb41ae12abce29353338630eb215d65e9
6a5f34f291996e05c000c41a,6699986951becd1ef11d6d04cff2347c9ad470c7f2fec35c58d1ed7d4df44b52
6a6d096ea8ff762f0d0832b6,5f4928129ee7a0dbdb84fa9d6f7ac35144a44cc18f70ad597f6911eb422e54ca
6a1fee0d91996e05c0044c1b,eda2706c6f25043eadef2d5ca20cc34407a186a8a3c5ba5bec430fc8051b176a
6a1feb1491996e05c0f564c7,de123ee788752ed371af33332a9a9625050bdb560660b28b35206d764e7e3bd5
6a1feed691996e05c00818ac,48c0fb9df4055b2584396e99c6ea5a5193ee89d97cee88c10ae8d5a7986289d9
6a1fec2a91996e05c0fb0531,6e437dd0f6c720fd5a37e93d329e73bb3d16bc7210d3c7efd0dace48ae5ea0ec
624c08b27bee9c5d5a283983,d7a2c9a55ecadaa88febf3d7c96859627d023fc693ee1708afdc6f6ce8828877
6a1feed891996e05c0081e44,c90e5ca9c156ab800625d6051c3f51d67a527b77da4a2a681c7ebf348bf917db
645dc890cf21b2948d4cabf0,9b4b025ed621c894fe63c7635c4c4140e6782c7447fd29454fdc7c1545e029c8
6a1fef6691996e05c00abe2e,ab14dc4df53e94b9696382b7c299d5ff13e03d4f8ff2d6dd25c24d2a6c6b7778
6a1fef5091996e05c00a5205,d23e4d73ff079c1cc203c743fa983603eba536a31958acf5b50f79839ff885ce
65dc7954cf21b2948d4420bc,473d5032b5edd8e6746a10c9caac2215543107975c345aab12e94a76a77bd47c
6a1fed0e91996e05c0ff4c92,749ce69c8775a4964888846556c30f41ed17e51f387c52386118e9c6c58ae0cc
65df3341cf21b2948d32a2d5,50a007349e9b910d11325d8c3e7d9387be1b7790e6b6fc7f54a913fef220fe5d
6a5f306391996e05c0f25a38,72b6a2bf92ba5666bb96d8447d246b89c57ccaa9138d137a73caf28edccb85a1
6a1fee2a91996e05c004dc0f,6d62518e1d2ba70c8fdc64ac76114c577010fbead412c2d9eb1654239864a493
682f1c88ab7e60756e31b514,bd9e34b3c31ebe23506c832067565f3730db3a6e45febdb667dc1191df2b8ea6
6a1fedac91996e05c002603a,9f54df05b69a103eabb118f79c3fe7f6bd790fcdb6d7b0f605956c9de5331af5
69f0903e91996e05c084100a,fadc9169d9c1504b1bbe6f77511619b58b87db875a2ca3e17b94a9303259db4e
6a1ff04c91996e05c00ef91a,d51aca2baa13d33e6ace1ed56bafbab5289eee88b25caca43a31649218d1d97f
67f116abab7e60756ed9a66c,43240616a0377deb1da2dc7411048c405f35aed4e92718086c75df09787899c7
6a1feccc91996e05c0fe1717,9285b5960b96e636256c71fefa39b1a7fadd45f801f001de2fde7259a4da18c7
6a1fec7591996e05c0fc664d,07e9aa47b0561e32824ef1970f1ead5d6cb267dbd08e35f20f4dc60494bae352
65dc6592cf21b2948d1b6124,3f2ab4817f76030b976f5f9dc90e6f644aca09aa7f4fe2cad97658387932f22d
65df421dcf21b2948d58e1f4,b61418a6a5f868b82da705262dd5a4f823ec6b1fd970260e50812ef797bc2cb8
628f3df47bee9c5d5a8201a2,7c20043c866767608d5bccd7f1b5b7eae4df446e8e0e6f33a2d82232ce56b66b
67efbb34ab7e60756e710828,d27d8b723c8511af81d2d361acaf105672f85ad6783c410de1624d91dbcaeff2
6a5f2c7291996e05c0e65133,2c66592721744b70819f84bc253a44710e166b0eed4782195e5853ea50c8c9f5
6a1ff03191996e05c00e7e14,0cfe29e0f02d5fc5d02dac8e87ef2c6fe7a5511ec6bf15e662a15b34be3e651e
6a1ddcde91996e05c0f8a9fc,686c14ab5ffd78f8caceb99e2a000959769dc26192a9ffd055a819e4a15c700e
68c7ed25e3ec279a556da6e2,1fd0fd36576a2dbb299f7ff0ab8d77a3858885ff46b0e93dc85622e9846ab3d0
649e8ea9cf21b2948da8d76b,911a8df15a718151a3815468de478ff6f33ca530a0908021c7bee74cf5167f02
6a1fed7691996e05c0014b05,f79ec00a0517fdebc2af9bb866c945fba9c8345ccdfd5bb03129d06cc4057295
69d208a091996e05c047fbf9,13ce5abb532ce4f76da8c807ad625b874333d855b241522924eb3666bc0458e8
6a5f2d5d91996e05c0e933a4,768854a135d0ebf0b40214ff2a0c1050f5cffc4af17f6f600224b77a28f01236
69bdb34e91996e05c021a75a,1b9a57c2f9ca01339660664a5a3607898367002b7b96b7f8b0364b97cd2edcea
62e8ec2b7bee9c5d5ac2a697,b7825f922da9e024ec5c96bd6ec989d8f0733992b38ef0220f3e92c5a2990566
69d01c0a91996e05c05a343d,fe05d7497ecd1046788cd427f355f57e759752d45dbfaeabf8d6b7ea1aa23ced
6a1fed2291996e05c0ffaa83,2cfca674eafc2338be20e4847e90ee7659688b25295e056eb2103401dce6569b
69d0a9a691996e05c04c24dc,feadd642dcc1791396d0fbf3a5303cbffb239f1a04ccccc804be02ad3cb8209c
6a1fed2491996e05c0ffb279,4e13d4c4f36b5d5abfb2093108e18ccccee5ce46ffdaaae98be6782de242c28f
67ee8500ab7e60756ed9df83,aa0eab168f7d941e14a574a151e339968cddca8bc2a309f7f89b10068bbe483e
682d7de3ab7e60756e79d98c,dbfcd3ad8b77d407b0aecf8a0e3a21a579ed14ef449953ca822ce5fc48019cfd
69bd7c7991996e05c0dd0728,31bae02e44bc37f43edb91a8e06fdf1dbf9c40a79564c5ea743f832f0299ec0c
6a1febcb91996e05c0f92485,fd7cbd02e2bc387a9f9830ae648f53a4ebb2904d2933329a0db484b010f27435
65dca762cf21b2948db22512,94a34659c8245fa92d486e8dc33770a2166d14c949c06e9d058ba69e1039ef4c
67ea27a4ab7e60756e79eba9,92acb9ba10517a2e526a8ec95ffc6bb3aa58d9c1f14af0cadca07c3faea1e0d0
6a1feb4a91996e05c0f68192,836b63255ac6a11486f80c362aafbb699e72f63fc695dd4d3243694f5a477c33
6a1fee3891996e05c0052144,421d484365f012ec41566cad8b3c0e6755a98b2b43535e2a703a5d13b2fc1832
63cad22b7bee9c5d5a6ad8be,6dcd28558a06c6b0298ea572250a7854c59f821d28a3d6072c0c92bb4639fb15
6a1fefd491996e05c00cc859,70a615b2e328debe573795ffca04f17026f0f3b0b47a2a72b3d25254fcb5f131
67ea3a39ab7e60756e9b2289,5a0a29ba6060814299f358fe8d99eb840f2ab0a92692c305862ed21684155c2d
6298f23e53c65bae2e79ad95,b923843ff4eabce62acb85524510d89f5e3783772d1d986c9bb41ea4fefd008d
6a1fef3c91996e05c009fba5,2b170079fa2818e86ca628e0c67be07f0e4d75e6810de91eea9908ab6c1de508
6a1fed8c91996e05c001bb39,11af85609ce3a4e28d36bc340581044172e6837dc90a3d9dbe103c30ff2fb26f
6a1fef7791996e05c00b0d12,8cec313621e1c190a7c89a5e343ccdf694a35436df020adcb52b751ad16d714a
628f3eed7bee9c5d5a82ca1c,811bfb0cacb8bbf773b38e9ddd7a2add73b60088c4a4c7918941ae0e588aa2c3
67ee8564ab7e60756edb06ee,8da17c2de93221ca57f5242561697fc38e4946b1faa04572ec171e8d39567fc4
65df33f2cf21b2948d348016,4d2cc299150284ebf291b4a21c1bb4752882f3e91de3f6c5bf8db73e2ba0fc6c
6a5f297991996e05c0dc75f0,19a4698d959b32c40754325642a84e69a6842a4c7198c091774b15a476d2a9f8
5ee328e516d97489fef1f07a,9ad92cc6902ffb5f6714c1379b933fe721da3c34e4528f28b08d55a6010523a3
6298af8f53c65bae2e3a775b,30473255e2a39c28abfeaeed49738ff2aba48f1b817ad768bf40cf9773694490
67ee82b2ab7e60756ed30c64,3900d42644086ae732a3dda0aa34774c707bb1aa7eeaff85c9b0dd52dce68021
69bddb7191996e05c035e4c1,322943d502d850aa01740b5a5464934b49c03596c19785400f2f8caec45a64e2
6a1fec4991996e05c0fb9af6,1f1d7db583932aa3df3575db1af1af3b7136a7afab1c0ffa3b0646af49bbef69
64afe988cf21b2948d70de68,2d73269e1be967b07bda42511469710bc814287c11d59caa51ae3097a5394c76
6a1fec7791996e05c0fc6f68,5a36129560fdecfa8426bf71b570a6e9dafa368f4ba1b319cfe5f25db25e54b8
65dc9a25cf21b2948d8f9132,87aee9d4c96fb3c094c82e6a927bef71f6fb71667effe6f37a73420b152a2b1c
6a1fefeb91996e05c00d3486,91e8a2158b2a09637e8d27dee66db17cd72d5ccc73a3ec3bbe1d502068eb3786
6298d0ff53c65bae2e5d2f9c,5946fa5f489672ebb6198ee3a3a6442372e2687faf97c99cccc96d7861a4f685
67ea3a08ab7e60756e9ab3dd,fbefe6431d684e34125d90e4b87e1790ba5c9b37909b082cd2a747b5157bd99e
65df4188cf21b2948d57527e,2e3e9fb5176a9114060c45bc27fb2dc448357b27abd2a8fb00325b7bfbc561f8
670cb8c5ab7e60756e3959aa,0f5c9c02738c0a35e5e96d6cf8a7c4e4f982d8b0574a2b5530d33cbe816b7b51
69cfcba991996e05c09aff99,6e2734b7b7481dddc82687b06c79028fc3e7949453bdd3c67efc81c3a792ac1c
6a1fed0391996e05c0ff1a30,83c0dfc9de7386e46779e4c60a6ab9e8aedf61d0ec61328a3020e03c2cab09ea
67efda49ab7e60756ea95615,20e85d6e9d28bc9306c53fcafea749ecaee3c2df2add9607ef0df42911cddd72
67ea3a05ab7e60756e9aaef8,3a7668c89df5bdbf589c7ee5741d9c7b4c3a15773836fbc67e21dd73b705f456
6a1feb7091996e05c0f74c42,c7a8b871ae5c4ed0aa18f0da085dcdcdeb1dccb9499f98d25b3c53a611c91b6d
6a1fedca91996e05c002fd50,df60f4edd7ad0249e2b8aa883510690ef19206e627eb54a1ef9b7d3bd1a4643b
6a1fed7991996e05c0015bd0,9361e17f17aabef08b834b8f2d1da964e43a79e789fe6e7949bad5060dedf5d2
67fdf63cab7e60756ebc1dc4,60e29b0196052fe35b3c96433f49f6b0a983cf326097d1e6d1e4fdd639d60290
6a1feff491996e05c00d63cb,b1520fba0038ed9dd351813ec359de97d317789e8f2383a6a38489ca4ccf4233
6a1feff091996e05c00d4be3,ed8013ad785892deb9206f4489ec554875d6af4c5dfb7bf9ab16f73a9f6944af
69d022e691996e05c06150dd,76650f0017a8fd16ba193351058792c773aa53c88ee22b38da7b8b959508064c
6a1fed6791996e05c000fccd,2a69b6e6d2803bdadaafbefd835fa6db3082034ac21d23287b55bbb482532a1b
69e6113691996e05c0b43dea,1055e752c4a34cd05465a51e7c7a38db48338cacfbc2baf4d1589aaabdef3198
66978941ab7e60756eef62f7,b916a283d70676b4a5dcced4e3bd71b0e5aeb660e7c3a559a731850bb2f12f99
6a1fedb991996e05c002a47a,f9a156539d6ef089df67cbca4a6accf9569da400222369ced50dc4a2925b867b
64afe558cf21b2948d663877,e7fc9afcffc32326c1e4159a181ee2e305d13fd234de7089573033f55d81d781
641aebc37bee9c5d5a3c605e,c436672b43ff1d7e74f0ce27660619fa6a3805ffe9f22d54c6ee46ce8b1b9ae8
6a1fee7191996e05c0062a3c,a21e58781a53b8fd486a9fb941925b215626b19de6418eccbb9be3a8196ace25
69bdde5391996e05c03741a3,6debc12bf659527ba10b82205eef2ee8ef2f1720cd80f201f14b72ad01672447
6a1fef1191996e05c0093ee4,acba172eecee27c6c9e49280cfeb7837d82331a28a22809aa663f79f34307f11
663a1a53b7e461e1e512e7dc,509979d0553f624a0d29e521af8dd6ed2b0f4f29687a02a746bc30c03d65e09c
6298ebc153c65bae2e74f587,9bf9d31b2a5303f1256e64e63a14e0db5619ae143ed4831e759ded648dd79fd5
6a1fef5f91996e05c00a9b98,9fe04f585517974dae0f66877e060021253b9d8209bf0481be030bfa35ef231b
67f117fcab7e60756edbcbff,f0c9517f4e4b7e3197e32fc79fb81c9d713c8a626568ed89ede9e09f5ccc9ff4
65dc938ccf21b2948d7ff4f7,d2eb8224929d18b0967cae09cbb6f9ecdccc8d27898c366624eabcbb00396915
6226f9587bee9c5d5a226bfb,65d9bc7d4fe3202941c0ee3420bdb7e86b47c1f4a7f3c09fb6d4b3b001c43aad
67efdc4eab7e60756eadc41b,cfc931c235a4a932eda1c9485d4bda1641cabb30948eb7d98506ea1b06660689
65dc71decf21b2948d34dc62,db00ce2016eebfcb302b59e5cd5c41ad71cbc32953c5ee696e0f95407fd7e1e5
6a1fef8291996e05c00b3f7d,e6001bebb19cc3905ce8b964e0a9728f12e3cbabba500b39161cfff267d35316
67135c05ab7e60756e06378a,7e407f1b3ab042f95b7f2619caa5681038008cde743ed37f19de4ecdd1b1618e
69cfb8d691996e05c04d346b,d8eeb779ddc167cb1e8c21c5d37559763a42c8e4135f79a1712f51d0c10a594b
6a1febd991996e05c0f96e9a,f82b96403fd0746b7e3d3946ecf46f2154a1a05c6a61a76a41bdcf9a16b9eb83
6a1ddcae91996e05c0f87a9e,c2a8317e44c5492cf3f5e30b4fa8c35c421f28cf29574fe3d560a1b5277b94b0
668d016cab7e60756e41896a,41c6dbaa80ca57a91daa8c31b0939d1a6deb75e1742b86da8cd9c054fe610265
67ea357eab7e60756e91d014,625ee6734e4b6a6d6cab69ee769b5aa0c4a59afe23f1b100056ae96ac6c8e39b
67ea3178ab7e60756e8ac96d,7ce879f8b675be1305cf8084eab8fae11481ce02c734d424f0f3b812d4fdeaa8
6a1fefdb91996e05c00cec5a,00ea6191c4066ba4a0acfa22f4d26e5e7573c49225cee754413b5735c93931f4
6a5f353b91996e05c001aa86,706b347f125729add38a09dcfa62515bd53c934240f2dfd40eae092b0037180b
6a5f294d91996e05c0dbdb22,0bd5b0f8105166631e7b13937ba7c39842179f9b2a886fa52b83710887d24436
69e0c73691996e05c08ba7af,401ad751eb5981abc9a34f9ca2143a63bcd0d73591000611cc3b5105bb0edcb9
6a1fee2891996e05c004d021,d7797b8424c3436882be1d17adf40a31b9725320a24ae04f75fb2d59507e464c
65df3272cf21b2948d30c466,d6022a1d59ae8691f75c4ca801f055cca300f000fde273e843c8e2f55c7a65be
62e8de6a7bee9c5d5aaf298f,2181f8aa14d72b582c765c958728e8d04e52294246a9083a39ddf8e61121b0c3
6a1fee1891996e05c004827e,1197928f8017c355b565cd542a790d99696731e265aff0e311cea062b4692bae
6a1fed6e91996e05c001207e,a3262df1647e6631522ef9d500db0217f52af19dcd74c1fea918a89b4329e479
64afe54ccf21b2948d65f11d,152fd4b14575ef8070864565d58fde385dc122395d1f8658dbf906f2e3f362d9
6298dcb853c65bae2e67f2b8,43bf6367587cbde8f3c96fa4067c49a8fd5dc89da854fa02f0e8ce5519264e33
6a1fee0491996e05c0041eec,9dd369a80d6baee162df4bbf70a82513fcaf472851259c79e7d2a1504192db82
65df3b1fcf21b2948d46c77a,4f308e9a666132c6bbdea4b7be8cc77852029cd110684ad4691765af0db7b6f1
629901a153c65bae2e823a10,a526f950ca12469e4c4dfecec883be794a7792b21b4788ecf58aa4d6fd9491bf
6a5f273091996e05c0d4d98f,5e2baece5bec0a083f3ef0cde883932c00fcb8b813544f7ac8a3cdb19e03c29a
6a1d765091996e05c0d75694,07f3938eca62eea28fc54a61c7ff2a338a8832994028c5248d668b1fa47df178
64afe4a0cf21b2948d632d8c,17385784d87e73eed62adc9e94e153358e3ea241c88a2c1491fff743ab8a4deb
689afebce3ec279a554054f6,7bda2c12e2f4c3b8b95b269e2f02f638a29939f132fbaea0afd34036a666191e
67ee8538ab7e60756eda8d78,eb81a5545b96e112f6640a4b45f3d31e9ecd4dcb1304ca33ddba280e9f5afae0
61166674ee3b0993eae62c74,00bb1743981e4baf3d599ffd45011e2b24faf5bbf1a4314ece08bbf014c4a54e
67ee7704ab7e60756eb13ce9,0e407456ccea64e63eb154a701d3a8b51335d0b96afbe3bd11c4f4c8ca2a89b3
6001548a7e23857eea012e45,6b6f5fcf5e272179ff1ce11734d3963094e6eb6b193c7f4c63b0e955c40cea2c
65df1925cf21b2948df50e1b,4e1651d87f6e8e2492dfbbabc119b6bf878b7b7746dbaef32f7eba96d0eb9a5e
6a1de93691996e05c007deae,c676ff2c3ee7c49abcde960dc02592df326cae7545ee286c05ad20d0c0c0f3c5
63cadf1a7bee9c5d5a73db08,4437735cab2519cf3e8458e027c37bb05c4df8e7107bd863b2b39f212b6a270b
69bd538991996e05c0671bf0,40071a2ffde21a8d1f2987dc63660f664a30140c7985aeff5c21dea7585b61f9
642676427bee9c5d5abd32ca,571a4535c14625ebb1190413fe8b53e3d83c51c0d88dd8c5c00c3f7f6b7270e9
6a1fee6a91996e05c006120b,9ad8dc48ee084b5b5f81130dcd0942eedd4566c9d48ed56658a30b04c3cb1825
6298de5253c65bae2e6968e6,0e6ab41e3be10c2b8fc1209c60b879f4b7120ed6d0e546c12acad2bb06a20a49
67ea37a8ab7e60756e95ee25,a4319d0a67d76469a24a5591f522e7864b96081b81b34412aac941a370d30c67
6a1feeac91996e05c00748ea,c23876aba6645264c9207e7d0044ddef3190254bf845ab9665dae3e59f9c60b1
6720d994ab7e60756e7a48e2,327beb8b50aef51fbd0df59ee86588dac10b97d2dcd89ac87ef2780dc33cb67f
6a1fef8691996e05c00b4eb2,c7e4c73cc0b7cd77d4788f6e0b9dce8defc2324b9ea26d8dfeb0b1bd8532523d
62271f0e7bee9c5d5a358fbe,11f97aa3d60ead1411fcb7f9afea24ddf9abb3f8a15416e5e7cd647466161525
62e8ed1b7bee9c5d5ac3ae3c,01d35621bd5f438d9ad8ab8cd064c7e87ac61f58bcd8c606735ddae0cbfaad80
6294de567bee9c5d5a63d102,0aaf9774ebdedb47e8bce4c6fbd40b7df35d1e684a6474e86048af118b521211
6253db947bee9c5d5a95006a,90124fee797440c413c86cb1df885005cf6a201b3890ef38e3bf1540914f7a1b
6874ea3fe3ec279a55e5e06e,49f62e887aa93680c178328dfb644930d5fa50e9d1b97c3864bbdea0ee58519d
69d0aa6491996e05c050a65a,48f69b1ec8e9b71b9ee96a93a3d3a4168695c1fc5833ede0b100cbf78679185a
6a1feef791996e05c008b635,e1b6e08602195e88d2cef81094dd219e6657ff28e140a8aea87ce71e992ec13d
6a1fef2091996e05c0097c87,2e30e6b56a1d6eddfabbbe939693be9ad3433c2cc91a5b64cfd39a1554fafedc
6a1fee5191996e05c0059d14,069184fc0b57d453ceeba38e95adaca8dae31acdd07f44ada9fa8c484e0ae10a
65df46ffcf21b2948d657dab,17b0324f76af4e8416e7300a87d698257fedda08e3c2ee0780bd50e534aeea7f
67f10c6fab7e60756eca1e84,ef839d1e78c91d8ff78de46a244a6a284bed3356be6450d30b6cd61c055518de
6a688a0ea8ff762f0dcb8280,fd59804fc5c04d68e324b1f566fed072ce5210b82ebc374561b554007fcee9f5
6a1fee0391996e05c0041797,2e36f85e87e0baf464056d38e98d67cb57bd528befa8506c75187065b7884375
65ee99fccf21b2948d7a4ac5,59e47b21f402b1ef157cebc95640f7015d1bd5f93b4498c8b9974f1350376cc0
67135cb8ab7e60756e07d934,6c1e42f5bf0fa828d3463953a7b6a4d0b16961be3c248da5fdf241d464aaedd4
67135beaab7e60756e05d12c,39acfe7b42d92f5ebaaefc08897a6e36db27859d2d30b96f42d9cf3e9a8f4c37
6a1feee991996e05c0086b67,3450575b713a5e1df7b8402479e79817a7ff73a73ec1c89f57a2959a784eedab
6a1febc891996e05c0f91920,7dd7b56e457d93a2f6dfd03baf09d065bf9f4bf8e46ffa59d4b29122fd5c30b2
6a1fea4891996e05c0f13c8c,9600abb50174c96fa8af432dc12cdd71bdb851ae20ef7946051c91c6c17defda
6294dc777bee9c5d5a621df5,6916fd383bed019aca24aab7cbcfa4779a66eabd480b70a915c05fc42935c7a6
6a1fec5891996e05c0fbe1e7,fdfd1597a1b2a83572822c7deca79157178fd5fc91676006986530ca99ae8728
6a1e102f91996e05c023e1a7,122b78c9658fbbb75cc32f84deabacff7e80e887f6f37b0df5dc41a1d3a5dc7b
6a1ff07d91996e05c00fddce,9da1f9728b5a529104a6419b471f02f8e6743cb8d12d962a908e5ee73c17d0c1
67f11788ab7e60756edb0d50,59671bb9424048028f0a9cb46be50f08ec89cf37a8702cc92c1e2aa235e21607
63cac9f87bee9c5d5a62c346,df443a014400d326b726309246f15b5a74f4188b8e066163291fcbe31fe2f8d7
6a1fee9d91996e05c006fc57,d00bf81ee8345cb13c9bb914dc695b14d79e337a1af1e0cbdd481b28e812a7e2
6a1ff02e91996e05c00e6f86,43f07983d291d48928717a4d2c951e8af9a350f3956068bb0dc320b1e905fb34
65dc82b5cf21b2948d596120,49bc87d11aa6f779802c1adde5deab4fecb798b3bc2b208502f823d16d8ecd61
6a1ff0a291996e05c0108ffa,61cd461b135cc5a308d5729f9a17adc55418467c011d6325b1b9c4c4e556347c
66584475ab7e60756e68e757,31d172fdc016bc3c08631b6990bae9e76e738bbd74019d6194c20be98ed85527
67ea3a26ab7e60756e9af629,a7f053a30fc02cbab92127f57507c64f057da7b486b92395c019d670370159b8
6a1fead691996e05c0f4219e,8b0cc9c79b602d0436fa4bbf729b07ed75e099d2182e36d999a746b029e6cbbb
6a1feec691996e05c007c3de,a761d153b411ca6faa4050584cfa0baed1768522c6406e2fc389bddaaa163556
624c0a0d7bee9c5d5a295855,34c8fbcee04cd84147e83381f54cc786321eb09b37a14509da9d7868bcdb51d5
62990d7c53c65bae2e871638,f3382bfb35af801e4f65f1678f57f187e6c62469137dc0e9adb925b781b45fac
6a5f2fee91996e05c0f1120e,5e698e93e23589f455797095b7eee68ed8f99650f6a39865d09f57c198962075
68e656ece3ec279a55279755,7a96f55b013751ed2a0a291b215a25d021cdaf098e4c3031665e41486ffa1e68
6a1fece791996e05c0fe94a6,e2afaad7db07cb94ca4f6bf02cc144c1d542186b26cdc4b54f356b5a39a6b538
67135c21ab7e60756e06921e,b97137d13532d726c55f3cc00124d4024bd069dec9f0c4d1d048fe83590cf86b
6a5f342b91996e05c0fe67e5,3bb69f5d9585c4e1a98a10d6183ff98f3e3777a0d67490a8978601fa708c924b
69bdb2e291996e05c0214331,d2eaf43090614782a377238071e496ebdceab952a1594228a8ea1398b420e29d
6a1fece191996e05c0fe73ab,98539da00cfea32904b57576c0849e2655f1cdef794ed598d1a02970e922289b
69dfbf4d91996e05c0bbfdf7,d4a5509e6af1cb9ea15286a6266d255370ae582ba63136e6a4753d6c1045b452
69e0c63691996e05c088e99a,50d6f95a4f23a1968b94a837a4e90d0d4140f7b557f24f44ad554540c89a0bab
6a1ff0ec91996e05c011e020,af1094e3b325d095a795e942834b12e3917b4fedeeeda3eccf1737bc52ff8544
6a1fee1791996e05c0048167,68f95e1d054a98a56556a8d48b53530889c6cb68b71be309ebd6ca899e84e465
6a1fee0291996e05c0041618,3b2c71d4bf4cb67453dfbb6b5273591ce07a546cf6d7043b462046c07610eb37
65dc74eacf21b2948d3b2519,e6c85adf28cfef500cd3a5f13a24404c4b6cae09a3222e8ecb0df6f7d4536520
6a5f2d4f91996e05c0e90313,72799e13552a88f3319fedff6d7549156b0b443334264de95ecfaa95f6a53364
6a1fef1091996e05c009387a,c5608f28747f5be9fe6c13d27a63886fd3454a6763595d79782f5b063d86a14a
65df468acf21b2948d645141,5598a3074a4c39c3f39f3db40a9907c534c033ee01000743206936583d883f1c
60c822baee3b0993ea95923d,6af5ec89dd308ab6601f33e6a916e71e5befbfec8c0100db3d13091d72d94c4b
61666a86813bb28a90a746fc,8a2cc3258afe2337a55e24530b3316a32e53233691aa4650332f50765f4b0d76
62990c5a53c65bae2e869b02,9a4b4ae204012b96af3eb5332f1f003d07088c6c0b11669880a6d58ac373723b
6a1fee1a91996e05c0048e56,2715d931a1c8c26ff1f20d14af80ed6d7fd05fdb7a01939053c3bdcc7083289d
65dc8b7fcf21b2948d6d908e,a244b63a47e65c71044edf60e70ea58a8f4667da3c51b1f308e7fced121ad6d1
6a1fec1e91996e05c0fac350,effb6d65c28261a7e2139835a6ba606af5bbab53bc6965c82db0ecbf0d06c62e
64afe445cf21b2948d6233f0,8c6e06f504c0a80e90c3df80d81f04f653b6e79581f2734ca795c8472fd036e8
6a1fee0b91996e05c004434b,44b90ab47eaaa3526f46b3e21a85e2e4996e15323bd28422f88da6cc110a9748
6a1fef4a91996e05c00a3996,ff3912e4f2e3df8ec20152fb831b2fd3f1706e23ca86fbc25adea93b6d47b231
6a15930a91996e05c0649990,534706ac7d90cf63e30050e490444f1553d3d7e5532162350c661439dc1accfa
65df3ef2cf21b2948d50a0f5,8957ef90038243cd11e80ea8c5c0b2eb9e931b76f56c423624f9866462de62ee
65dcb056cf21b2948dc66add,ef826d6b142b2d7bdc326a47e0b8c7da3f14dff605504f7712f8d5a48d0e375b
6a1feeca91996e05c007d8c4,a0f9ab8425703894f1067329e0f98d9364d47c2ba43e2e1433c8df7cc61fe5ca
6294d5977bee9c5d5a5aedf9,72beffb54fe7cd13bbe35a5dc32c945810e4385ec7c9e9f862ce4fb7728fe11e
6a1ff0b991996e05c0110175,7c62f10b761200d52d3a87f5d97fad0bd66ada482c2f9b14294d5c0d17c106ed
69bdc17191996e05c0296723,8ebef9f30713ff1d3e341af243288b138b538c9ace4ceebda961062ef77ff577
65dcab24cf21b2948dbaa7ba,47f8b3c483b85927a94b92b4722cf72623a5ba77f415f71a06b107a4a9d03929
60858406d5cc354590930d75,dc43a2e044d3be2d8c50dcd3f5b464b5983f51b306c3edbc6ae2120adf657071
6226f72f7bee9c5d5a20fee6,9f840569b139f57f7ceeb17fe0e6481410a898f04829296ab7b9b8a2a08c9681
67ea2f87ab7e60756e876504,593f572b233e3d66f5db086748e9e660ca4893311865d7f9973d6e4fa4fbf5be
68527ac6ab7e60756ef7f794,cf037eb4f51ccb18b6d856047c1c520e7c50f7d85d0f9068df738aa9ae635ded
628f47487bee9c5d5a89ab0f,93241ac0366b7f4fbb720d91a5d8d74e740bf7a513101d375ea98414f9cd018d
6298f26653c65bae2e79ca17,5f947a2e125986164d1a59b8e994d3a8bcf7ceeb1e5669657c4e1c0ea6b97155
69bd6efe91996e05c0beb26d,fe0c03cf53d5191f243aee36832d33c6a46002d1d9ab4406ee35d3aaa3db6c70
69d0bce091996e05c09bb200,703968f2e1c9760edd883fc6bbfdffcb9be17788d36498a4e3551f225a8e13a4
69cfb45991996e05c0396167,a07efa8f6c581e131379bd93868a7dbfe99b1c454f3d0e7a4669e6508756c281
6a1febff91996e05c0fa3262,68635cb87f1490e0e8fe157a0b04c3840325ff3fc2ea76a3d7a35e560506d86d
62e79bb97bee9c5d5ad7cf15,32ce4d75e65ea5a9ef7ab5d3af1a9b42e2647e34885cbbc252dc24b2b73e00f8
69e13aaf91996e05c087dbd3,0350aa1e069e11e5db8934b777ded9821fcd2513d6f391a510c5b7b33962ffeb
69bd4ff391996e05c056e503,32ac1b5f5c1203dec83017d9201bb79c10861cd24fc6a6b1f197735616742ec9
61ed0716ee3b0993ea112c94,cffadf107c1f5ee77d3296bdf6358279b507b18cbc35feb7a71b475370ec3d18
6a1feb6c91996e05c0f73638,92f3023b52ca0080d79779709c3e836c47dfc52280802182704825c5f6f72255
6298dc2253c65bae2e677511,3837b2c48e8620305178f1169babe99276f1f1eb77bdeed7cc69bf75057d1cab
6298f25153c65bae2e79ba22,111dddc00791bbb2aebdb2a2c4d721d6db1a55a6897cd883e13e42b2d3792076
6a1febb291996e05c0f8a1c6,39c63f3c0bd470a4b0abf3a534429993b4d6c3c8dfd636799897076a138d1980
69d0b76091996e05c086c87c,dd90cf747c9d20c4f9c8638074dfbcf5cf4b0fe235b5da1a549fb8235eba8e54
6a1febc591996e05c0f90705,2876efd8725cdef0d1012197efdf4b94ad2879afafcbdb48803bb7a8d550d5e9
6a5f2c3491996e05c0e59a07,00d5037bb71535dd42baf838db6d1208757f0969a32851c36160b575ba5abb3f
6a1fee8291996e05c0067b66,d0b05fe722394fe09494bc6ed27da5a157431a5e2e7b17f79f5a854f1b8fa6c4
67135bdfab7e60756e05a97d,175650e546b7613438f7e537fb5f2f3007d0de78804566b4ee73ecabd4682fa3
6a1fee5a91996e05c005c432,8a87d14c7a8a9806f8f3048b686bde3b72f98c078a100584f0e5a682e1842582
68db7029e3ec279a55b35c85,b2e074422fa8befd5bd52022e60f8e0f950a283b5f78c46f1062aedbe8fccd88
6a1fe8c091996e05c0e8b2ec,dd28c924c8632cf136391423a95d4ff98998d962bc06eff4f56b9555a4e879f6
628f38c17bee9c5d5a7e19bb,0a4175b9115639cff284411325b0e591e69eda75ae736a6029fa17dbb29b0f3a
67efdba1ab7e60756eac5499,8da027d5a5515300966f557820cd120d9bc695aa4c5ec174c967ca44e8f758d5
67efd924ab7e60756ea6cf07,bfecf7bc3218c166ce389761eb7531c96bf1dde19a385c7aee04c1a430304e3e
6a1fee3891996e05c0051ed3,c678cdd3ddbd5e6357744a866bfee2bcacb9871f2f2931eadad1ef3f1c181a81
67135963ab7e60756e018a28,c63b32a64fad803e6d567610877c33307777707b0f28b944fea15c98d11c4f03
6874ea6fe3ec279a55e63232,bfcd1f45df46f610e09acb3e27b5f11a285e4ebaa085148b1d17e1f09823d734
6a5f349791996e05c0ff9f92,4eade04f9deca35313147eefd42306e701f6845bfe2f24632f396041772451ca
67134f41ab7e60756eef8dbe,cee48a98584b7cc30a0541bc0ea2bbb2c968ed5040843287e477a4108f79d79b
69d0a31091996e05c02eaf2d,2324775516ce7cb47f28ae04d869eb254fe85e10383cf443a47e10f3ff612a13
685948cae3ec279a551d7dd5,f3b1931bd03d911b8f0259f7a7cb3d52cd9eabf557ca2049f588814486604448
64c3a873cf21b2948dba1011,e3e3608b79d0fc21baacf79b4d2221c0487f8ea2dee4de5ff33c023be9950ba5
6299163153c65bae2e8a1f32,5dbd17526ba2c9614c10499151908c4a63f57235f95d3cc9fac91df1b2b28ecc
641aea177bee9c5d5a3976de,52e049f3773de9323d6f2c19d3330f00dc1b490f4a394fdaab44081d83ef4e9e
6298b24c53c65bae2e3d0c4f,2644a90977d5c96504d73d4ede70eacdecbd82c376d6a0d89abcf01c7d763c5e
628f3c6c7bee9c5d5a80fd39,f2a0daf32181d22f05de0ec7ccefd328338e15dff609499cb95c901f96f6a452
6874eae8e3ec279a55e7042b,c5675df3a64e96b6182e0adec05c345f23d214c2269df1c58462e11aa7dad8f4
6298f3c353c65bae2e7aae1b,88eac9084e652f49beabaa1a64bd4e7b8ea6bb8bbc53474d23166cbb72def20f
6294e0c27bee9c5d5a663b5d,fa04c569b377160e6416e3a20dc0191d4df9a075f3b88a010ec54d8535ce2532
6a1feccf91996e05c0fe2416,63c5b21be689bb4ab6802a1c496ed240502a314f7bfb789ad75d0571db494949
6a1fed0e91996e05c0ff4a46,eb7c2879f0a9d2a3f4867e08fde7fc8aaea0391bb3e0ae46a05963fbc278f79d
6a1feca191996e05c0fd45d4,35ce97ae4778bcbdbc3566947432d7b6b667968fcee691d72f462898c7b146c2
627b41ac7bee9c5d5a9d0355,f6f891e6e0e3516dba34bd159cdbd5161e5a0108a3f80bdb151877c0d26735fe
641aeec67bee9c5d5a41e089,af289c8eff68b9b710d2efaa28d27c2fa7c9fbb7965444cabcdb2fc0347ba9fd
6a1fec8891996e05c0fccf85,9f90351661b0169399101f23589b4e5bf7d8f8991db753440ba372a4ed5f678d
69d0bd0d91996e05c09c5ce8,8973a26d69dd08b673ee5718b0f374336074918601f699756ced130926eb6646
6298e7ee53c65bae2e722ef4,4391e4753c7a710e7a6bcd8bcf65c017f841746635a4d05d58798c57ee861298
6a1ff04391996e05c00ed40e,f60cbc12a8523692469dc978de190bc34e625c3f41ad6662a7e67b61fd2c5968
63cad4787bee9c5d5a6cab56,c22356b7badffb484b5a333cefc566ab53773e5e32d25b5058980e8017e655d5
62990f8453c65bae2e87d5aa,d42713e84829d73c7166ce1abb6835a8342aebe8e96eeda1474f3bc34b091ba7
69d0be1791996e05c0a02d87,3c8ebc206194efcdafca93c16095a29f0daa489a4d490530b7460768bdb70d65
6294dc1c7bee9c5d5a61c607,157b970ca2a0f3b8da1ca7ff83f1c05c09c64e23a8ea0ffaa898ef96d05e86a3
60baefb5ee3b0993eaab563e,29f9a65a9af662b524813f233f44e02685ca03935d8f86b0b38c0268c31cccdb
67135c08ab7e60756e064000,bc8b6850b568abd3d6e18236a69ebd2a7e777987dca54220972850a2926e60e2
69bdc6ab91996e05c02c1732,611904e21d353f7e6c1741167869fea05b29c8c65be28cca5b01f8568761dd0f
669788ffab7e60756eef164f,f82a03d6c92103156f39841e3970dd28c1e7ae382b34b020e5d3204a6ce11649
65df3e8ecf21b2948d4fb253,55a3c243385edaa763f088bc695f1708b65f9db1c86b1317aee5e9da75dfd15a
6a5f267291996e05c0d24d90,04d3c772d7959e843621a07394c3d123dcb02a69f2b1ac710e5b62dcafb0e781
69bd591591996e05c07d90f1,9604f7f28d26f23ad5b5c4279a4943e411f9a812910af061c46f70fdffd19c53
6a1feb9191996e05c0f7faf5,c691932dbd04285cc642778110457250940536ac38c1ddc95a6e50fa15b07b18
6a1dd8f291996e05c0f3cb24,476ea19fcee19fe6e956131422aded34d9197d1f309f0f278ebe5f7c352ca33f
65df31adcf21b2948d2ed9c6,a431508814dd1525d2b5a916708203737a9ca7133e54e6a9e72af27254b9ed4f
6697882dab7e60756eee0279,630f2ae0447b55b3c8fdd6ac8c1f1e7993d84248bb36af1ed37401b20b9458c2
6a1feea091996e05c0070a90,93ffc3535a529e1fcd4c9add2874453b71b2badd45db2767ea921dba1791fc7b
67135c2bab7e60756e06b2d0,110cb16a2245aa68310ac3e9f075f048a9745eb97e8bdef339b3283203ffb68e
6a1feea491996e05c0072348,07d36fb2128b8e1f99a3f7b3c2563069c3a9c0f41cfe177055c49366809e39ad
6a1fefa591996e05c00bdb55,4d0c5c99d24baa5fda55aae08850095542f4d858e6051d6cea75d0416a51d309
6a1feea591996e05c007246d,7f517bf14e2e420b52bd2497ee4b3afbb1695a2cc9ad76f0c7aebf05b72cf66a
6a1fed5c91996e05c000bf21,02d98879698943fb4f9b2dec944baa29535cd020a3f6d4855d203b7f67e9702d
6299097253c65bae2e858b66,e7f53a85bf09ce1b01994bde34240902b55007ddc74afa4fc712d8284cf3e6ec
68242a96ab7e60756ef75b0d,fb0d63772306d28f35f285fe6be479b9dfed9f1bf93824663504195e0738fc9b
6a1feefa91996e05c008c65f,8e552578475e9d67df707e9946e04ed48aa2312d7ae0abe432de1017dc1ffb17
67220e9cab7e60756e6d62d4,1be811fcec0e135243e7b6228d33b6c703afd1585101a3849583467577cf7a01
6874ea4de3ec279a55e5f532,dda9f814fddf320b6383121c45ca861a35f87ed0f082c12ce12de3cfa46abc27
6720ced0ab7e60756e6b7844,dae0dddd48f5f4619cc3ad177c790a2734fba4edb7c9a8a04b5c6e6774889389
62991f9153c65bae2e8cf43b,295ad2b9ca1c948cf9568e34ca3b0312fdb3187c230dbd481f793c1ca45b3583
68c413ffe3ec279a55ee369d,7d9ae671dff1dc2130fcab66b126774c1d79d8aed28708a65cc1cdc5805c2b2e
69bdb7f691996e05c024674b,2576677d418a2802406f3c85fa4d2812ca5e4b9ecbe7264c7a3954c73c030561
65dca867cf21b2948db46ba9,fb7fc4ce5c0a43012db8493ae97286af2c1e5a4475253bd33aaf847f36e85206
68527acfab7e60756ef80c88,200a3c444507cc0bd6b35f0c871170000ab3c93f0512ec1a6f34f248f6648eed
6a1fef9a91996e05c00bab9d,e79bb7d54f003894680a2ce331f42b4a0e456bb56e8633ce0ec8cd49627a2c45
6a1fef1391996e05c0094500,dba6ceb61c5014b7d7a888ed78a4d8d5889d4c73dfb572f4ff6726e2dde721d3
65dcaa78cf21b2948db92160,77e27974865e511064c7e3e7b29dd6634b7672e079d4a1f80d8580627fac185b
65dcac8acf21b2948dbdfc5d,edf36e5f3d6561fd5545b17844a357f289264c94b9135112ff795ac324f98cb6
69e078fd91996e05c0a7a2c0,0168b1022ee40850f759c1b23835859ea9f735b0fab14c570115e3494117fd6b
61e8e29a813bb28a906713a5,bf58f92cbec7af5c9b7b5c02ee4157e68d9f6549f0756bbab16a1a85c28fc99e
67f11762ab7e60756edad016,6b562cb6560f7bf8c93b18c834178a3b2fe84c469523361eacb1b327c6bcbeee
65dcb2accf21b2948dcb2a74,5608ddbb91f84fbf0281f7e85864b041626f188d5a852c1d662f3c2a1bb5ea22
6a1fef8f91996e05c00b78ef,4da415723d920d5fa27b66184ec59b23cae76ac1a4343cb32332a13a9684cfa4
6a1fefa391996e05c00bd390,a309e2a13569a0d5e4c35aeda80bbe1a53e4b3a45405a8f0ba46297225aedf21
6299197053c65bae2e8b2135,e501269fab2971f7a2c78c29d80634a3e959e7adc7ed1c490cca309cd128c00e
65dc6fa6cf21b2948d3085ed,fe49ec8cb804b3a82f8e83715027cad0850239d96bd9f0610b9164c2f8234412
6a031f6391996e05c0071c64,d759c0572a4f2a56a37e98622f774166cc307c9ff691a98c83357daffdd1acca
65dcb00bcf21b2948dc5d514,fda276b5c6e65fec3a6dc5b7c7258bf454e22815055a7e7be52726f8ad5c02f5
6a1fedc191996e05c002d0ab,ba5f5853e6f2a3a188d1c29261298972c3a95cb0f4157dfc800bddbc5f8f89a6
65df240dcf21b2948d0ec732,a9eff8e2eb6db252acc47f83d8e882da16c7f7b77a8c8fdf27b9fd62b3421ba6
6294d7277bee9c5d5a5cc2a8,e943ca3b0ce562aead795355e02e8da1495657d868855cd464f11ad9b39961d9
6a5f2a5c91996e05c0df77c0,62cc6aaba1f9b5779ea280cf0ddd2e6465192972ac906fde34e56cbb47117630
6a1feffd91996e05c00d8cfa,2f03f64edda2df83af27e62d0b36c6a8473b0cf52de4d9b8a2c5ecbd132b6579
6a1fed9b91996e05c00207ea,d0400374ab6cb65c584c7836badcf74a48a606b8333e8c061d2012e4a2000231
65dcade9cf21b2948dc164df,adb7942af3edc0608ec3afeb1a0c567ffb6b8960e377d2a79cf2e0fd2e2cd393
68c90524e3ec279a55bbd5d9,d624ef3c708c60941b27cc4193e83d58303fe5e0c082a88b4b345d827c31f170
6a1feed291996e05c00802c3,37a5ef91af0a0a9d6afeb9aa602ea7dca82c6c2bb96a9282b4edf208add96459
628f3e067bee9c5d5a820dc4,b2fc6285dd253768224ccde1b3b3636ae01f734b77b35edda84c315183a8ee5c
689aff3fe3ec279a554198db,9e38b38621d8a45a37df365e29bbe585dbec90975b103af47efdca816d24faac
6a1fedef91996e05c003b276,adc5afae9d0020f4e0ed4a246dcc1762484160ca5172d985fee4f9b41e7551bd
6a1fef9491996e05c00b92ef,505ce581a4418849ac839b0d5d8bfcb5d1621977f079a6dd77d89ba693f03a65
6a5f304491996e05c0f201cf,6bd4f99487f2943e7d199b20c60e21ff3a30c5b44cc8a404fea96345194735cd
608be34bd5cc35459059451f,dec01d64644cd8f6ec4459ef195d6872da39a6e42ec033ae0114bec16a43ceb4
65df36a1cf21b2948d3b0bee,c6780aa5f7dbcd76876c2bfd8590ca0a5afb94922e9c64f60fd1ad3e69edb7f2
6a1fefe191996e05c00d0915,0c96e12e8dda4f7e6bbe12055fed2a190be510c92d4db565facaf8864ca7febb
6a1feb6891996e05c0f72603,b765b3ebcdfa78cc7dcc134b0bff58679c34be995d8f46066246a5dd2e910d71
6a1fef4491996e05c00a1ef4,930adff16d988fccb5d591192551778880479d694a0c0f0e5a08a9c85f086ecb
6214d40cee3b0993ea68af43,85e2b7d8562313e27a76c33c44e37491d32c4056d136ab47900ef9513ce8a0a0
6a5f25e591996e05c0d08305,d7f3fc61814b57ec83ccc50f8f3c4980212012aad9034d157d1d66f322a9f0d2
682f1c38ab7e60756e3104bc,b8c2ca1fbd7f0cb9357363b4bbcea7a3edfc9fbc9dfc98ea5af29303f90c4c51
65df5023cf21b2948d7b82f2,950fa05fe8b283e3255fe178db1e36c749938fe3748e0eb43dc008faabe404ca
69d0a37e91996e05c0308005,c26f70dee4a9d522cdfd09ba4c19816f893b7fbd8efc7dbd6e3a8ef2c4489f86
6298f05353c65bae2e78678f,296b197092c2d921e0d8a8e8b34f3bfe3210d152d0773ae12348e89672bde74d
67e55782ab7e60756ec6781e,cf91d466dc2a6f7e5eec6d24ec4361450314c2f1d04aa65680129a562aaebec7
6a1ff04c91996e05c00ef677,ac206eadd39621dc1a5273a994731085b1f74e3cf57c73bffe61251440143146
6a1feedc91996e05c008316f,f5c8231897443d95b4a76e6646e242457a3bd31d13e3e7a462eb0a77f22db0b3
6a1ff12991996e05c012fbc4,5e78355aa2f2be7e53c2a4690bd5fca28938abf08ae03066a0f3c033f5d6ec5a
69d0178491996e05c05517b2,22425b64b2c4c688d4867274e40c7fff861fa339a24cf4c0493ffbdb51d9ba2c
69bd4cb791996e05c046b81f,7e2d2155dc462dd71487a95fe3ca41f764109f6966e7d32030a0490480f5a905
6a1fede291996e05c003707a,2cb4e4da71e292756eda02834be0f0af29bfa168be19812cb6bbd87b8f1c6095
65dca708cf21b2948db1555d,6c29ecee0767e2b2a8d60fdc445678e0513313269bf392a5e2110a4c55560d2d
6a1fee9891996e05c006dfcc,9786f3f5e273f4aef10e24b2ced59c21addf7efd8f3a57b9e0a3348a59299b2f
63c19a0d7bee9c5d5a5f8d05,5233766809038441c1ccb0b9fba2bb1f1b2df68913641dad05602e84c9a70e60
6a1fef6e91996e05c00ae1d5,f91e688b38fcdf771081876eec3a46f474d73f520e8a28ec1a05ad7d79bdd02e
65dc9154cf21b2948d7a9b88,ca22bd294382b1d3394dd6140f31e9cf1003aec0e3d01917c73d30929f079ae7
660a87ebcf21b2948dab0fc4,79c6ebf72134f70a2783eae372361674f810404d7a1494863e303f94c9f8dc2f
64afe4b0cf21b2948d6399a6,4a11f609169bbfb711c2b65850620a7916ded526bca2d90c1b1e62f829fa707e
6a1fec3c91996e05c0fb5941,71ed59f11768c4e8522cfe7d77e1009ef1fe9df706319945fbd8e2f71a593737
65df2b14cf21b2948d1e46f5,794846b82617330e187d1d51ebd2ed1471339635a0bb933d16ebd2ef3cf400e9
69dfa3d991996e05c07bbc0f,afcbeb54edbd8237ccad6dba3e164c6ab73ef095531b4774a73267fd435bb23b
69d0b59f91996e05c0802925,4045f8e4db1d6692881fa28b19797327587bbcbf556e069750bd819b9673563c
6a5f281291996e05c0d7b97c,a417db7579d8f73d1ffe1ab5e5a5a81bfe77b7d25eebfe56f0cccabe77be807c
6230cbb67bee9c5d5a8275dd,abbbb720b47cba3da141c15c6551f93162653059a40a93cc252665c3016aabff
624c0d9f7bee9c5d5a2c2cd0,bcb5693d9de87721cc9ba0fa5f0025697a00edb7a902dfb6f415a35e6781379a
6a1fed8991996e05c001a913,1223419f1df2b4edeef1e7c92d153889f7b96a09c369b5442838bd45ca4a4326
6a1fec2191996e05c0fad16c,976b7b2c749831d0c5dd60aafa2ef9aee9172f3657920b38008bf94b6510abb9
6a1fedda91996e05c0034ded,d9813171cde8daaae23c2299d6dc4c089942f6d5be828b897578d65442459f16
6a1fecad91996e05c0fd7fac,a55c092e95e9c573d43303d1584588659b107e02bf2ef8ecee9c42fd84f6105f
6294e2f27bee9c5d5a686a6b,626aada40fdbc20e9e8627849bf410d2cb0188d089d15b6aa7d5b998257c4aa1
6a1fee9a91996e05c006ecca,fe4bce4f2b4df41f1794b0443dd5ae6bbfbbaae6b1b75387c9c5bda788d59268
6298df9153c65bae2e6b02c9,6c973509ad27b02bfc1222eaa7977130f50800b6e098eb97f8068e2c471cd233
6298f34253c65bae2e7a536c,96629233a2d07a7015a5508e99a89a629d25ee4fc653e78d0cf5ad3bfabf1cf4
65df32cdcf21b2948d318b44,f46bf5b82da3f2fdc488ed647e65c341db10d902e270486d7dc78c733dd97e98
6a1ff03d91996e05c00eb5a8,1bbdbcb791d9d7e747acb93ddd9730ba33aaab0183f14668a4ca2f12907d60e5
624c1ae77bee9c5d5a35d250,ee5c3bf5f2f3d73c21a9e3194f90d85bb1b5deeffc1b77a20d16471588696799
6a1fedc491996e05c002ddf0,33fa895de90621a5f32a3e08de5bec915579dacd8c59211bc2f22442c587b94e
6a5f257a91996e05c0cf33d2,9f40de740fe284c33425641128cbec4072cb1f9b624b3d9c7c8c493b84437de8
6a5f348891996e05c0ff7711,4cd546a72ee413a53a206364edb36303c9253e4d20dc86bf44374b95064de361
64afe3a8cf21b2948d60b64d,4882be69cf3d27850e0114d8bc5fb530d0667e76a494fcecdd77f56832733da7
6a1ff05f91996e05c00f4fad,eef9bb672b2f88606be76fd60a8585e82be1f1eb7391933de22c7fcff2e78279
6a1fedf491996e05c003ccc6,dd926685b4cb88955995ae9903229e72eb0eb6deccd90ab7a919d21a15da4d77
6a1fecfe91996e05c0ff052e,606bfec6fa09623ca3e99c290be7f8f3e45d563423b536284431e334c72ec451
6298ecc653c65bae2e75b9f6,3002445c828f192d8f85651a5f23cd6e63d98d5ed01626fd6eac6eef9e5d12f4
6a5f2d9a91996e05c0e9eb6b,8f08d435ff1f52856975aec6fff63a9d00a10ec0f401160f21e5b333123a45f7
65dcabeccf21b2948dbc71cb,ed07fb1979ae253173750d4cb7c93be8d1c5809236c9e2981ef4284ad2bb22a9
6294e25c7bee9c5d5a67d123,18d941de1d72452edd49cc9af630dac580c3745d8745f9e63d27c74ec27ed265
64afe4a8cf21b2948d634d20,e2f89e808526c2bcdd3020d9fa92f37be532e12e23598d803b56953c581aa49a
6a1fecfb91996e05c0fef624,7f85dba45d29efd0b5296e6449da63dee3c06f62dddbe8b61195b720c58cbabb
6a1fec7a91996e05c0fc7eb2,9238183a7ac05888999f078ab1bddc034754024b5cfbcdf2ee8a41a04755b479
682d7dc2ab7e60756e7996b3,79abf6720cf9507583cf20b861af36ae158858c3ea371ef74a0b71707f5f0aaa
64afe6abcf21b2948d694cad,e119ef2dac50e8b29efb26e3c56c4c1b6c090bdbb01330e827e60a52bf7ad2eb
6a1fee3a91996e05c00528ba,ec87a78e8419e1e6a1ad04ddb3446d15b1d7c00701b53cdf779776090fa5ad88
65df5117cf21b2948d7dd591,c96cd4b9cf4c749abb864269c59eace2d162f19e28e87e3cdeb6a17c0b102ecd
624c03b17bee9c5d5a22a952,30fb14527c32be6f587ae6b319085ba097691959c55b14a405617b2eec6c17c1
67134f22ab7e60756eef1967,39e46c106771d8c2c1f67befdaeb20f251313178a3913f4f481d623a7a015d95
6a5f278a91996e05c0d5f61a,70932b90a566317b165e361adf64ed40937bb0854f561b976472c84a104789ce
65e03279cf21b2948df60ee4,0db7184f92b1e2e1138340a905546863fa62f40eae32704de5804ce2be140834
64afe557cf21b2948d662fab,cc4995ba2d95c0edd0cae24579d2d33a5bfde379f25dfe3e6f601d872f815bae
6a1feaa691996e05c0f33001,cbf8cdc23c1357b8ab9093b0473eb093e10624f3262e49e186e9aba4ae7e462e
65df3b29cf21b2948d46dda1,05172b947f888a0adcd69f7f644ed27baa767f1ba1621ca90de940ba517cd9a0
6a1fed8891996e05c001a33f,ff5eefb31438dab08dae39f1dd498ab89c9ce2e945602b7c8a75612b998a2698
65dc659acf21b2948d1b7575,c9a34371dfb4afba6647d18326db6edf4f8c2152ee92f0e5cd0463d487f152aa
6a5f325b91996e05c0f8877b,d9234845d4e42a87bfb6d9e46d965809853808480ab874ba865b28ac3a338d98
6a1febe791996e05c0f9b4af,9fa6fc4f7b55598f7d0d888bd418a0027cfab701bf9db25e44d0a0bf58b50465
69d018f291996e05c056d420,32deb528e3120b30124b48497f0667119e9ceb283df680f07a6737821d074ae0
6a1fefb791996e05c00c3856,9c350845c8a0ccd1d0edcc69917b72ebfc1626bd57f9cb465296ed3ddddcfa8d
6a1fedaa91996e05c0025a39,e84007dfffc4b19659218497c2c143ab47489af22ef1dfaadcf689345d603a24
6a1feee791996e05c0086456,d75defce528a824160b79a9374759920b8025b896344f64d3ad45b8aa50b7976
62516ef47bee9c5d5aa26e5c,a9222b82465ab8bf180c0a7c685d1f1f0723436302f186b4019b75d4cd46e957
68c90533e3ec279a55bbfe85,4540c2cfeed6c801678d5512ba13d23e6b5ced7358de69cf81028f0c1709648f
6a1feb0691996e05c0f51bf0,2f91502e48b128604688ed71fefa4928486d4260dad1824f657fd510708bd244
63cae0c57bee9c5d5a74ca74,52ee76ec6dce4ad910dfafdc0c3798daa5d228f6bb5aaff6624cb54c3b30e549
6a1fef6791996e05c00ac1b0,349f2b118668516409b7d71cd04d50d81540881b54f686086090334a7808b5aa
6294d9447bee9c5d5a5ef777,74a381805e704135605caeb6e484c200171adb84bbf3602c522b504ed500121a
6298fa1853c65bae2e7e3a6a,982ff69bb48b55f4ba9c866fb2d08c6e275985f6f1b692b05b173accb089e142
6a1fef0591996e05c008ffa0,8f781fea5a6b2575dfd979792c13c65c445e43654d3a60960841cbce3f4b8ed4
6a5f29b191996e05c0dd31ee,38cf2a1673780e38a2d2b343314fb5c33c7949d64a7e5e25d2954a1c3ea2f6e8
6298fd4253c65bae2e7fe9ca,ac4eea1bcca957c5f8d622609481e81523af8a0f0a4e98a41479521fa869ec73
6a1feec591996e05c007c01c,4be7b28b24f4dde801c89f638152723ab78b96da4b4a1032734b1e32bc62bc25
6a5f2eda91996e05c0ede6db,08c8688808c479ec72a6645511ce605d75525f489d4e1139cf79d26860b0fce4
67fcb69fab7e60756ed4ba89,f86310efd0abb598203c071f7f4f387391ee4f1d244a2643759f042931580e07
62e8ddc07bee9c5d5aae5b88,c65f1af8e697c3d427bd50230ca8e2eb336347159cf7f358ec8bfd8a3f0a21b5
6a5f306891996e05c0f268ab,7443bf7a5288ee960d7d58025efc5b67876a40caac46983f68ef7ad62d831dc4
6a1feed091996e05c007f5a4,16614b936a4d454ba7ee666e26d9d8173ba63908570963f07ae2d25b895b1741
6298e94253c65bae2e7335e9,829b20d6af625d247bcc5b9efd42c1ac8415007cf4b3caafcca5df26aa2bb983
6a1fea5891996e05c0f195e7,55a9f1c14ad7ad77b7b33bf90ec2800644eb0bde6064a52fdf855e109b703f77
6299151a53c65bae2e89bfa2,60d2637be917635e3f1c846f41bee58d936c5f1ed22bfddb5f43fd21188cf7a9
6a1fecf191996e05c0fec230,70bc51da3e17c65b05b833eaf228a5df5ed76159810dbf017259398619e22252
6a1feda391996e05c0023595,d8d65ec06cd6ba78c9a1ac1bf28ad01100cd71ed7455fbb18372f8e3f2127c99
65df41cccf21b2948d581134,1144e27026d3dfe2e17f1c0630961653ecd3d2cff36df80645e8d9edf0bb4d7c
64afe4a6cf21b2948d63457f,f146e19065e3286e04b9f72183d84886b9bdc7f0f7f8e6646c17cf45b3ad7a0a
67f61f84ab7e60756e6f1822,07ec21b98721b69f11bb9d1239749a21fd9b39b3e46c640c5c9f1cef31b6787d
6a1ff07891996e05c00fc456,f044d747da76edae0b56fc2840c6971113097902fef5e1f5a8210d5c92c2e271
6a1fee7291996e05c0062ef5,b1ba96c6943acc83bcc3c2eb63c03699b3835ab50087376be00254ca968d4675
624e6eb27bee9c5d5a2ffffe,41bbf1c04ed54146bb3988525c9202797902f18ed7153b511c60b2cdc8fbb5e1
67134f34ab7e60756eef5dda,20805c6a337986678205efb0ed188f4bcab2d58ae095f371003824e8035d0bf5
629903c853c65bae2e832d82,21d8d75d720dd8ed7280f510ac23e7c07e3ae017f7324e2ef07e5f94b6597131
6a1fee0291996e05c0041237,2d357a581f830d530965945ab7addcfd12b5e9cd824c2d038ecd8af6307d71e1
606204ffd5cc35459028e5a8,fe31d55d6955cf39214d888b22973302ecc4fd44e38b2d72bce1f15d3a3175d6
619cbb1d813bb28a904e7e81,4c937eb10bd5a437f4de17a08d904785b62af081ecd5c8d520f121147850569c
671357ceab7e60756efda363,d5a4bd21e530e98a1ab3c0f982660e6754b703256a83df1d5f6dcce3d9101a60
6a1febc891996e05c0f91431,7b1939b2f64753d443fcf12c8c33a6d20babdb208eb5a84dc41ea6230f1913ef
6a1fef3d91996e05c00a0014,dcf302b29b421d8e4ca6b0b2c295f499d8d04d23623e3309aacc5ad68ba9502c
600a7ad37e23857eea5e9e3b,bb3b0fad3a18d4770f31a01366502636735464a339031cff1b5d42d31d86bcf3
6a03217891996e05c00d125e,e6c0173aa41d6c23529eae2b9d919b7d3b7226ee4a632be3f1b2a507ce0cfa13
6a1fee1091996e05c0045c48,b1e99586c5eea36da35c9952252e9192b231fb3a286844ffad818dd83bc1623c
6a1fe96e91996e05c0ec858c,4380233882352e453eb6869ee231b60790636468a41f6e57608c309944b9f881
6298f84c53c65bae2e7d47ac,cbaaa4a3698e59bbcf82c57b6260cc19ef529138b8ea35ae1fa00cfcee692181
6a1fecc391996e05c0fdeb89,5c5d956c6747e7ee32aca7e8cb0492f824fd469ed0ff6f0c9b978c18b0869548
5f9f71ed7e23857eea42ad5e,9e63b154712fe8809ca56b006dd8807289fcb89e3199a1a9fe5580ee96a53447
65dc9be8cf21b2948d9567f2,433e3f8a3aba06c53ef0f5f25c048e90617c9c58c2c5d0829bb2278f3e3fd8c3
6298fa0553c65bae2e7e30a8,7112b84fadc3719dc557376180134620287ecd7e7cb693d37cbc68af2f60e5b1
6a1ff06491996e05c00f68c2,f2d50dc99bab485dbbd465feb8f070be4b5678314c67273ef9990d9a5321b6d3
6713580aab7e60756efe6ba5,a93c02ebd9b2e9a20d3d7214aec37a979aa31d6ead08cd4bd9e83c0ce111fbd3
6a1fee9591996e05c006d3ed,ed64272c77eae60da4cf19ead44caa14cdd3946943f89f0f83de720c4902609b
6a5f2ffe91996e05c0f13b34,5feeed00d1b9f0b0f1f7b521e4ce36f348ca2a55b8f5d1e872dbacbb013bb9ad
6294dba57bee9c5d5a614962,06dec3b8deba853f39c020086db2ee7e6780004d9fb8a1c664cc74d8eeeaec8c
6a1fefac91996e05c00c0003,018b677fc21ada1fdb06a77339eb05ae6b2b9c07665d4afc487bf740c6643276
66978911ab7e60756eef2903,988b52fb9193cd89561384ee08a0391f903ad91a18696beec254b3644ebed95e
62991c1853c65bae2e8bf945,8b6eda11cb9ddab8aeed7c6de0695d29e53157ea0e0c950ba109db7fefa8cddd
69bd501891996e05c0578bdb,39f2f10571bd18afb3739625499a2f6cbb140170362ebfc204cd3d5216f4403e
5fe974e67e23857eea4887b9,4d73946969ac2dec9aa911b7d4cff02065abbd19a11b782becb5cc63fec254d1
69bd88a791996e05c0f2f495,bc216b055aea93687403ad3a7be75051e5d747834ad1e34d66e7bee5aa81ac66
6294d43a7bee9c5d5a5921d4,b6883397dfdee8d2b8409e3da36ede75b61ee607064ac8674672f0cf67810655
67f10e86ab7e60756ecd338f,195daebacc40e6779c0767fe6d7f976e65bf503bcc6a46ee0acff32dbd5f936d
689afe9ce3ec279a554004eb,914ef5c516b95d75c3b77e26c0dc9cd70532674552ea8481863ea82f8b21ab67
6a1feee691996e05c00861be,ff6e651ba3e38978aff8edb968ebf4bfa3c4b9a7efbbe42927aa254192956dda
6a1fefc791996e05c00c88e6,ab9a8e2945e8441a9985d0fa5d8841a1fa456d02c653d64e0dd9bff73c5b9c86
6a1fec0f91996e05c0fa7f02,592565334cf6dd15a8e6240fb8ab9546100c115b60501ed977dba5cc396662c7
62271e5d7bee9c5d5a3543ce,64722c0544dc6d00ef0c71e0b813a04f38ee49405a2e600d6571ae5d22447606
6a1fefe491996e05c00d1443,a702c1407015d152e80bad6112e4f4e3cd72c556cb10a0d6044d05a3ea94f37a
6a5f32f391996e05c0fa6a33,ff794b1863b9762a0950688e16adb79cf7f4d49f316ef58e18cbb205f62c2a80
65df414fcf21b2948d56b5a3,3f1f5049f70015e4bca2145b23ad62699aa26194e8c4fac90c487dabf297fe05
68b5472ae3ec279a55b9df46,14674a41fc4360d43a55a0eae2d4dc0623acda9b281f5154b533178dc3bda668
67efd967ab7e60756ea7631c,cd7afa26bb3165c9d8930f64c978c3fb9720c39f4b73a936ce555cc2a4ff0d12
6a1fef5e91996e05c00a99c5,0de210730cb340c208eff065dbf89bf159f5568bdd502e4547d18548f3f544d4
65df16a7cf21b2948def51a4,689d5f7587394231a9e90cc70c4233f56768edf4e4de529167bb4426e99977f5
671350c5ab7e60756ef2b38d,ca9365ad62276d7b5e67285902ce710998c65c762e67840f03172be6648b7b41
65dc9118cf21b2948d7a1b0a,358ba55c6ee6889225013ce109af77a6d45fa38421e4b3e0015ea9f04e877220
6294dc1c7bee9c5d5a61c6a6,12e309c7103ba6beaca54dca076b15a4be6317afab3cb32ec422bd6c03d462b6
6713580eab7e60756efe7d41,e56a7fb3909588068c01300e8623371c4fa18d7f75eb480b5b0c048b0c2c6c71
6a1fef4691996e05c00a2962,bc113c12c8a39383bda2a1a52ba614ef5554537c5ca79c542823869b0915e5a0
69d016d091996e05c0545f28,eaa1ea0a74a4c37efddc4e2dd7f705f528f6388626e0709a66bdb9e9d2f4e22b
6a1fecea91996e05c0fea18d,f4ac0a52d8123f903d91bab2cf26fe4cc6811d5ccef696d3d737943f7d74f9df
64afe68fcf21b2948d68be33,d71fd727dd054fd9f309e9a54263607ec9781706c7f9b5ce890d61540d35e56d
67f61f20ab7e60756e6e20ab,893af21d57d39ac21c20d2cde83fa440bd2f1c655614f5ea5cae00fdaeb30988
6294d4607bee9c5d5a595d43,cf3abc553aee7dd6cbde40ba997618628c12cc3f69fbe0f742b8e5093ba87446
6a1feedd91996e05c00832d8,5d818b882581bce107abd3944dcb153da286a42827ebc304a7c2cfa7908d6d70
6a1feaf491996e05c0f4c413,0a6e671db49193ab41eae953e7b8013af8e7ba768f68c5ee6c681adac42e6b8f
6a1feb0d91996e05c0f542f5,1675bb4d7b02dcf1a822f5548aa89604ad5bcd7f1561263104cc72b330d25e08
6181e802813bb28a90ccba75,ec3233fae32373dc65d6835c72b3097d4536118722ee64fc1421deb7095e59b9
67135beaab7e60756e05d213,b37450f9637a31db2f0f890d04d89309e9459a1c9679d6c6d539f39536736acd
67ee8205ab7e60756ed0cad2,4592ea61ed822d55291048651730026098f5a70b2aba24e6893e2d7828bbce4d
6299018453c65bae2e82262d,d43471d04fffc2742e2ecb32833f593d0f78fb79136a12a52a726b87d8d3e318
6a1febc191996e05c0f8f2a3,5842d61439ea2af39a5326c8d7c818408d0893681e923483239014d328e0babf
67135854ab7e60756eff673c,f3adbed3784e7aa7ef6dd1175f036f38e6369f00b1ac63318753e566003586f3
628f43a77bee9c5d5a86bc57,53e1a0a24a760472003c93ddd8ff99439b30b60bbb3fa7afed45e0826ffb9c3f
6a5f343991996e05c0fe8bf0,3ef99a5dd4437f0642f3db7874780f7367153ca755ecd6ce4d1fe0c18f0f204f
6a1fef4a91996e05c00a3819,e80b017944a8c70c6cf470ae0bae8bca4a522cea80bd58d1bb881b4c12a86f98
6a1df2fa91996e05c010b28d,4e172cc06e84e5d5a887f30301f42b034974c41708ec83a7dcef043ae6616356
67f11708ab7e60756eda3c09,97965f0b10f6fcf1b41f35d135ca17147f59f17a2475c842d158d27aff81945c
6298f5f453c65bae2e7bef0a,aeba149e8d75b3b00a28c24b4cb2d82d6769ae59ab7ad4da9e3ceeebbbc8d226
6859490be3ec279a551e200b,2f44a7830eabf8dc891672fa29bfa7cf5e22a80a945a4aa73c8895069e0dc52e
6298f59853c65bae2e7bbf72,0cad1bf13e1191643e5ec696bd0aaf887eb4ed4c992314fe0e65e9e907ad5f4b
6a1fedd591996e05c00334ae,a87afa746e6d111aa760c12767422c0e96948ea0ddb4bc2345c6f452a12a71d6
6a1d730d91996e05c0cc43a6,72f030005c92da5e88b6101c8b473fff973ace2d3d89e23e3666200b09d78fd1
65dcb07ccf21b2948dc6bab8,0adbf74ba32e9797ef66c072d80c5cdac80afd02549f3005dac500230364eb13
65df42f1cf21b2948d5b0167,b4749608bfa8c0224f2cc9b3001dcac009628796e280b9c704e45d9107815ddf
6a1fefcf91996e05c00caf3f,eba162117c2193559e90d1c088b7b64b6283c4f5df7424399d78de7feb1007af
69e1429191996e05c090e26d,23ba321e5bf54784e512afca015ed55cd51916600d398c386a289bfa2361c783
6a1feda091996e05c0022558,770276ddaa1096e0e6823d980354df0a72dab1ba882943a1632fb68c72cbeb7f
69bdf00591996e05c04290d6,afdf2d990b0c95999409e8be3caf00f326aa346d5fd2dc7d052df7fa616bcd18
6298fd0553c65bae2e7fc926,17787e840ab05cb64b73846098280404a8f2dbc9925d929bf7a7405b4ab7e290
65df5348cf21b2948d83391e,3bbab784989857e06e9925390eeb128200b106d71d29ba3f398185d671d18a63
6a1ff01191996e05c00dee2b,6c61038f1220a136e32cc418dda747c5f5720d664be96bcd51a4b6e1d166f77b
67ea375cab7e60756e9556b6,3664a2a2aedc9de44587d409e869317d8793f26d979b9900a282f9c767e7fa89
6a1fefdb91996e05c00cebf3,953984175fb17f8775c9f9d6a682050ccf67a890be333d00ad2f4360bc270982
64be4604cf21b2948d104a98,719c615532f63dc6e9dee393394cf3e27a89c257931df880a6c117d60a5d2ccb
628f3f327bee9c5d5a82fbc5,519f9423a4a4f76b30b9de65ca994fcc456f92fdd553376e79f7e0b84eaf5e2e
6a1fe95091996e05c0ebdfac,9431dc81a5ad36391a9e594a1c3f9d1dd694bbab0832f167a45f3942ba0a3786
6294decf7bee9c5d5a644e0e,dbece36c47a07d21bab4e4cb156c81bb04b89f7f991d21fddca89ffb1506bbca
680f3eadab7e60756e8c8475,c14adfbfd7a8842f20720d9ccd308f888bf6db3f2742d78dac0d7b86259079db
6a5f2add91996e05c0e138b3,7799bb258fc0c16964bda76be00e67a62290e249a5f1e4d005acd1584a6f2752
66965af4ab7e60756e14bca8,424f2ffe8374468fe8bb350963c42b1e98cc471b5704727f802896fb68436f59
69d012bf91996e05c05032a1,bcf125a9c4129a9fa74e61f0336c9fc7b93b30246d035380f4dd2e075fad2a09
6294d5dd7bee9c5d5a5b4547,a03e0e1750a0dc44ff01254ed17f4c117a1a5e41f73771536b0adc9b4f542455
628f41597bee9c5d5a84b421,148249dce1f4e97631054254c62a45e7864c93a5ea6a1809a9e012e85e051af2
6a1fec9b91996e05c0fd2952,38e838b1095e8bfc202da650d208e1f29bd6d868bb10d3a7f3d1c6fb2c30202e
6a1fedc491996e05c002dc83,6c1abe2e9c7e8c56e4e8183b50e02d0008ef6f239e6b4afbd63b48db823297ab
611267c5ee3b0993eacb541f,7baf94ef3656b9a40de294b461d36451810df4d22684c3cf98557525bf63450e
69cfb73b91996e05c0468efd,6821bbda673f3eae58f0b8d3e879db257840ba3b82c881f4b7d52f10211f7b5d
629605d853c65bae2ecd5e69,1202914f6d02bf7d732491ec61011e51a85390fb637a15477d659a30c9eb464a
6a1fefbe91996e05c00c5a4d,1da11656c9db64f2236c1337da0ca4e55a497cf261172a459bf6271156d9f59e
628f3ec57bee9c5d5a82a647,7d789611d9066e131bf7d03e1e3707981ba44591a1fc8cb69b9267312e0d5ff7
67ea36fbab7e60756e9498f0,df0f01e83a4328c1a59c5b19520f59a3bf35582f3a92ddb38fbe5ae54f7e853e
69d0b73691996e05c0862b26,4d330e7c8a4b856480136e706bf4fe82de03a7454de4f59f7aa7cabc94e21689
6a1dd32791996e05c0eb2643,1a410a45835b280951b3666d21c4a4dee04127d4b2fcd904aca6598646cd60c9
62198012ee3b0993eac4655c,f172dec26fcaaced963a572d77f91c42007e07f7bf47275a7db07a8712c32c24
641aede97bee9c5d5a4057f0,c4da84f9b6da85446b338797dcc4f01246fc486bdc72c1795aeacd9d29cacc77
6a5f25fd91996e05c0d0d4a9,eda608363a3c1b633fd6bc3b7d140f3cfac0628a0fd8da13d4f7e61d4bfbd8b4
6a1fefcf91996e05c00cadf2,5881638504edc58aaa847aff5b1f850f2ce4a5a0c4ac7186fa478b7e60f45fcc
6a1fedfc91996e05c003f367,128b62e45205edf6751452c96d1f309f961931649d306313cf9a6995af33a942
6298e32a53c65bae2e6e8cf0,d30cd409102a582332fb6128a0a2c0824ad5e11ad33e345ff625f95b180cba37
6a1fec3891996e05c0fb42a3,69b423282eec2ddd2c3c274f05597d5d7e408e3a8e45aaae322a9e660034f01d
6a1feaf991996e05c0f4da04,b4842c14c52f9b6925fcd105e945344b1581a941a0884a67dbccd046fbbf9122
624c04ba7bee9c5d5a23ba82,8b397b8d78481d453712c64265d35657c36f12ec2b1ab91bf42487ae9769db44
6298d8ed53c65bae2e649047,da0cca0d8a042e201c9bff4142f828938b7036ac525349a3abbd8d408156f416
63cad5737bee9c5d5a6d5fc5,0ba020d758b2fa87d276755f7de577df55d95d66562cdcc6ed7bcfcde1bd9782
6a5f2b8791996e05c0e37df7,c159afee0c6825d0a4b15340dce9f50ba7e9469546bb3e25453dc5ca77c3ac42
6a1fefc591996e05c00c81f3,0505642a634c78d4b807d5de96825ab81e081524407a3743ad000885f2c981ca
641ae82c7bee9c5d5a366ac2,7085242c4950a7a37f90b6e929084639728eb730bbdf6ced37059a07e52991c7
6298e63553c65bae2e70f313,91d14af92c6080dd9f37e4a70463f7ff4646298d3528193db742282188825062
622713387bee9c5d5a305718,aaf537ad5d92d724108c54041bac249f996633afffaebc0f6a853990bbc49ecd
6a1ff10091996e05c0123b52,4aa197f7aed106ff9a31a989cc003110193128b089b3ddae8a3cb7abe4475860
69d0189491996e05c0568142,eade828e0754f05ab0e4e16f33e96479c6a3a8c94bb57ea50d003349833e7730
6298e02953c65bae2e6bad7b,a9072ca72aa389fb3730beb48ae6b594fa1d5fadc93c2565290add41af06405a
6a1fee1a91996e05c0048bbb,dc4c065a8d09754d66f2c452ab2d408614eb6c87d1b989ca72d50d20edb0456a
6a1feb1d91996e05c0f59233,4a132fdc2443721602e7ea4210d5f1db91c4ed46aff3ed3321bb769fdb2fbf8c
67f117c7ab7e60756edb7743,c05e4cc3794cb5e8cc8051f59958ae0ba67896835b78e56f3b97ec79298f11a4
6a1fec8a91996e05c0fcd959,c629e558d071a862e40fb3cbc910832f386fe96a4931a6569dbb0b34be1c4d7c
6a1fed6491996e05c000e9af,c1918faabf640b951b02e3dda57973267c7ea9c96078d7467a8fdb85ba502310
65df1dddcf21b2948dfffc85,80c20499413560c036c0353cb9e325c39fe8a13e86c0af85814efd412ecb64c3
6a1fedd991996e05c00348e9,a47b16d49088f2d610b82518ead86f4790acb645d907b2c11ab725cc2d3c8837
67f11704ab7e60756eda3426,e1ff410ef8ccf18525b866e75d54be02e75871b72bda9c55769c5df52ad030ec
69bdbb0691996e05c026078a,e6883f389d9c03df026c94e05a975ac87f2ccba69aff222c2d5951cb79f50b2b
65dca9bccf21b2948db77de4,01bf3d856b45ca7681c43fa6b15ed33fb7c15f0da4dce89c71f9390097308cf5
6a1fee4c91996e05c005816c,0cda1d2407b2dababeabe5241288e1e175d62cdde87a8492cf659076baa7029a
6a1ff0fd91996e05c0122fb1,e0f679854a77ed4ba0190a9e956f6244dfe3d77f36de856d2e39b184bf2ed32d
67220e8bab7e60756e6d255c,5a624118dd42c0a2a47ef70da13e04995088fbe7e48aec689153af64be918ae2
63ba4f7e7bee9c5d5a0ffa20,bad5e170a75403d649602c4b4a642ca3692186998a7b5dbc503448c76514db48
6a1ff07b91996e05c00fd24e,9372aafaa47ed46ee0a865a31e407f600205943e316c4ee312183ea946440d1e
641ae7d27bee9c5d5a35d086,12122132c400c19fc3cbea8c6066b74b1631fb5b338491d55590dc21af152a89
6a1dea4f91996e05c009012c,b3f7b9cf38a11c2870004804b54d852b70cab968eb3f0592abf92d9403b13634
63cadb807bee9c5d5a718a98,b62bea5e613022de81f574b7837e445c13e2be002c8c7f9566022bb6e4571902
687e2618e3ec279a55676052,a093be35076fad4b10df52bd9d97431e00c04e0c5a5b15fd1bbbeee18de8fa30
6a5f347e91996e05c0ff57dd,4aca4b752e8ba00815865b70ea71bfe97799250565c2adb247e41fe4d6e6ee2a
6298be5353c65bae2e49cb76,a630aeb3329e96f671b471bd80013dd4e1e1ecb6dac80295c3969473c8a29209
6a1fed0991996e05c0ff37b6,330cf96a58e168f3f777527a713f5b25b2695fef5860974bf6d23574e2502ef3
6a1feeb591996e05c00772bd,70768d61d2c98e83a72eb573d67be8be268c21303749ccfbbec1ff3068fa4378
65dcacc9cf21b2948dbea04c,12685144db713d25afc5993a80cb6c6ade14ed9995bf8ca45d624703648b0fcf
6a1febc391996e05c0f8fd4c,f491e4d57ed3a14762fec214d90e124a0e1e8392b4d6f3853ad5b299ad9b1d96
6874e9fae3ec279a55e57165,91fd1f38ab08ac1602a986554789fe166d4851ebd1e1a29b17e31491de28b4b9
66978670ab7e60756eeb9e2f,7cb0ac63fbcbcab910c7dde1d483e2a45f05e4b2f3bc9df0606bdee370e8dae8
6a1febf291996e05c0f9f1fc,965f0a1674964e18ed211a214aaede359485ce591c3fc633457409f5a9d3d830
6294d6c47bee9c5d5a5c41f7,d22445d169aa5288061f3d56c90760f84c4632df009550c0708f415ca6558f72
67ea265cab7e60756e77e181,a822986e93f1d7054ff3fb20091cc429855bdb8c0f1a240c6d563aa3b1ae0580
6294d5d27bee9c5d5a5b3926,e9b5577c6c9ebf166d921c0c7b32df0b7134b621905c5447fc1a5af3dd57ca0e
6874ea13e3ec279a55e59d85,8ce9e5e6510954a46ecd380a0a65d89ebe66d9ee4905bb4677fb8794ad69f64b
6a1fedb191996e05c00279dc,465761b4d23f86ac6733e859f436767f1665f9f4a28a687804aa9673d237a467
69d1f5c491996e05c00a2189,ecf4c6200ed31c3fb8dd067ceccf4f4a47f64570d6c9416f88ffec62f5f5b5e8
6a1fec7091996e05c0fc4f8e,eb7250775c7d5d9e9f1284ed04b4e25e3eb6b069e731a6f797d1c3132bd32ee2
66e139c2ab7e60756ed979e5,decc960cf37e2e504a7dee0bac4768640f46ff669a3b829d98ca2b2643c148fc
6a1d6e2591996e05c0b9d0e0,e5e179d1410454288772d8732d7a87cb79a9b9c724325b1f2ccd33a36d4e9d45
6a1fee9391996e05c006cbfa,c7f3931c69ca193dbff9fd9ee839cdf76cef277194fbfd8a2cae25a8c106bd65
698478d891996e05c0347bf8,2f3975f165b5302d6c0a87e69579ffd1650215d24d8ddf8301851b600f5f7d43
65df2e33cf21b2948d25d54e,17653b590b7d46239199e8ef21ad037ee4a093dd700c16bf5b81ce099bf894ce
6a1fef7491996e05c00b0260,a50c5b485460a41379a49a8091d1fc67a51224cd52c5adb9c31731506677f96e
64afe556cf21b2948d662712,674c717b27b52b2d5b18ebcfbc8e921e703827fcaeed77fc21202bb48d37ae98
62990f7053c65bae2e87d005,7d8dbd68b70e1ebd9194c0f739720ebaad6dbe790a992832d537975c85d7999c
6a1feb2c91996e05c0f5dae8,ecf7bbd58244f93411b3f8b13365f813b0948ad1e084d35558de948015be980a
6735a47eab7e60756e606770,8cc1d9618cd1d0a5d4cbf65a4c2230c53078d6507fa8b79bf730ff042720bace
65df2796cf21b2948d16985f,62619d00e02821bd3f29061e8901bce6b95be4c72681dc6fc8da33c793186ebb
65dca644cf21b2948daf9c72,ff0a11c425b7b5c135526889131950d727164d38edba0a8f183016eb3548586c
67efda4aab7e60756ea9593b,d7eaa0e70f9b61aaff368f911a415a1de28f4bb44f9170c534d1409f1093664f
67ea2976ab7e60756e7cc6ac,790583b47c1ca9df74a5176ea0031e980a2303565a48cca60158c18137c186f0
628f36e17bee9c5d5a7ca575,84a9b2be194d6216e74071098b80beaed295fecd6bfb05bfd8f4f2e1224c5a60
6a5f2ea991996e05c0ed4727,fefbc91a5520ad80c0636b12d6845a16beb80128fbe1f686486af372140f0976
62991b3c53c65bae2e8bb759,7850702fb938500d7afd41c5b01d0da209d89e4105dd208a97833e3997ebd3be
6a5f2a5891996e05c0df678e,62cbb2fa41641ce8794f50263288939f9f8a8d7f5cf6b2196da1ad790864aa09
67135be1ab7e60756e05b158,5b010a3b0ed85c5dbf9e340a71396bb303cfa1ab57342baf1be6a0e674eca4d0
64a1cc55cf21b2948d56aff6,9a0d197ded1e5bf8be640904b99d0ce6b369e444e5363a7982a59f62c2b7c069
67135c0eab7e60756e065453,7770729fa205946e7ee7b760da2975c3e3dc91a552f599cc69f24af4df7d6e88
6a5f284c91996e05c0d87be3,baad26069bf7dddc6fa6d65623a81f05024aae93450b3187fdda9b6c5b27a650
6294d4927bee9c5d5a59ac1a,9af356ff495095e32013acfefb30ccd1447f02b6ed2c0828196b58c6bd3378a6
6a1fee8791996e05c0068f5d,22b6affac28b711fa8f7c37df7ebe8b0636fff04b3c1c6f5a9d3183404874034
623b0b727bee9c5d5aca8c38,d9e9bfbb50020bd8edc5f7bbff53468f06fd1b315f8237af5f5fe16e09f5aa99
64be45d7cf21b2948d0f6405,fd5580fd4c4c5170e231c66f935a7b111ca2cd8980c36aa0b41b1252f3073019
6a1ff02c91996e05c00e6622,531023604e97bac88a9660241ac815d5cdc98791556ab5ecca29a94e6ee10701
6298f7b653c65bae2e7cf79b,6474b6f6a54ec950a43720d32dfd8454d753ec27ffecbb421c3fb9252d76da44
65dc89e4cf21b2948d69a81c,4eaec854e54b3b9fe89cdb17442bf47bd6045a3e3a0597970a17c0c9fb934489
687e262be3ec279a55678cab,a891937be99c90ec2c2bd8dc940cb9ae210cc24a5227c7aba04feca042e9e2e2
6a1fef2191996e05c00983cd,02d01e96cfe193e937a94b02fd6f5a30b89ed440b7c6584221bbb5226cd7dea0
6298e6c153c65bae2e715439,33a95d4cb52bf450aed305b8dc3965b3bc64899dfa8f14dc2cbbfb29095adc53
62510e3b7bee9c5d5a6661c3,d4b0eb80a67331823f4d305a08d01ca32780008c41713b30133fa1987f68383f
66a8d066ab7e60756e36159f,095c2d59da9b4f8f1a70daa6f45580e56e70a53ccca372399a396acc4d123eec
6a1fef8b91996e05c00b654f,fd6de9628a5683a87b3d16d71b4bfa68b922e4bf0a31f70a8926865f8f2d0b81
608ce493d5cc3545907792bc,0d48db2b3313a4734423cf352e853285399b5bb2568c9f1bbd2e48715a47cb5a
628f3f827bee9c5d5a833e95,7ad68e898903f8062533f7c09f3aa5a527705a1076839aca7dde8ebd8208eae8
6a1fef5791996e05c00a772f,202d2b16c8996567fea71a731b551d8d20b29f01cc9dde9539d2bc568dd3f4d1
67220e92ab7e60756e6d3e87,7e43db2e161cf9686a770290190121eef42cfdba8db3c227a9419aa29ee05c46
62990edb53c65bae2e879d71,4772ce65e801810d988edeb5ad8f66821872912cefa3fd145ba90e0023ad8c60
6720d971ab7e60756e79fd13,19cfcf7c5bc1b2ab521bc74d24adbd90354605bdbcd0fb75d316ce26077cb2f2
6a1ff05e91996e05c00f4ce0,f67f8b2323bd5de08068798e5636cc367373848c7f0e436a9f8bf58134995f8b
6a1feb6891996e05c0f7259f,6ac9d38a9156b39185a07ff0cb341915eda1925c649802fd8b4bd95b1a650726
62429f6f7bee9c5d5a4edd9c,ffaa7bb34ff214b15fd74ce4813a083ff3b19a17467b80ffb5e5d8165e981c3e
628f3c947bee9c5d5a8116aa,46b691efbd959199142811aa469d1cd7a89cd22888dc29b37c4da683de794cf8
67ea3a2dab7e60756e9b07cf,0f8205bce3a5dd043edd45ac9ac32d8f52e7f8cfe96b6723937ea5968e457798
682f1c84ab7e60756e31aa76,5f0182f6330800599b426befe46038540581c23f9e2ff36b96dc6fc81cf6bb35
6a1ff08a91996e05c0101a4b,8df35d85cc097969faba3f3e6724c8cf96071d376024eb8566231afc6f830688
6298c9b153c65bae2e566a20,21731c4dc4772ceeabbf4564a8b811858f45e845acf6cd9bdc63e89621e27a43
65dcaba4cf21b2948dbbcf80,a3f20f28c2fd59980db11cf079b046b1a7969b658e2df20c332d6ab90415086c
65df5043cf21b2948d7bda86,98af34183471df5a0c8592744c2f393d636c8b4aa4cd80149d9806db3d808a4e
6720d7faab7e60756e77971e,1d4f1a8ae0fa7eab0ab6b2716c72d7eeb44ed3d526e9b94186101b66c61685fd
6a5f2b8c91996e05c0e390eb,c31711519410f87e1cde0ed35f1937df7269bbae96880379867c8a7765934a22
6298fb8053c65bae2e7ef723,2d70c7b6f3f239ceb620062f510ef0b9e4fec94f64ba3b03f04f73dde4485ddd
69d0bd9591996e05c09e4917,1f46eba926c47fdac9e1a10b9daf1fb9d1012a87646715a306d5901f2e32bd60
6a1feb9591996e05c0f81107,665a799c5b1fc9104532d2fd5fbc003e27d34c602c0d2cb55800b61a59dbb35b
6a1fef5991996e05c00a8228,d8a197d036b3d578a8ead871db6f604c9bc14be58840c5e9982e70676b2fef37
68527a89ab7e60756ef76c2c,ab1409d6a1094f64a3c606e39450da1bbc11940191203fd11072dfd9747c9a38
6a1ff09391996e05c0104682,e069cec8156dd813389379e23504bff6d198bc64bebfa2090cf8ff3f4cb79180
6a1fedd891996e05c0034475,30edcdf54a2f1399a6bc5a60e591a541c6ea6110fe316bf6c056bcc980e23cdf
69bd552b91996e05c06e49d2,2261ca7bb6beb729cc40527f4ef7f895c6a0edd9c76f859ca00c81e71b82a077
6a1feb7f91996e05c0f7995c,32910594f836c1095ba71147ef1413b948ebb7e88f5e040f8ad80cabf0d784da
65df2926cf21b2948d1a0ea2,b62d573a5ecd815ece4b4dcbae7e61281cf0da4eda3b824a1290c2c468750bca
6a1fedf291996e05c003be4b,5a6ae1f5fef4d638f3f75b3ab6fee095073109df767dcbb724db5ad1ea58da29
65dcad4acf21b2948dbfe1d2,7dd6e70d385660e6d60bd020cf56581ea4b62e32039fd3b26e2bc0a6a334a11b
6a1feb9e91996e05c0f84288,d64f5b61ab0bdd8cb7fd2e5bccbee71ef66f2252017daf7bb544abfe23955ee9
66978677ab7e60756eeba994,1c7547525dcf6372d08417aae169a0a02106958ddd22175cc582d490d02abc4e
6298e97353c65bae2e735bcc,d1d136fd5ff1edd7c652d36f99cc2202413f8389a2e4b91bbac4d02d8ec99961
6a1fedcc91996e05c00307e1,1f410672130be984776a2af4843640717ff03c21af5815b4697c15c1f6d8e092
6a1fee2991996e05c004d49e,4b4abc2b4b66da660b873fd9e7e36322cd67fc41540841d234d740268c403f01
69bdcab791996e05c02de4bb,4700bb77bf67cd92758e95759a2c1c11c2c338948c57dbc6d93463c51d07d434
63cadc037bee9c5d5a71d59e,79d0927d7650af55fb59ac8c4a3aa0aa14862b599bf306f6920d154c5098fa4b
65df2628cf21b2948d136791,1769d76a5def7d805431cfb7160ef57c3b99e47ac4c76d75566f0e01deb9b181
65df20f3cf21b2948d072246,33525f7188f8b197cf83b5ea03a8ccbe3667c6964042dce52fc61b3b6e93f0f6
69a538e291996e05c028a122,59475661967209b3423be3f70b4055d4dccd20fee2e232de64cd796b5fd48cb7
67ea38deab7e60756e984f9a,9c67ff5dd9303232aba13937346183caa113895195e5eb71de5ebf4da7529725
67f10cbeab7e60756eca8af8,e3530c1fc28e0613f3a7b3fbdd44daca30c76c74536118335e766fc63f8af509
69bd550491996e05c06da61d,3b06d2fd60f39c9fb30cb4c9b244144dffd9ad8dacde5a67adb9e20754054bd6
6294e1307bee9c5d5a66a9d7,2c98ebf0cd3cdad690ee90493767590f0a99fcb2c4d6822df986c791959148df
6294de437bee9c5d5a63c06e,31ffbc64a5f1c45ce125bcef2ddaddc62253199af84a9d16d4039fcaa3af5d66
6a1fed3c91996e05c0002794,95537e58198ec6252f0c2ab04cd69b65ffd3c0860377b863ee71b95eff7a6e57
65dcaae6cf21b2948dba1f46,0b74c1a05426af4237b66a883ee52fdf6f78f4a6696a054f408308db5709fe87
64afe54ccf21b2948d65f6cd,667dd1a716a1c1083a6e76f9fdfcc7c7630d3aac540d086207325faf1e6424f2
6a1fefca91996e05c00c98d8,ff5a54c47e1478c576b7138c00ae01aaaf58be6108419d3df814f4a1e9112a28
6a1fefd691996e05c00cd3e4,0b6db68d636eaa5f9df22360d37f545f9257f04ebf125a7cf84476f25516eefa
6a1fed5f91996e05c000d1c2,8a637c47879fd6f43ffeae21382b1d924e54368b2918c2cf75659b6bafc1158b
65dc98abcf21b2948d8c175a,d218dea47eee229eb023c58cc5d5a0b1ec2930d19c854f5275bf4efb97792111
6298e87953c65bae2e72a4b3,6aee0461a14f37c3d8d6a153f955d94c3ca94df8aff4bbc58b9175b7046a8cca
6a5f289891996e05c0d96e54,e040bd0b3c4a7490fecd0dc1c5de7ef49bcb58562b74abfafdf31bc3e6de65ad
6a1feb9391996e05c0f80734,f4134cbcc5e555840b05a6ba27cd039f30cb3159525c398b192bb1654d99d0e6
6a1feb5d91996e05c0f6e533,e4760b5204d1232a83aaa7593633e1879560f2bdd406c97c59d857f2416b1b98
6a5f295291996e05c0dbe9ff,0d47ba61a8abdf7c92f2aa59dec27d7f2d5348d29a3af9d7fe2378a1f2be0e98
6a5f26b991996e05c0d33833,322302028c0bdf1a5bf990a927aed7a68b1815d02fae66293a97bd11eb8cd57e
6a1fee8791996e05c0069005,2af4ff93bfe2a07b6e9c3a836bac37ed988e461b67b8e03d7de84e4e44f5e8d3
628f41957bee9c5d5a84f196,34b0595ff37cd5e84159278336c45dcf97fc8ad8c19b9e79871007ca85258b66
69f8cba291996e05c05d3cb0,5fe72d74a79f6f7f6f0dd45a6571e7ecec1fc396d4ece3af25ab331a90f14fb7
6a5f27fa91996e05c0d763e8,9c29e52960f879bf4d1251494167a3474fcc6980b44405db570a28145d471f76
5f4f0400146a9f17ff617366,90ecfcc4cacce3bce5b3690b78ec584018974993aca15f855aaae5cdcc8c2b06
6a1fef6691996e05c00abf1f,1805ba484a5cadc55784bf624660e082f00f30baaf30b3b8f38bf5946d3a5d9b
6a1fef9a91996e05c00ba8b1,b3bd37ab424d5a9deb1a2818f4be87474bd6b3f7e9b820c5b52ba1ae87139a5f
65df39c1cf21b2948d43430f,a82df36a336c41474ccd4020230dd0ba13865a088708a9418559d06c2b00dd4a
6246bb717bee9c5d5a129e8a,c9be7cd618683a5765798ed080376b1c064bcf66237bfca8acc456f73f4ad8a6
6a1febcb91996e05c0f926b8,223fe568ad07924f02ac35fa7d5a797aa45860c1644ec05952ab25d1863fe1a8
6a5f2d4491996e05c0e8e9a0,6ea2d2a11025d045fe2105fcf544c3d4c92b4608045188c599e1b0e1edd07a55
6298faad53c65bae2e7e804b,14db7e4c214bcf8627e04b385811a0d33d21dce32c0d59ab5973a7d26d6f3062
67ee7dffab7e60756ec3e8e1,3bb36550fb72a849fb0151786b6c537af045f568a99446314ff4a6d9b620323b
63caddc57bee9c5d5a72f77a,f9322277336a9308d5804f75b09e4afb08f70e28f5881035f0d36b31589fb640
68527b5fab7e60756ef942ee,ef6f6b67df063557d02e315541a2169669cf4ccbc51908b0b1831a076fb2ced4
65dc6528cf21b2948d1a5bcb,a807e5683ad3be23df40bf09b2571b779a1c4012cd2731bf5834278dee58c0fb
66ec0e1dab7e60756ea375d4,c148cf778646f5a3fbb37fc65771707a7459a871e12f39cd8f077986b6ff0c32
65df2c8dcf21b2948d21ea5f,bfbd0cb2dddbf42296fe82a5fc84f44f7a08b9f15929066325f310f62c4df2eb
67ee86abab7e60756edee274,2cb03644dfb37853ee25181055fc00d879db4689b3d65a7b340e8130774daa94
6294dc967bee9c5d5a623d00,348f1a6b7346804c41f211b38d6d5f9c2c124f6941af92c1c26c55def3f658eb
6a1fed6691996e05c000f534,3d87c5da776023dce9b20729707b4fa6ab17b0b51d9a692a21095b18050c344f
6298df1a53c65bae2e6a70ba,dafe8c49e737593afd570d9415e405e7c68bf7eae8ae002cf997663bcbef54dd
63caf4ee7bee9c5d5a81bcbf,4573091b896a7d9793b259cfb705e281d910f2ef6a6428cf96dcf4d9bc5052d8
6a1fecf691996e05c0fed7e7,02505768945f00f5303983c81ba7bd3ab4148d7c09f223dba5138de39b80ed2f
6253f9e77bee9c5d5aa9d3a1,62f352117baa2c4e5f1fe4aae1e507eb0b2cc1c210ac1f3700b6cf51c289ac9a
6a1fee3291996e05c00501e5,13eddce692a4118c4b270cf37d3f32ee1d3f84f360fa6f2c39d1e54d02608405
6a5f25cb91996e05c0d0346a,c52a7ff750dd10d35ff23cd207c958ab168d0e81a9916525c2180f23cf84d0b4
6852f3cbab7e60756ec4e13c,68043a9ca44c4c66fcb20c27a9da010a890f79ae9c9973befe94ae598d1552af
6a1fef0191996e05c008ede3,b052581b914e787c972871ec1fcb775e75dbb0094dd495a866286e176527e68b
669788acab7e60756eeeabfe,ad872513a6e34201210c580f2eff4b705d28b46c8d25dc398da128d030badca9
6a1fee1f91996e05c004a74e,9757d915e1ef1525e12296bd58d4a4679f82dcf4b1302a8e970cd99523450de7
62cff1817bee9c5d5a4e06bf,03071411de386fafda61016ff3cfc7e531fc246f3473e2e7cce8b3804e286b87
6298c0d553c65bae2e4c9e32,f7a3720b0416613b1fdbcac26d3ab6151983fe3d11f9d7de09bfe5bb2182bbca
6298fb9e53c65bae2e7f0546,1b01c4f38791f8015a092540fc9b1049132faef26a6944b5c0a96f07458bfef6
628f3d7a7bee9c5d5a81b471,fbcf9880f3285578962998a96bf87efa705bd6a83eef89e2060f423e0f2b3f9d
66978887ab7e60756eee80b6,30e4c2c1d2470c68efcb7e1ec95e046eda16faf006ce224ebada7c90cce14952
6294de087bee9c5d5a638bbe,f17a3d77019036d0db0013c201355bea3c50e9bd026987fe2ba3158ef8ce280e
6a5f2e4d91996e05c0ec2262,cc012b003f53c56bbe2ec12950d109b1057a295f799939e5b8dba42378aa47a0
676e366ae3ec279a55a829da,77ba1b5a52e0938b1bee5405e3dfebfa537e17b2a43232b1ee287c3073ca196c
6245b8027bee9c5d5ab103ef,dca8528ad5de626da891b95cfe3aa8fd88dcb1d6c28198ac57c304090c7c5668
67fdf64fab7e60756ebc3ce9,1118c19947cd045220834f98c627717b9062a1cf49b2207b9afd08256ecb7151
6294dd0e7bee9c5d5a62a91e,75258310c6fbd5ff4b8c3e56251f315434c41840a2c9b65b7f2c3f5f5166a117
6a1fefe291996e05c00d0a2c,02fb6a91571f3b273de23a674d5459fb60f13cfc92ceee80c7b3387394165483
69bd58a391996e05c07bffbf,942e0806c3556de18b8e47b9987803c33c90ec49215e92bb6c0e8d66dc566dde
641aea2a7bee9c5d5a39958d,36299308176805d62e484c40264752e7a36386fc3a6a00c89b5302fea66c76a4
6a1febb191996e05c0f89e6d,c835e37885a81147b34004305606a7db7d9986672206277d7dd207725bcac626
6a1feec191996e05c007b0e7,98d65107f00067133b70e39d67dcbe5dba1c6e66f9b39040f92dc97bf37aedd6
69bd698591996e05c0b0ca06,dccf6a2ef5ff6671123f418c0049ca8307084a3677eb497c81e44e3249f29ea0
67fcb665ab7e60756ed460e2,0610dd8f8f83538e207f9c838982b25e0920dd9c1af3ddcda22d469fd0f347b4
6298dd2653c65bae2e685f96,a06de6bc60c045bff7e62118bf7baa2550d51be0f6e4f66edc8efe63e61c2d6c
6a5f2e6891996e05c0ec7930,d6b20b0b51772ac57311ee2e2a0e63cbb14bbaf61324b6b0958bf82ae06e198d
65dc89f8cf21b2948d69dbe1,c9289c95d7418aaf341f6537bf1ddd5920428fe68c4a00c15d35a36ede3b97f2
60b5beafee3b0993eac5ba57,65dd5da61e2194b6eeb6d7b45c9f95ab77814eacd95eb20799dd32c0428b03fd
67ea318cab7e60756e8aeb74,32907f91f99764e66d3cc3bccad7e03793735dcd9cf2b93ea900f0efd63f101d
68527a41ab7e60756ef6b629,13eb795d6ac3ee9a072c5d6abb23499b52cae3de8238d3eccf866b35fa9407c9
62f35e957bee9c5d5a26d391,8905d2fcaaba2130627b2dbf992f792dbaf29e89e1b727ebcc03288f6ccb374f
6a1feb4591996e05c0f665c7,02067e704a1b37089ca3d8f65494b7107a599cdaea0cdc9e08e4f21040025250
6a1febb591996e05c0f8b1de,aa09088819e645b2892b30758818ff1731dd485a55502f983741b3ebbd4957a8
6a5f33f491996e05c0fdbed3,2e44da4f9b63a3e6ef0eab786638f3344f6d4576cf0cf928f922be3d951caf62
68db7015e3ec279a55b32592,a1904944485359a2de7aaaa8b1a4a25e24f520f00c66a2db978f39fb1a5ecb00
6a1fedb891996e05c002a138,7ed0c54cd8227555498b8672c101d3cdfda345e261cbd0e05a74a167e983badb
67cea262ab7e60756e313f5d,4b631b745b000ad9220a3db8a14d2c396ca658dc9b18a5d1087429c21e33e7ed
6a1fed9391996e05c001e113,c62508ae086a5c56881c9110900b855e71a5ad298a99dfe368439ea0b3c98341
613d600cee3b0993ea3b1845,07a9c65bed3a934af42580376ea43770ae0154a7f2555aacef147b02ad8bf63f
68b92cace3ec279a552edd65,809334c9ab88779f675191cfab746b207b12a354002012347624b60651e221a4
63cad3117bee9c5d5a6b9380,0ebc291d3bcd950f911fd551ef5017475b5c59d1848b1be50c66db0a3eef7119
6a5f26c891996e05c0d37138,3a04f47627896f601b59a228cee44a09f829749b6f5cc2e437030ad13dec9440
67134f53ab7e60756eefd2f5,2b8ed9cd2a8f2d05eb0a45b5ac14351f283c78d38bdbdf0d47639600e325d2ef
69d0ab1991996e05c0540c6e,29928a50f326b1fa4cc99559e0637517da72aa83a139f0202c5abdc36e5fe5aa
6a1ff01091996e05c00de6b0,74b0c44b6f920f2a67b9fc98c803bafa340b54637ea58a70e75b154e60970ee8
6a1fea2491996e05c0f07b63,776469cea171bd0496dff886452d29f2b8024b541aafacbb15c12369edc22bb9
69d0208691996e05c05f14f2,7d645315d989b878306a1c8f9401d2a3c48b6c34299bb8cab08a7351f8b1def0
634a8b947bee9c5d5a44e5d0,b3765a693fc45abadcd3e91e6f14b58691633233d5fccaaecb6c03842da736a4
67f10d3cab7e60756ecb499d,6208a44b6fd22a9cde6dbf13f909050c1b4d2339614fab68b32c38dbb596a53b
5fc5c6c67e23857eea1655f4,7440849ccf1da3560bc694076d2df14616a3234714d3943ee6d6425ddf0ec733
6298d82f53c65bae2e63e465,3b311a0dba0dcc713a235785d702f3f567d3ba4031b2cbc2503b9175b1b083f3
6a1febe191996e05c0f99851,4104f953d7b4eea64233793f0ce3c50bb5ba4583f478739bd3de068e6f50f1df
5f6fdfd0146a9f17ffef2e9a,e9c5f22630bb38441e774ae03a449314672d1dea12882b0e328d69ed09ddfca8
6874e9ebe3ec279a55e55975,bef3fc9de5951b322b33082b4cd8d68b9d986f83e43d0f42075caaf94fe95bd1
6a1febee91996e05c0f9d8b4,7132cdd6f1886ec6b589e24e4ed706d2820b3ccb7f8e817d6c062de4014bb66d
69e0822791996e05c0c73ede,0cf2c0df9bc3efe4695ad87c913f0d2e684d1a2bab6b859ab7c97644ca638a15
628f3e067bee9c5d5a820dc1,af7c0ba380a043830037e0c404533940a12584e9250f73e4bc7f0099ed9769a4
6a1febee91996e05c0f9dea0,efaa1cc5cc24a1b1ca918cec646e47c158ce3092e831a48fb1faafda1c0b806c
63cadff47bee9c5d5a7459ba,9eaaf9701bd8068d19a16958138e1c09ece0e7e492cf791be2db88640fbe5c4f
6a1fee3091996e05c004f807,f77954576566e56a9cf1ced8c1709827b757a2b5e5a77b36f4a6bb0134ae9996
64afe4a5cf21b2948d633a3b,6b8618f7df859c3566f13225d820e32e92d981627b01e62782f6add9f09d1c4e
6a1feddc91996e05c00354e2,10b540922e11e6fe2d2539034946467a10ae5cfa52541af71d6e9b9ef68773ec
6a1fed7191996e05c00130b9,54cf7e8a5ffeb3858a92d9ddafcbc249ed23b478cdcd73fdac25ffc5115527ef
6a1fed2e91996e05c0ffe2eb,b150da7cc5e466f567d352bd9347051ee354060e9f20c0cee51c921957af0dfc
67135813ab7e60756efe8714,a5bc7e5f2506f522152f5f49a3faad7f1aca70105030b8158bea1ebfbdf3828c
6080907fd5cc35459017b525,6d26a9e4f2db81d3674422b36fe53e7030ef5fc265a47a5c597224b9d3cb2c26
6a1fef6e91996e05c00ae0d8,a17a2f4481f22683cd92ad91c37e5835a87ce35d6bbc363d0b6b7206c31bc713
6a1feca891996e05c0fd6465,0e40bee99fb1a12602d6350e15ed77f1cb2424a2a5d2288943061e4944b15925
69d0aa5991996e05c0507246,43d87b31dca7eb7bd9bd9d531465030973b686019331ffcd35a30479c4ae554d
624c14887bee9c5d5a30edb8,e2ff13ba673d5af138d7b99c6c42e21fe154d07583a781e9678f8668d7186eaf
660a5b3dcf21b2948d53089f,a737a78872261c765cc0707d9f8d8f7c715e2c0fad4fae0e8080fc5f82a30d11
628f441f7bee9c5d5a871dfc,e4163df1cead9e6b29166a5f701ab13f0de4af6043a579602b186bee6660efe9
671357d2ab7e60756efdb0eb,3a8a6ab7095fa570ff24743fad9eb17da15c5fab6d3a5ca43a463f6d989bd6b9
65dc8e7bcf21b2948d746dfa,2a91b7422d05a01a2875da1578e078598d4bf2040a3e2f8fc9489787857e954d
6a1fefc391996e05c00c7528,e01e75dfebe0853befd9b0f9752aecfb29941912db672252d82e233bf2697d80
69d0a2ce91996e05c02d8ace,9cb5d9e2b590f5dcce9eeccd1701dbbfd5d6a52fd2490921d354bbc89c331ad1
6298e65453c65bae2e71096c,e353d376db1032426ed4faa095a4ce275cdff4ce7bb37721c87cc3d572e69852
641ae8217bee9c5d5a365784,e94d5c4bbf326c97ab8fcc0729713564ebda609e4fefe73891fa1366594174af
6a1feec691996e05c007c671,5edaeede3d3fbe5ae5f3be33c100b8296402293fd1c3f03ae9cb12eb34291cb5
6298e3d453c65bae2e6f18a6,a2aff1bcc5ed98a90c1307d5cf7d4e9c304cb96f1a6b8a402e5d52bc9e053339
67fdf66eab7e60756ebc7423,8bab080e6b3f4dbe4e73804be4652b28be93c67d44afc21d417dc568c2dc410c
6a1fee4891996e05c0056db5,b9f2c6773f44b13f3f7411132543e8898e041bea06d1902949c1ad745094c51c
6298d81c53c65bae2e63d248,73b7291f6075ebe90c764a961c8fb1697da54aba8b08479959c8efb5661426bc
641aec3b7bee9c5d5a3d315b,3a6a643bde622a301144ab4cbbc92ef989cc5c879b805276b47ca556d4f38e8d
66978611ab7e60756eeb0fdd,4c7285b3257e619156086b07785386fe2736f7dd5ce6a1487fbc7028dfed35c8
69d01e2d91996e05c05c8a55,b2441d965aa3e73977909260a16975819e5491c3eef69c6e1abbdd07bb9d6bff
671350b3ab7e60756ef27fa4,d3764f9c7911c2be8a5ca8d8b5ef623efb3353a1bf3a22c2b5c394c8b880b994
64e48614cf21b2948d07a4a7,4964d5690edf6e57d73a72b2111e33ad311f9681878c06646bd734a5d534455f
6672bd9aab7e60756e1f2663,9a85c957016740bdeba828835319df9cd4d460276368a678b064035b69b28fbc
6298f72053c65bae2e7ca244,4825cf00c63d2991ddb47d5e544f6c25ad498f4836c4f4ca5880932f99db75a9
624c00de7bee9c5d5a204402,15aab0aacd7fe3092dc5b57255e0f467dfad5fd4279951fe0352aff904de12b6
6298cfca53c65bae2e5c234f,137845abf899c279ef4ba3d6b6175b0ada8846eb5db5b04e2303a08be3daeffe
6a1fef8791996e05c00b52a8,9820141fe9c306392cdcaf0e9af6c1357844f8c6f8e7a7562310ff574aa9f6a7
6298e45653c65bae2e6f762a,9cff74fe43f59f1ce5762af94a6076e5cd79e7473a8bf251047b01822857e004
69e151f691996e05c09a30e7,f071fac86986e801f06dde74fa700d1aa54a4ed9795f37d9171783f0d965d471
68527b83ab7e60756ef988e8,6d3ef8884ad46ba6ba8f13045b113a72249c0434cd57860ebed3762ba99828d6
6298ecc653c65bae2e75b9f2,4f04871309de998b09c23eda232026072b39f218b291e6c4e924584046f5e273
6a1ff01191996e05c00debbc,24c175c8b64ccbde39213c2848c41ee67fa4d9bf1b19774e40270af98e44d9b5
654e453f8c12ebd66f268be5,40bd3794b1c10023a2b1661b57d5bb9e6ee5931d38f04cca32a561642a7702ee
68bece76e3ec279a558c4cab,25376d371b4276bf79a3bdeed50290415b5c8bb12a773df33c38d26066c2d8db
6a1ff04e91996e05c00f0255,990c80e644ab2ae1c668d94b3c8ca053a0ebe8ee19551b4aaf771646616f42e7
6a1df46e91996e05c011bad7,1be50596ebee7ce38f1d1abe269b656f835a459da08915f1ae32e01692870c89
6a1fefe591996e05c00d1818,40ad804adec466b051bf7063dddf725dd3c2d45f9e322f3ee3b5de5c2e9fdb3a
6a5f310791996e05c0f46349,b96a0b81e633d7479d3a2d22c3d4a8d3b6fceda2be5a81591cd270b4bc6b7941
6a1fed4e91996e05c0007ba9,4afeff3e60da31853af8c648534560e54086fb088d949e9c0a6c845281833c1c
641aebba7bee9c5d5a3c524a,9dfb48cec43c615e9ec04f0b9bf710ab457e3bcd2084083a53ab82bf4b942115
641ae7c77bee9c5d5a35bdb6,72dff84cab8ceaa5547befc7e42c0c31e1ed5fdb53b127559cde591fb4847f28
67134f40ab7e60756eef8a63,0554b29ca65da805b094710624d5193940bde217dea448bcb04ab9064e1b3dc4
69cfbd8d91996e05c062c5f7,e29542b177dafad1b713b2ac5a7321e437fa3038125d82a1058fad732ea70686
6a1feda691996e05c00245b9,24a41dfc8098108f9c24e418ad329694f2b8830d3b7330213a77e0d559f1eba9
65df41d7cf21b2948d582f44,66f0bcdb104a710426f5de46d839ed0cec76d4296a374b27413012c7ef9261c6
67135984ab7e60756e01f09d,6cc0ff3f343d5ea5c5d5094cdc297e7d648facc631e733c046cc66185cde9379
6a1fedae91996e05c0026bf5,72d653363910859a2a420c75af1c543bf484dfcc2b69af2644658516b0936a74
6a1fecb791996e05c0fdaae6,55578d2f0cfea960cbd3ed238ecda81448200f62369fbcd863578c8b3b40f5bf
6a1fef1691996e05c009575e,75e075f548df2f716cb9eb960630db44873e1a4d865e177beed95add14095d3e
69bd7b7c91996e05c0db1d73,c6b9acf8e9af3cc6090f8296dd694a4d12025d00bf385730580915c54a6b2f9c
6a1feef191996e05c00895c5,8a2226b96f7e25d4cfd7f53b5c21fe9d053380908fbfbc5b01bc9ea911c57661
6a1fec0991996e05c0fa5fff,854fa06b43c60725ba67b5323751e5d58d7c28e8d7df51da9f0099fcdc92a7a3
68db6fece3ec279a55b2bd00,700623725ca824a7b6909f66d0be818b1a5862de2a0c9cabd92465fdb5e16bfa
6a1fecda91996e05c0fe5619,f9e636cfe9ab3b42c6a0198f357cd1100094b9cdea8b652db863387f7081cead
64afe69acf21b2948d68ddef,38f6c2cafb463893c9cad0e79ed3ccf8466e255189c76760a5b8021eff6e4093
69df998c91996e05c05f8220,7c6e52a0790f229414d3e520b67fb76416edece640dfa7fd54dd07ccd5cecdfd
69bdbe8791996e05c027d54b,ff3240e359776772451d2123a7cce101ad0835fadf49ab432bc4e2f05a5883c9
69bdf25991996e05c04496ad,edc69fd6a18e627c5c0fbb3178ae773f1610c97fa3948342c9730fcb2e4d8b42
67ee8660ab7e60756ede098a,cb271e352a951c1f706a0c5033023813252ee7ae533e9922583c2d582a36a231
6a1df0b791996e05c00f0a0c,0b022753b485378f210264289c17b417ec7f1f079551904a36dd8649c7d9e58f
6298ed3453c65bae2e761094,d07eaedccaf789ee3d1be5fb5a843e264a4bc443fb5508826a61e68a12a0c743
6a1fecd991996e05c0fe50e4,086822f35f8efd094c479f210a7154c89ea8ba961c8d1d7ea34e1c23dc584b36
65df2b6fcf21b2948d1f2064,372b823c7932a090502b58fb541b5d036e6c739ab65e8ad9177bdb50946909d9
6a1feb8a91996e05c0f7d90c,496d9d20e0ec943577545ea3ded286d173547ea48097d8862ed0f1e082251054
6298f59953c65bae2e7bc113,f7e54bc98bbbb099c0ffeeb63c8bbd3503f0174c81c0e2e5b06526c208c1c831
6298d42b53c65bae2e600e03,344d1427e26e4da60015a8a45368e5dba4cd1705439242f35557eda13153953f
675a800be3ec279a55aab9bb,68d67b03f0299e8e19d04a46e05868d9850b106d561f79c562dc1e8a97a1c77f
65dca795cf21b2948db299ed,3d94266e6f2423651d3282858adbbe98138d8af86869274b08364c27468154e9
6a1fef7d91996e05c00b2a05,e82bfe1a0e6b9603c1474242ce36cb070c02a99372ef8a061fd6ec813546264a
67ea255eab7e60756e7666cd,1b7bd84a6a4f614a4ed2db5312a4c8c260b111cec36e5ac7501befdde7692d0f
671357e1ab7e60756efde0f9,ba34d0a4e8631b62c57ed0016b78a6cb38bd9e267988aef7fdaf17a75d21a37d
6a1febc691996e05c0f90d36,537bf5787c0c9a6a09ac0a8f6965584964c37a383a552bda5f9d612f078ec3d5
65dcaa67cf21b2948db8fae8,bbb90b3282b2d542a2996987b39191d171920a6fd8d968901575c1a9ad017821
69d0b61091996e05c081d3b8,14fc12986f1d2e1e247c3887bb26da11b0a5c925e7b40f225b4498098c19898a
65df30d1cf21b2948d2cb208,f184d4b87c48e09fbfdf08017ae8540c321e2c9d3b2d24f945e58e0f84b0cc9d
68527abcab7e60756ef7e08e,268d352470f6a1f77ebd3e71bef370fa6f2983b5092c57905dd12caa2c58e6e6
65dc8534cf21b2948d5eb455,483bbc1b87bbb5b5f3e370a8fdf1bd407e755574ed4a5164d858aec750c12696
6a1fee7f91996e05c0066a2a,0f2fedbf370ae6df1770adeea39efb4649e29f144dd9a255a672df1db7f0594a
6a1fedf891996e05c003e006,2227104557737c362c55b3278a46822676b5fa8cc25bec26da9bc7da83bceb11
68527a87ab7e60756ef76783,666739a4f29937925dc86040fbfe8f0488231fa3c264b5f59059e7dabafb6f97
6a5f2ae291996e05c0e14c7e,77ef2439da58b2a11c4ebfa5d4c96080dc23c6e274adbcb6d8c5a329cdf3469f
60b3afe8ee3b0993ea8505e8,c83e2a632606b0d19948645910f823d296e321227eb430e6fcc1d6f1396207cb
6a1feff291996e05c00d5813,b60189c392ba22c3c4a44bff64b1d1b783fc07712d6a4b14d165df7d3e8cc2fa
603e7b0bd5cc35459024fe9f,2b7efb1a8581cf65302a7339ba93007bfe059aa46ed3473460478c3b84b3b083
6a1ff09d91996e05c01079df,ed1b1c5e6b6969fb7a13b31d1bd0a35520fc03501baa92884f666467a25ff8c3
65df4520cf21b2948d6092c1,4d7356c1d2ba022a75c105b684976c0ae7040fd2398825e27b5f4a4e81d666af
6168549e813bb28a9057dd5f,a458efaab1f2d161d0a4ff815c050d0d745b21a021634b4c19d06b464053e43a
69bd7ffa91996e05c0e3d00a,ecf5c29bd3d27e7e5866049f611f8b70aa086413439e4b4cb7375e709543e612
6a1fed2991996e05c0ffca85,17d5144ddb2d0b77dbd4e56ac728004804d7f87a4d571851ce05ce8327da68b6
6a1fee7291996e05c00632b8,46bb5c8419a3a6a049043f5f0dd43c8b95cc3aa311fd50119b77e61fd0df83ff
6720d75fab7e60756e76aa20,673381256d9558878e51a51326fbcd283a23c7dde969a97b27326433ef68a91f
6a1fed0691996e05c0ff290b,d70db974a390fcda8efab6f140a2542c9956d7f115d32566c941447f09e396b3
628f44b57bee9c5d5a87a5c3,b942306df946c5d05dd9cd6155c3374bee17921425cc668a38e7957f166f924c
6a6baa79a8ff762f0db04a57,2b25ec76d4607b51845289711ae2a5f0db5b16324ef89c0c988efd6fa8197beb
6a1fef9f91996e05c00bc307,2a7b086a36891dabee434e8fb626dc83466a4198675e0d3cdd4e911d005442b6
671350c4ab7e60756ef2b093,5adf3a51266c274da98228c2d120a6c4ab45d2da350339a49e6fb4f7f578391b
6a1fee6e91996e05c0061ffb,410b999df82f7ca845de5f160ca87fd5501116715842e9138c98b090067f4dd0
6a1feeaf91996e05c0075687,026e67654b507cb9edf0d19d1cedce067b87a01e8bfa1dd884d8e1f18b9a47ef
69bdba6391996e05c025abfc,e4d75508ae5c38be73b576367f9b5538359e6620dbacb72139f9d781744b4d44
6a1feeba91996e05c0078c63,9c7f3513ff3de43d5fc4515d48d22fb86cfc5f20af456565651381d909c3971c
641aebd87bee9c5d5a3c86dd,7fb1800907a23e3853e6e8d228f860048c51031c6007b5e0df1d301be67091e0
671357f2ab7e60756efe1d54,b3477ffeda5f50ac69d8978e7f9a9a15918a910155e3a225316e0caf7b69de96
6298f89c53c65bae2e7d736a,5364d7f37dc7620e6a24adea893d709de45b12634791a27b84d1111ade05fe5c
6a1fed4491996e05c0004ac0,59fbad2fed11c9ce81434263cd9e14741b5de79e95afb2e192c59159231f3821
6a1febc391996e05c0f8fa73,b6b6d5e6c98ef1776e30d1e8723c66e669fafc2d0fa427d3f5e0e85662e1e7a3
65dca3c0cf21b2948da9ea86,2dc1a9867a0e3462b4217fe4a5b484394f67578a3c1d3dc94a8da2a7d8025502
6253f1407bee9c5d5aa368f4,9f9c3468c374fc646b51a226582741a501cbd8d23fd34b7405d8aac8386c3a52
672d196bab7e60756e75c528,72d2d605a4b5927d349c455d7c6e8d7b42a56aa54da5521a6b6ed50dc4cfb233
68c41489e3ec279a55ef795d,0ac231001b505ff082bb246756d735c8f06bab54c7df0b7e78603c80be6a4cde
64c76805cf21b2948dd48da0,d7d0c5a52dbe9bb6c5b04cb2843e026fd5f38486220a464b42014d6889ebb78d
69cb4f5791996e05c0073e7c,0673aec7cd91695e5dfaf092846f2ca7bf62da4ca4de282910319f32071301b7
6697862aab7e60756eeb3726,aeebbb2b5b41747b2232bd7a18461b5052fd579540b5af0695a2fd78e26a92d2
68c41437e3ec279a55eeb7d6,ae5eb6297ffb7bc08c78739da6875d099d78b6e47c73e3057c353e0f68a29904
6a1fea3891996e05c0f0e6d1,cc7fe60bf1930ab1a38925c13faf08a227fba2b88e34c9dd8cc91ee0fc17381f
6a1ff05891996e05c00f32b7,d5121dbf60f7a25b08a24f57c996cbcefdd80c33bd8ee37bd2d6f0bd1fe2336e
64e3303acf21b2948d3679de,1360bdd3f9b611db4f1bd172c3cfe830ec30669e6f9e33c167f02ee526cf5cfd
6298e55953c65bae2e7055fc,4190f7f5216e2cdda4860dd3b05d14eebad41fdb72aeae55ca75799927579421
65dcab04cf21b2948dba618d,f541788a513eaed0d47523a07c7f97f7b8fbbd807b4f08ccb254367e3ce01a2c
69cfb35e91996e05c034ac1c,e3585af78e5072b003ef4399268933d9b77eed44a6fc96030ef68e7a602b3279
6298bdd153c65bae2e493905,301befe19c6159b3d709b33dc5aa4af9238a9cc5b3d3577dc657817dc9dee4da
6a1fedc691996e05c002e89f,e8e7736220bf9390ab13987b42d0348b6e3d5e07843d3213d7e3beea6b74aad4
6a1feeb891996e05c007806f,96756d6b1d5762379f7f7269d11f85e65d66e0967e28f6cb385b0484d39c95e8
68242a69ab7e60756ef700a8,40990ee88ba321009039930548d6e6f349abdaa8ae6f74b60ad30a28b9452342
6a1feae591996e05c0f4798e,4a64cdc75865a4b4412309153bbb34af0bcc4abbd3460e72bf080b073d48ea6e
6298c1d753c65bae2e4def57,a4528e8d3551384155ec069d7207d376b13944863cf60b967e9d74d5fab85871
6a5f2d2391996e05c0e88640,65fccc60408122f19d67738c88ee33c528367d87c924f8eb852de71358890ab1
64afe49ecf21b2948d632933,6b0d84893ca02b15aa3300071ce90b1bd433c21072f611982b6df112285a079b
68d10922e3ec279a5585445c,4e93617da182b50802794aeb5f5d75f1e53baeb075c178fc872b22d44a7f1a68
6a1ff0b691996e05c010f4a4,60390900e77190886c920241a7b58d569b73776a3dd4446f29469946033e6fe2
6a1feebd91996e05c0079d1e,51d8c75305cdaeaf3509fd4b60c924ef6419d77839300eb70bd76ac9869ea220
67ea3863ab7e60756e9760ca,7422976dd03941e3ca403f57b526c323591fef464564d278c5860da5ce1f05cc
6a1ff01991996e05c00e1013,40c69f1dcf16dafd91504bf659fb7aa297915facd24eda6787a8d8864944bd9d
6a5f2cdd91996e05c0e7a1de,5b73f85ee31998652e11516f13af22cff8121bb9475c158976e4253c7cef290a
6a1fef8091996e05c00b35ef,0749b040917aaa3579cf5e1a0ba3e2a81294ec17b10c3a7bcdfb732e2a59b717
6a1fee2c91996e05c004e2bb,c3ab6723971b2d3ca7b6a6d1869b7a3428ff7f61533f66a47e8a033cf211d8f9
624ed65d7bee9c5d5a799119,ecdb6262406b94227e5081e763a7d7f1214ec80fe724a270bdf2e229569ea2bd
6a1fed2b91996e05c0ffd6b9,2df705948fdc0d01a779780502b9b80055a35cf760d7ad5040c693d26efa63bd
67ea2582ab7e60756e7699a2,5e0275357d8f88b637f1a1fb04a36705eeee1e39bc4c37ae19f85caf064fcbba
5e4a83ef7dfca5711925685c,b4ef5dc7b5caeab6f475fd996d835b99ea60a0348df00464188c27b56d75e1b8
66e9557bab7e60756e28e62a,491232568813abc9d0873e0bbb57e89e31b2ddecc1e4ce26bf5966fba7a4cedf
65df4072cf21b2948d546ac1,4522cb42132052a4b8f1990c4511a29db9f88ff47b038f4ceff5219c788df696
6a5f2c5991996e05c0e607a8,11571b35de4ba1b6ba4ae781bd1a0bdc608842fbe0c57fd976e96b81f0659823
68c90614e3ec279a55be35b2,5e3d77239d68d5890524194c8b1854d7921414f8f3d2b1b6fecb0849bae55a0a
6a1feef491996e05c008a294,9598804576c33c688a5c913e3e4444bc7102bc693f1afbff7aeae66f09d2d562
69d0a2b591996e05c02d17c3,dc5a81bbebdf37ffdcd98ee47f42322bef5f368626e02caee7a7b9c8c92ab52d
69d021e791996e05c0604887,6b17f2903e19390834d58585e48225e86eeeb45e070f5dd1d64ac5611978be11
69bdfa1591996e05c04be0a2,76a89666130a233a322d921618fcc9c9359951ef5836db6d36eb47d467db602f
69cfbdbf91996e05c06395c1,f72b234567b9bc901387a628af96d3489ca8510df77ad5cd2d46276f6811509e
6a1fef5991996e05c00a839c,cac3a00cd11311a5374fdd9e51a842243708bd4c62ab817168592e924a1870e8
6a1fef1791996e05c0095a76,5fc3c72a31ab8bfba6878b3db596b036587d900d723f9a23595467ba17a56685
6a1fecf891996e05c0fee10d,eeb38b3b531e49d04fdbc1eb493986d9703420495940ec3f17b6af2f4bb4b373
6298f9aa53c65bae2e7df8f8,e65ef3ef47c102f68b1cb1aa16da7fa125c418ca2050b9cbdc6d6e8f4dfab34e
68638af9e3ec279a5560efdf,5c3b18f6514a3beaa5176c2f38e1bb494ab3eb8fea6e8133f29f5dda99ef185d
6298d62853c65bae2e61f55e,3d10377a36107aeb6d0176b41be86fb9df96f07576be909cdba8542dec8765db
6a1fecd291996e05c0fe30b8,65c0fb3b6334d02101d2dd6eee58710c4e0a793d9a2d8767b4c2ae610717dd20
6a1feccc91996e05c0fe1414,d406af97df8be1ae9983a6280435f01b57f6f2c3a6bc78998ca0116580f73535
65df51dfcf21b2948d7fc383,dd8454d39e9bfd6e5e88acfa83ec8e4eb4b17a332150951424dfbd76f9421913
6a5f28f291996e05c0daa9ce,f658d030b2fd28e6d8c9ca044e17318173d4b36265b015f09d9b5cb83485662a
69d01e7491996e05c05cd786,7a18f9c20333f7b220c442fcafffbb158dc37f35c539b636dd03a705fc19a65d
67efba21ab7e60756e6ea29b,756069c9e89f9385786b7535eedc31b560540d18e048a24f74bf535e9389584e
69e150da91996e05c099a4e2,0c4a7569afbabd4a87ffb27aa200279b95b99471b7aba249a906dc7755372c0a
65dca74ecf21b2948db1f3da,90600d7c72b7344eabba792e2710be2ede89920fbaafb256f5c16f2b910be56e
6a1fefe791996e05c00d212c,3d8f463bf33483ded195565284768e0241f254d6702a0de9e284dde936c27198
6874ea88e3ec279a55e65c82,d9fd83a965ceaa3b72aa66f71b5893923c9acace8379543b2b5e25ec58d6cde2
6a5f2ba491996e05c0e3dc7d,d6f883b6e2d6575b034023b8b7af95200cc06be5c2e6bf0d7e3702a26a718dfe
67134f4eab7e60756eefbeaa,95d52f2b6116c51d0d02c4f825b42de31844e41c8a291065568929b6aa12f9a3
67220ebbab7e60756e6dcdcd,308b4299af00233e8f1f49b39324b7db6cbe374b27927bbb0fdc93a5f84c3e91
65df2412cf21b2948d0ed5a1,c657ac68e1285a01f4f7386174945cc826cd92099a4ec365f8e8e2a30355e38a
6a1dd7c691996e05c0f26637,0896526907308028a5af4748cb19a0b753f788c5e437e660232ede0f0f3fc8d6
6a5f29f491996e05c0de191a,40f1c1f56265d369d2acc8b9d7ba80209ae941d4fd32187fadcfe7d820d21426
69d0be0491996e05c09fdf3f,bb46a2f87b871cb122eaed364f8043df92a9358bb3e982d14bb7b0502748aaaa
64afe49ecf21b2948d632a03,a1cfab15968e95ddf5110fb5d57490bbda8aa35749e420d263d970772a6d397f
65df1f8ecf21b2948d03ec29,a555f1d82d566314cf6efaa14510a093f788247aa85c367c6c17b25b29241703
6a1fedfb91996e05c003eed9,87b7b164abd7e009b26d845bce802437eb41ebc1dcdc04ceec4532a3bb6de358
6a1ff06391996e05c00f64d6,dbcf2cb7dbf742e642f203bc8c46e6d6591e41d89b0a6fc36654912fb223183c
641aed7b7bee9c5d5a3f80c8,16320b52e9a8a53125707cd78b15cb223f8c43408dd392108979583445764813
6a1de7f391996e05c0064939,5d97079938126656444e4caafaa2333cb5786396a96ed3dff0e6c4ce6c825aa5
69e6111f91996e05c0b401ba,b2a5c3e157eabb677dc7268b8bc65e0cba4fd2b78aa8ce09e0a0f5cfa227b369
628f4ab97bee9c5d5a8ca9ec,12bcd7fa46a6fe35c62377242c24b8068f8e9f157abcf225cb1f02dfe60f8443
698c163791996e05c0c63f46,a4553a76bc082b3deb205e1b3b3b59dad650d23770d941e11d1c827943d8182d
6a1fef9e91996e05c00bbf71,658b37829b8d7c724dab51da026569036760d3c4aa647925e6119c6d074f42eb
6a1fef0b91996e05c0091e35,3367edac3cdd51bb270739893918b5e8913784f304a450df520b60b82bea5833
6a1fee3491996e05c0050d9c,497ffb28b8a7d57e29e689744ee8ef5c35945be79fac52d1deab977d5cf023ad
67eb8e15ab7e60756eda3624,00469c2ee7fbc491e89e6c0daad4a6c63ef40681797fdc9630db91d701ed1f08
65dc6a60cf21b2948d25c60c,ba881566379b72c272f2fee961d8584c428b4642777f9562474f9b79d0436dbf
67135cb9ab7e60756e07dc5c,2a7b5cd8173503d91ff7bfb8f4f2f21097a1ef819931b35b3b26807346cfaccc
6a1fee6091996e05c005e0c3,a692e68c9fc1591a615f6b75799900e31c9fa217cf2f62bf9774082ae28b9432
6a1fedf291996e05c003c0d4,e74f0b455fe2748692cbeca9bee75ec0938aabe2b0949ab7d79714ed6b504e98
61093e07ee3b0993eabc2b61,20c719429e82dde2319eb89aafe82360605c7c156b2f288126782e22c2836cc1
67efd972ab7e60756ea77a91,5a91f8cee59d6f0cce00b8bf295a08fca1ec29580dbab17ecbaaddedffd7099b
6a5f2b9f91996e05c0e3cbac,d63f428e684abfc363f3ea99ca4408bf5521893387758b28af3f6af5649274e0
68638a9de3ec279a55601984,4db820d3ce5df9cf902661a9c80223a1299f6a4fa12c64fd14622333f991357d
6298f3a553c65bae2e7a996f,42af29f12414524b958625e3c5774a7e79cabdf94cf3a0b9b70bfdcf619a5741
6a1febbf91996e05c0f8e8fc,fbf137d17019dbdf4f50bc26c9feb072eb49395c8eaf5805b917b133d311268e
69e07c3591996e05c0b20408,e19c5016541fea2e72848fdeec989a57bfe0330702eb5434db289c663de3744f
65e2ba3dcf21b2948d9e0318,f2f58e02c114c7bc436eb84efe5dfb7695cb399dc9774ceb6f38149071270ff8
6a1ff07091996e05c00f9c61,d727500dd3d47a542f3fdfc5b3d79ffb26675d35547688e1f1e24c4f0c345008
6815eec0ab7e60756ea35f19,4bcb02cb5e349d20d925085f88a8b9d5681b1c25f833b8e0e059413f4d7f40a4
6720d59cab7e60756e7415eb,dd11daf22b6cdaf5c09dbce8ef6da4254e129a5fb46244f49c677c466c3043c3
6a1feb2491996e05c0f5b34f,8dc7ba2e74a185978605cecc5ba7bc377339f62e1f360d4f98a448305f616c2d
6a1fee4691996e05c0056237,aeeab36464eb3594c8feb99715a8100357fe875748f032e78652b958f9f0425d
6a1fec3691996e05c0fb3d27,7c7af0b13196a469ef143678a1206ce82b0952e9c8c6d876ca76300b640bbe27
6a1fe93c91996e05c0eb6600,84c3ee339d97a77281cc44f4732da7ead4c12cd3936d98e8227658b3663a440a
67efdb08ab7e60756eaafd7e,2cfeadacaca924b8a3147747353887916fd02b9a4e169bb43b5a2707d5b3401e
6a1ff00691996e05c00db558,53cc22676c8cdc73b99c05e88a9ccf0ceb11eb8b959865fa3b4e0ae2420777e2
6815eee9ab7e60756ea3bd65,4acb9741e753e575639187dcca57a17085652356875fdea2669905a6b9df86f6
671350e2ab7e60756ef317ec,c2b36fceddff5177cafdfd084e0da94a911b8882d5a9f66d0043aa625c487bcd
660fcac1cf21b2948da449d8,f425f981671a0b21affe48bbb1071a491583bfe2afad2d91424a73048aba76ab
67f10c9bab7e60756eca5b4b,d2aaf03e29221f6b88abb1ed2187cdfb556dd064697c24c49fb0fd011d31e5e3
641aede97bee9c5d5a40588d,78ddf43431fca48f3e43562346fa1b3fe5e9a005fc4b5016f7e9b4d2ae43959c
65dc924bcf21b2948d7ceb9d,f75633f2e0a7d0f3626e437eec6f8ddb874b54ef85b2f866d334f7d008fd75a8
6a1fee8291996e05c006786f,a93a37a1c6563f2fb6aa746a128664d0649d2f335e27466dd38c3f9843e41615
6958d725e3ec279a556f5280,55762915acad27eed44b6c062eebb98dd7ecee977150ea6b763b49168f7a4f86
61910ffe813bb28a90852786,7ea177c6d337817cc30224d51d91814a2b93ff86da3c0325336fa1f4f10b69d6
64afe558cf21b2948d664024,5515d7579cb426d0feb9a741db4ae9a1c6190254a7f206bde75bb85fb4a4ee08
6299024c53c65bae2e8285c5,f69bdf29385e21cf236ca8dccc246a69d432a6b185e496c930b3025f45789d1f
68d15ef5e3ec279a553e0d1a,86ce7409328cad4d2ccc225ecbdda391705c9817aff240e4164948f421f8f2fb
6a1fedc191996e05c002ce89,84987e1b2dd86e336a14c35a3c93e07611ceffd80dfdbdcbff82588324da086a
64afe4abcf21b2948d636c5a,f67b69ac06ce7fb5cd82e4a4d9e421b95818e698d95463b4e2f9aaae75948843
5f6a173c146a9f17ffcf43cc,7ed28c9947f366155a14388ddbf6eebb7d7e078e1ecfdc394f1270cd43f78447
67ee7943ab7e60756eb741d7,2716c9b58f820cdfb1befe0b9e909aa89d671eba7a471a45f005386d554871ea
69bd6fa991996e05c0c04322,c55fbd7b86f8acba249573abd4498d50615e2f64e1d4fb8e21d4826cbbe54cd2
68c905e6e3ec279a55bdc38d,7107321b78243070d0f279f538187c81313ec7b1f0fb5d1de1993d1e37632527
6294e09b7bee9c5d5a661778,236e101a065c5126315a755d9b54533ebadb96ad17b31d3833c419d1b79b8c3d
6a1feb6491996e05c0f70a4a,ae2d17999a5957498e137dc87630f18b8950224465a23d102ebe9a320cc89f3d
6a1fed8d91996e05c001c131,18be4e2acf35f3d45ad08e59935620a2a10d1388b68f7d10133ba8c6d87131cd
6a1feea891996e05c0073438,01496d51d18e76b5891f341d116352885589a3c537540db4f2529634a8c71ff1
64afe4adcf21b2948d637e66,0bc30be2884299fa52459ca727ab75228662f7e868494350d7477351213a5872
6a1fecf391996e05c0fecce8,174c760186ba71af37e245ebeee8c16a7381628647e7887240cdc28ae62b7b0f
6a1feeea91996e05c0087093,a19ee31a0d18df2ff1f512d95acd568946d478f1bf11ec900f1b0846882b210e
67efdb38ab7e60756eab6fa8,39acf6126690421a6cd9e877faf9a81c16690b710ec47044715939a3b859d8ea
6a1fedce91996e05c00310bd,914e6043f8fb3ace8c22936c02c5b015da22e9250f6e3bc828195dae1eed5e12
64be45d4cf21b2948d0f53df,2ea7c876c336eafbd5d003b85f0395e3d2fbcdf0cfa4cf3103b6c750c5de3916
64afe49ecf21b2948d63293c,c897026209fab48dd5c5805d485b0954a4d77e7a7adeee00696b680170069641
641aebd87bee9c5d5a3c8818,2ea41997c06f60c62db8bb31bdfa7ae1ba01e4d9b71d8aec4cf073a0b9039cb0
671357baab7e60756efd5fac,0362c75e5a68d83e588d298a5b008a1bf4851cd8508c262784da8125bba46e04
629913cf53c65bae2e894e32,8002cb30ee93f979459e9817d5fdbec5b8a2f56bff85cde1bf3285894dc469d4
6a1fee2a91996e05c004d974,1be5578a8ff34db2a189e72f39aaa7d74d7c622ff0e35276d896f589d0fa3d76
6a1fea7791996e05c0f239b7,8c9c025783f9ed8bfea556192a1643d7cb671a78a7317b143d537d46c7bc6e78
69bdba1491996e05c0258333,11c351910c4a1ac2a461d78cda424ef99e29be5c6de4b53c6a5eaa41d8e8b905
65df4162cf21b2948d56ef19,39b97ac1d64b3ceb4aa15b92062b1562f2b0a820f0c7565e0ef53f2e24f8a596
624c01c47bee9c5d5a20fcc5,1b35d1ebe7bfa2b0a667bd315c8a98e4ce8c46e07c6939b9b36e6d2e7a219934
6a1fecbf91996e05c0fdd694,71672fa1402987561e1f4a95d5990bfc4a5fa233f8dce32606a8e01404f6f17c
69e150e191996e05c099a848,04ec68da8f5060502925c223594fe9e597b049bdd876adfb88c1c27f92961c71
6a1ff01d91996e05c00e21b9,f08b2610ee178744050e3fb0771af0f4cbf453b26d49e3ebbb3c1b043d1852cb
62991bdc53c65bae2e8be538,d28ae79d7ba0d400faa280012af47baa085d50d05e09a1c9ddd302fed7e06461
67ea2798ab7e60756e79da73,110b246cd6fb3512e947db90183d49915cd60de2cc3676f746da58116f667324
6874eaf6e3ec279a55e71eba,d70ea08be5cec8d1de636fc06ef2363d26d06fd648eaeaa1996e4f498b1145d3
67f61f2eab7e60756e6e3df9,6bdffbefe62d395d1fbca3e3784af641c4459cf4d023a29238d6fd6f47fc0266
6a1fee9d91996e05c006f76a,e1a0db198b0ac00de19f52f55e0d8a69d31ebebace780a32a7fdadb474118201
6891d977e3ec279a5586554a,9ea9682fdea06abb81645c58ed7658bb15ae3fed3cf74cfd30233f1d387e91ad
6a1fef5191996e05c00a5a0d,bf79d67efe07ba635f4c515c5f91e2ddf82ae1a8595091cbe1727168a24d970e
6a1fef3191996e05c009ccd7,7b36fc3b6e31ca2b3c8b3c96b6cb713ec9834d724ae1e4a6d7487f26cb1c7a5c
62e23a087bee9c5d5ae2a19d,2dd7ddd82e3d5bc48be581a5f391c6de5349686518c23ddd42638343a9271eab
6a1feeb291996e05c0076648,a19e235f38b6f74b08008c856ef23777f70985de991016843cf925fc63f942a5
670c9fbcab7e60756e1772de,e9a5772675c18ce2ce77109aea6bc7700a7758d3f70f00c7377e2c54a90c1eed
661fd99bcf21b2948d87b94a,2d7cfa2eae6379d208811b56bb83ca96fa44f0f99e678b8a80e1daec702e6998
6a5f2bda91996e05c0e48069,dbe019e5f1287b9cf1e7f2d554ebc157a296f5ede67e22ca8333ce01c6af202c
6a1fef0491996e05c008faaf,49fb9aaedb04a4d296d662d0564ff454459dde11da4d35dc557db11ba1675bb7
6a1fecea91996e05c0fea425,6924a96aa05ddcbcf0a8dda193660e35d02f654ab68d6effef8ee70f31d4887c
68db7039e3ec279a55b37ff3,a19f72f973abe9e0dc11c6a3c2dfe3172c8489cc3c9f487887dc1eef85d232f2
685948c8e3ec279a551d77d4,e070ff33443c796dcfb586266cdbc8406bf1057ee46bff712c2f6574b6397e57
6a1fedd091996e05c0031a7a,80bf0cacc993ed4912dbc1bf6b9cd6a6936942f05a01ea9469a6f09d6fc603ee
6a1fedd891996e05c0034452,513378d089bd739d9dec2c8d1aa577a7999061d5a4062edfbcbbb4f38b856605
6298f0b653c65bae2e78ae6a,507c3bd13ec146d9d21d615edaca61d3f2a270abf0ba20e3e6161140afb4abed
6a1fef1491996e05c0094e70,105f92b363ef825a8626e5f16f1bb3f2115f19aaafb40dcd564dcaf4708dfe28
69bdbc7191996e05c026a130,5611a040792a36843cffeb947b2edccd7d55da0317b663a613eebacfe8221582
69df98d991996e05c05da05c,13ded8fa5e8c7d0ad09f62ad5c0f4122f094c17f29f9a336081f4cca4d722a9f
6a5f25a991996e05c0cfcd0a,bd1e9c8d80ef3fc83164acf9056a0da32a6b73046b136d0ed5a57f5b5af9bdd1
653b73e3cf21b2948d3fc0cd,e9f82883dd9d9c5940894454d74562841211e3948859984b74f69dbafc6df458
6a1fee5791996e05c005bb0b,9971c0e8ba5559c1c474fa2cfaa7ec32270b700cae2320b88d1c42bfcdd5a29c
6835b39bab7e60756eadd316,4a584a555eeb77109c6858ae8a30f0dddbdbcdf6e5275d8134191714e0e486cb
6a1fecc291996e05c0fde4a8,5a31a9cfa95f5003200d70ea3d55740de0bbe2cf77f19ec663ae4ae28a82d5f6
67ea38bdab7e60756e9813ee,ce68984d63cc5450c29024603668872903a35e79409910382d59f11af4fff4f6
628f3e437bee9c5d5a824585,fa6b98f937815013b04a78cfac79d9423e48e1fe5755d7187e632d87109a7249
67ea24b0ab7e60756e75562b,8ef002016e4168cef79f2146ef4cd81058d1456a224afec86b80e4a31b4c01fb
6859486ae3ec279a551cacb5,ba6e4413804a5b7308772d9b248d9e02f01ee9a989be052afcfeb90308620adc
5f2aa5ab146a9f17ffce00bd,aa6803dcca23a42abeadd31674dc5ddebed9a6f925e7469b2215edbf5a0701ac
6a1ff03591996e05c00e8de8,dfb5d06cf25e9eb7e1f1af218e96db5bc2e116388e58072f7a8ce8f4991406e9
68638a48e3ec279a555f4984,ed587a9f836cc8d15a7e65edb9462458e648751eb1a8b2aad7eaba858952ee73
6a1fe96e91996e05c0ec82e4,fa04b8f3130385fd100ff4d848a20ca12b8e827297e58318d4ff08541ff0b6e5
6713597eab7e60756e01e231,944fbd2544b78105c918093f03d29eb5f56ed502270350e9095cd10e915c36ea
64afe44ccf21b2948d6258cc,6f78f6f05bde59566c66ceefabe2377922185aaad242c507eac377eb85c0d15b
67135964ab7e60756e018dfd,36d245e910992b0c5132d02c26df75b550bc0619574a5cdf31376f7523c7b704
6a5f25d191996e05c0d0430f,c6dfe7b4ce68de6c4a0b3bb23af249b6e52d486bb10170b481834f760a111749
6a1fefb091996e05c00c15f7,685c7f3327d86e2e0d5257787af686b1285a4f47f3c19c3a381e425508e69b5b
6835b3aeab7e60756eae0197,822fbd24a89d78717d0220736983330ef41b07e4168ae6eb4a2ccabfcfb83c5d
6a5f294991996e05c0dbc612,0a2978cf0935c0ff86518ab127fc1e2110b733b11077197b243cb679e36f6128
6a1feb1991996e05c0f58134,aaaffa8d66cfeac64f525fc52d56ec0338404250c7111aad553e0614b50f7830
5fbb885f7e23857eead5528f,da1d2a42236646f1622d2d38d2e32e177106ac4873736ce22588012a0a38052c
6a1feceb91996e05c0fea593,a234e2bdd2ba8a0b7327149f5bb10d455db8592d3dbd8bf29a047de1bca22346
65df237acf21b2948d0d52b6,cbc3589694d76e03b59dbc93d27e337ea54e6a95e7baf9825463781c0623a392
64afe3edcf21b2948d615938,c1d95bad0c9482e1ef52028cf0c22881bd6c9529930ceff8e7cb1eb4d9a867b6
63cad0d67bee9c5d5a698df4,1fc717efdb0e4550067a9ebb46a4e5975467b97d2b479c2aa74130d6f67ddc06
65dc7fd4cf21b2948d52b54d,36e8f88f9790304fc4f54a99554833fbf7cab17a754a8a3d075b787253d60732
6188c15e813bb28a904232d9,872bed82767d5f88c04327f9d39dbbea2018729b2674d26220c652b52ef889dc
6a1fee5d91996e05c005d350,54a0f8a50a178d0e02bdaa6579cd8d5cdaa43c37e1cf1e48537d78da03d65833
6a1fed6f91996e05c001229d,070ef9682a79f1f30f6522a9ef5a4f7824ebf1d74018d081631711d91592a231
67135869ab7e60756effa997,cddceccd8fdb6a9793539140306cd60a9fa81c26898236bd27cb72ec89552f84
6a5f30d891996e05c0f3d54c,83c872f3834d4dd3b6db074a393682ec9a10dfdf2a166be740c813b282bb25c1
64afe3aacf21b2948d60c027,dff331a8a646e22bdafb0344337f87075cd5ba74b45af819d8e3915da13a78fd
65dc75d4cf21b2948d3d1457,05e622b3959f28ee685befca66398ef374d25f66d2f990e17caef080ccb7d84a
6a1fede691996e05c003835c,af00ba3ee12d25cf7881d8a0349bdd5adedca6aa1c37f521403160b1ca080454
6720cea4ab7e60756e6b1e61,a7bbd47d62fea8273cc944405a8ad1d0e7b6bb8311ea01003a812483c7724fee
67135962ab7e60756e018312,6838773321999f689e3272867b0f51cf49001de85f48a45a435131fa6723b525
63cadaa47bee9c5d5a710524,bcf42e9dad1d7a596aed6e8b62c79167246bad4f134d3275ad5ec6fa7e604d0b
6a1fed4f91996e05c0007edd,4a98983e9af9d233ee17c6a774583870f155757b389b06b26e6cb2fc2202c7ca
628f418a7bee9c5d5a84e4bf,751e8f6afbe7de3a05a76b7d84b393d624681d10064e3ed6710381ec0de03b8e
65dc7437cf21b2948d399d82,b05bfcc0abdd6455cd00ada1de2410ef7958351a19a4bbade5b4bc9d68cfcbd9
6060168ad5cc354590fb0ae6,ec0218699d6a135b942974f6100f6663ae55bcfd8302fea4d9d706cd0baf3fc8
6a1fedb091996e05c00275c7,6b3e46eabf7a6fc982d1c4492e09ffa8bdff35e83d31a47eb5efb7cb9f067858
6a1fecb091996e05c0fd90bf,da272b33b6540fa533c4002576cc1e8fc7cfe3bb6280c88a1d4cc0fa319e5dfa
65dc69aacf21b2948d2429cb,09af1d63c00ed6795d7d4b2fefba06401664da0720fb0482aa0bd7a64c87abd3
6a1fee2e91996e05c004efea,e1833e42223dad2755b3a03d9f0f048622e066e1e47c547b2724836552c24d49
669788fcab7e60756eef0ff8,5822c32b5ffb54822365ab07d19f99ff5ca856ddd0a1a304d4afd8eb26330910
69bd730a91996e05c0c8ab3f,8d7b387ce691b2ffed0a79199baff38f6aa91b1b917571be9c13d2ce59da36f3
6a1feef591996e05c008ac69,c40e367330a0f4cf1554fdb04b16f97e9c4977ab15204760e55742b813b99b49
68878f58e3ec279a5509328c,9166a5ab34cbe6ada83a0497b9a1c28af86050349529c61fc636a2dd5213a77c
67ea36d2ab7e60756e944654,149975007736c8036fc87ed5f0c58db137c344fa40c2a27a79547a6f3a2937cf
6a1fee4391996e05c00553d1,4eddc5b33f969cfa8a82864dacb0412db83be997eba5b1b3c1ab4c9b1fa3744d
641aeca07bee9c5d5a3ddda1,2730a3160b992dc7e4891ebed356512a8316b65e3ea496385554df259dcd7a4e
6a1feed391996e05c00805d8,a4338d3519750f4b4a0ce1da7f3d84973e91b51eb9025f21f6e0719d88e6d0db
6a1fedb691996e05c0029617,23dba9ec39d32a5b1bcbd64089f645031b348079492b5fa9bd4f4449ad8775aa
6a1feef691996e05c008afdb,96f6917217a89096469d39922fb869efeabe7a72fb6805473eb62eabec5c93f7
6a1fee0191996e05c0040b98,6772bf27e0682ce1b2dd8dfb48cf580dbca7840b1443a186248545e2abc5ad86
67f115e2ab7e60756ed861c0,69ea522fd5db6c3d7fd80938bf0d1bc27ffb6fdc026f29cc46b33f17ef69f818
65dc6593cf21b2948d1b62b8,cb36fe50677951cb8d0863fde7d2262b8d9dd9984e99c96ec92b9d318e268020
6a1fed7191996e05c0012d0a,ec0d56fff0bef4b48165f6c086a834b0cf0cf7c0f803c4f902bb156824f7406c
67ea3a2fab7e60756e9b0c75,66951238b6c9694da7bb2f682311f0047fefef4ff3a18020d1266bdc2ffff899
68c9051ae3ec279a55bbbe02,f2582d2e7c5b5849d7991eae2a6362ce87369919596566516506b2a49c591495
629908f053c65bae2e854e7c,4c045c3090495dfc0ceaba2aa82f472aa62590cb407c6c493b9376f20eb08632
6a6dc14ca8ff762f0dbc4b47,88e7af5471a8ece34a59b138d5ea932945c301d381c5f8ac0534717a05cf02b0
69bdb6c791996e05c023bc00,e7ebf7ada1745dfe851d4aa3b66a500fe6910bd3fa351a2ae058bcaa0f075b70
6a1fee2e91996e05c004ec32,182c261268b796150c8a833b14b70c1a57b337c049a69003bc5b78fef83b3e01
69bdbf8991996e05c0285a72,a1361e779374a3daada02004a647c63d0b0c29d2cc9668f2cd8fd5491be4db4f
6a1feeb591996e05c00771d4,fd2c7525c05d00748b361dd4b1895c87962358e06e856a677170eea5969fc3a1
67ea2740ab7e60756e794824,e47adc95a0c1fde34797bd85872663ce217e84072a3bfaa57f7356bb0a134d5e
65dc94afcf21b2948d82c96b,682a04fb1fb90b34fb4d82d2c8540080d1c7fd78ef6d9bee8e28ed3aef8753b3
69e0885591996e05c0e04904,8a58872998ce14aff6227349c2c911ee597a0fd4c36e0ea2cd99c7889b583b29
6a1fee6591996e05c005fb39,2b6f7b7fb18888bcd9810cefc97dc119305be7041c22e7231a7e445d286c4c43
6a1ff06991996e05c00f7eb6,4588619730e777d5989041f55d6725c88ae881c7afdbaeafc4a8c068447326df
64afe4a7cf21b2948d634848,b0cde61483e0206dfc09b455fdbf4f77fac27b0a170f49e995948fbcf343abc8
6a5f29fe91996e05c0de3a17,49036fe7622dc9e668b44a99cf0002f66d3ec33adb79e71652e740b0c36aee24
63cad1957bee9c5d5a6a4b25,018c4fdd8185dcb2d7c6e20138b86e176c0a16eacd7283ce58367c09708bf392
6a1ff03991996e05c00ea2d4,572c0eb240e4aa4a131b81191f70cfa4d9d74d814825a396fc3133587e9a7d88
6713597aab7e60756e01d2df,8065ceba7e9998b9d8dc3c5f815945703aff775155002a3be22f63ac0955589c
63cae1e87bee9c5d5a7570c4,7f516ae4d8570635e91eefc81d7efe23d0b2a3cb8b95caf1035912a1ff20b5a7
69d0bcd691996e05c09b8e66,9c0a6a002aeae8e027bb92dcb73bf4ba4549fd36dd9c258f2dfa07463b1dfcac
624eba627bee9c5d5a6488a8,a5f8bad52a6d3fc7294b8c6249fc85897d4d796808e2d284e7ff325ae31e2157
628f43307bee9c5d5a865775,be70aa61e53ec14ba90907a9080c1d1c1434cd197744f9e1c3173dc89036fe75
64afe49ecf21b2948d6329ea,7a309aa35fe041c97228a32b947ed64325959f02e60e6681ee34394df2fe6d1d
67134f7aab7e60756ef050ba,035f1227adc49194ec3aba13b81bc97eeaece6e73703f2fca8a0799294fe3a35
63cae5097bee9c5d5a76f3aa,9f78099e7983a01a7300504b06f5a6587240151243cf3c9aa7eb99c8b7208c0b
6294db237bee9c5d5a60c036,068165b915e1e1621db68e922acbd26e892e075cb2be80ff3fc83f7e83ebb2fe
6a1fec8e91996e05c0fceae1,a5ae152a28bd14e12df4d93837529d40c5098e85bca318a2b59f3435172e78cd
60630705d5cc3545904280b5,3c64619413d1c408716697146503132f2d5816596b4be713ab9af27930bd41e3
6294d9c47bee9c5d5a5f7b71,81880684235df641240c4de969b2a1a9eb1edf1e7a0177e9465e69737506e7f0
67ea2794ab7e60756e79d51c,a745cb852d9c2c02a6ac490764ebf21823750b5e0a980028a3aea332bdfca2d1
6a1feea891996e05c007307f,f9d6c6cc110e8116434b08903994a92cc842f82ea291cfe092bd98118529ec5d
682f1c44ab7e60756e312028,91e14975229ed783b049447abea98600ccce421ac1a569f8980564fff958d6e3
6298eda353c65bae2e767045,28d2f0909ba7f527bd9818d0c427b4e2d6705d41bc03e601e33b2aa234cc6e2e
6298ff8653c65bae2e8127e2,cf573896dce338228022d5a4fbae75c8a62a672d450683ce1338bf37d39f7605
6a1feca191996e05c0fd43f5,2a84a7847c9141f123ba76ab2be5f633ec882defe6d3f3b29f6faa595b72f9fa
64f00174cf21b2948dbe623a,14d61ed13bfb047195c0919adf2762ac77b5f3ba15356d33a548dbd29f0aa127
67ea3947ab7e60756e9925e4,e3d1179cbe001a537d3d1411b7c42e3e5a8577dba538708e674aebea55faf5d9
643d2ed37bee9c5d5adccc26,b0c3bc860f5cb76876719788179f9c1ab2c55c6a8c4a2edc52d1e418fe4606f3
65dcaf78cf21b2948dc4a74f,c6134a5073e2a37710e8e985fb81df2f68b2871a301f3cb61cd504168ed9d1f9
6a1fec7f91996e05c0fc99c5,6ec637c21c09b1246913a9d6035044f63ace52dd14a5b47793e1fed13c965e14
67ea27e7ab7e60756e7a54ac,d3d8331c1c3be1d8fc968f8c18db1ca14748573f1604a61feb2606bd6aef7a29
63cad2357bee9c5d5a6ae01a,463f2f9acbcb6531e3c3470cf1ad2c54f8bac3bb71af9d29b71d32943576ff30
65dcade9cf21b2948dc16466,d0654b00de814f5d73ffe8c43f98483a22755a4ec4e5c994a0657f52d9e94482
6a1feafa91996e05c0f4e101,83c45cccad75ca6d410d77eb20c497171a9bfc9cd5623063f007b8e2abaab548
6294dae77bee9c5d5a60804b,48cdc968c2f9f52cdd7f9eb189e8c46d7fb3c5a455bae4615e76fcd398a0280a
6299043653c65bae2e83613a,f4d78b5aaf6311edf1b94aa8e7ed25805853da7307cfd7642019a2c53f9f1cf0
6a1fec6791996e05c0fc213f,6b7a164593c9f20373f545378e25b8bdfa937e8886702732897e6e806872ec20
6a1fefee91996e05c00d43a0,c7fef40bb9c922e394513d925157907effe070a8c5e7244c8478a561b1a0bcb7
69d2034691996e05c037f505,2739d0bdb9c31c23e7c90f8f8152341dca0afbd71a928beca0e3ad9e3949842d
6a1ff03391996e05c00e8742,e47bc299a8a38e17acf28ceda3cdf48ab2b02e076e0f6ea73142f611cc42819f
6294d1f67bee9c5d5a55982a,4a6959664c38f1db047958d4ff9dec6a4ffc664730634fcd1c8408711a400341
68bece46e3ec279a558bd141,d58630959f4b6edd688786d45d4d965da9622fddd08749ae5dd11a50bc70db66
6294ded97bee9c5d5a645a5f,76dde9c9c89b04307cbfe4ee5e95f97aa1c1a91b179da099f3b92d3d1543d9eb
65df491fcf21b2948d6aa78a,eefe419f1d2add69c593ac90761f838c1fcc359b705ffc6023ef19e567ad1e24
6a1ff02491996e05c00e3fac,0489b58856f974804b59f88cc55d7247ba80fd4e32fc56c52d0c2a7b057122c2
60ab1538ee3b0993ea1c9a0d,62342940582e6d1ac028f199b6983dd634294b188c4430030d5c81498fad6c61
65dc650fcf21b2948d1a1bf2,a5bb7a1aa45164db5cc31647b3f451f015dabc70fe34d3723a55b3875cf66edd
69bdfe2091996e05c050bd26,3fd77823c6b12635696a308e13f0c637f9db348667e611785da77218a3ee13ce
67ea261cab7e60756e777f22,7b4c96cb18b7cb03aed574e8be137146adb12c4133207e8d4622705e03af1653
6a1ff02091996e05c00e2c50,e90d3a9073fc4be689282a83689a828be4d58276a7525b77285bcc054f62a7e8
68c90531e3ec279a55bbf800,28fccc39d397b4b53d4c965d2362ae0e3da49bcf425855d74bf029640c950c1e
6a1ff02a91996e05c00e5eb7,ea96cd709ff18f8b2d43e16fba05a4bfaf2f6bdd07b7a75891bc44f626fcd147
63caf3227bee9c5d5a8128ff,351aeebd7002ee016423c9940ee4da0b19dfde78795e5bbb761bf355e7282bfc
6a1fee1591996e05c004776b,0241f38c2c7f655f5cab5ad275e1c2ccb47c5f54b69ea8586a7320c96c320e78
68060744ab7e60756e48dd8e,41904e6d2b661526d3142ebf09694f79ad0004619936b6f1a7255858f5d3bb7d
67134f47ab7e60756eefa0ec,226a318b6ca7f86ea41293421c3441bc5ae0f020503a90d2dfb04007f957a4a4
63cad63b7bee9c5d5a6df807,57b7dbd5dca7d9589bb3bcbe86b35e7c0b8279a9c8ea2d6203bd4113d7544697
64f00178cf21b2948dbe778e,6ce713a7a7b1c479e25653e33cb9116386b3a5ffbb06abd98c47e8c6fd5606ea
65df14e4cf21b2948deb327b,0cd8decd082635e85004c365a5bb0efd5ec4e9175a782cfb37605a66ae4e7d04
6a1fecbc91996e05c0fdc3b1,8175e794609be942d3cd44f71a0d16faf50f376705f9353db9d779e3524d9ac3
6a1febb791996e05c0f8bddf,898bd156e9b7cd8c96117a6be81a36898fc8cdcfa5155d925ace167a0497e57b
6a1fec7791996e05c0fc6f80,0692d5e8793b4edc3e683d8e85c2b054e0b9f6df90bbc63aa2aadf76621528e3
67f115ccab7e60756ed838f5,bdd252c44b9bf01bac4853785ef9726d0ae1fb628d98fd8f28f1a23fec177b40
69bd7b6891996e05c0daf1a2,e9e92c40150735b4bc55f5311d0db530f67f798d9d884571716a141cdfe96de1
65df53e4cf21b2948d84b719,2f12275555ca67d20d6779d67b38c092734b2f8ef32cb6c35ceecca0f0ce5e48
65df22b9cf21b2948d0b3ea3,9b90a92c6b5a4d6a9ca20f1c0109dbf61adffef98137d34c993a6d13fb236111
6298e83453c65bae2e726b9e,c7456437d283cbb4a6ef793935634f86e6973a7ca092fa402edfd27cfa58b7eb
6a1fedd491996e05c003317c,1011935db94e06b7380b2f8ad729fffbb84cdbae2a9c44faca0168c16fd7596b
6a1fee4c91996e05c005815d,bf705c4c176a350a22e78d661a804b7e89093386b386ced4f23d8090c6f8f404
67135c0fab7e60756e0655df,b3ce15053b2f502c42b358904d8e738ec90b0a5a0ae58dd1f9dfad0840c0fb6b
67f61f3eab7e60756e6e6480,e1e1fa3373d674f5d1a2cbe40919abdf852cf1c1b9cd8e506cc0a4ddd3cefc93
6a5f353491996e05c001942a,6e1fb9dd8d7f90b7f9951892ea8eed18c8b1d80bdba5035cab3767617f43e582
6a1fee5b91996e05c005c76e,4f33b8c0f70c26432c442466ac0c02499ae47f03e95c478ac346dcefb500d8c9
6a1feec791996e05c007cbc8,d982a0f0a0ea884b71925432f019d03a8ddd1778cf6beed378292cf60942b120
6a1febec91996e05c0f9ced1,fab25b71e54d10c1eb79dcd503ac8233a8a4d513fe855449633d890a3ac997a0
671357dfab7e60756efdd991,c0e35e78aea3779f262be5106f27d4c9cfed61586507a99e23a5b7ff6f7cc1cd
641aeb057bee9c5d5a3b19bf,a9b2bff1ced9f01cd66e0bb0b53063e692b66d2181c42daedfc7462701e6b60a
6a5f2f5a91996e05c0ef6860,38bf44bf2b8e7e601b8e6daf4dc079bd6bbd994f247c7d9fbd014acf717c5cae
624416db7bee9c5d5aeca7ed,f6a9097f3a3cf811794bda83555d5caed7fa109d41014f97e33041179610b44f
628f3f1f7bee9c5d5a82f168,4d46cd6835593adc05bcf8cbb16c1c4833efdd80e4785178e0e3c3da2278d9d5
69d1f5dd91996e05c00a8d77,7a5704add2c2257e6d03a24f37d1a12e4f87f7213c2769de88769692c7c97930
60939750d5cc3545905ee62d,d51c950b4b0f6e7409fcf7bed41885d2bc325eeaaab2c7c6fc3e6a0de69fdd99
6a1fed8191996e05c001832f,883379eae050244907300927f415d135312541a07eabe00097d37d28528b693e
6a1fed9091996e05c001d060,9978084d183c90d10cb2ba7bb1fc65b44b7188cc6cb3cf4d3d7a02db1827f198
6298c81153c65bae2e54b817,b6c1b65f9ba1e361b279fb031fda01b427bafdfe28179bb456abffe7394aa1ba
69e0c63191996e05c088dbfe,d34407536baae0309c8e27108e3df9ff730db221adfae8477dd86914977f6c24
6294d8c17bee9c5d5a5e6e0b,22bbce27550b788caa2871e52cb25fdb351da3c98ce5e517240eb515c70306d3
6a1feb2991996e05c0f5cc81,ae8fd67a8cfe0a96f0f5ce674d0eef2ab6b864c05674d8bb1d5986957589c83b
65dcb261cf21b2948dca8971,409c0284ef12e0e67ba476fa82f93d4043f8db70d2613c5473560d57965fdaec
6a5f332c91996e05c0fb1b69,06063301dec8943750d69f17031a6675807470c55b399815f3d726a05688c6d1
6a1fed2791996e05c0ffc178,6d20eb6fe8744114403ee9095ed391e588c1470318f922497ce8fdc3c3d6badf
628f48257bee9c5d5a8a6751,6286ec9cf15832af2cef09c7b7913892d8f94622a464a60e19c4f71ef3934920
6a1fec8d91996e05c0fce57c,c8850742dbd5b9e45591151b5938a00e451e84eddb81087f9cc7fc7549860bb1
6a1fed6391996e05c000e3b2,1aa997eb26a71177e09b620e2c8abdb29643343c91fbefc42ab23426d6673931
65df1821cf21b2948df2972f,97c818f27284817270fac4fa294a21ca5b4254f3021eef17ad205d199cc494a7
67ee83f4ab7e60756ed6d0d6,6fa4ca224fb4beab5933848e9868fca0395d733b66c15fe74606286928afe22f
65dc7f6ccf21b2948d51ca68,3090be7b46f29868e3704a89991fdb24051b129a57794c8eee702113c5bae55d
65df51d1cf21b2948d7f9b4a,ddafe63f3cbc68273718b4fe9dac8676b78d3b99d2dc8930771bb9e3c74caa68
63caca0b7bee9c5d5a62dde7,4b9fc844a0c4279dfe467168fdb3a6e6582fd3d4b53e77033da5661dcd8e6a25
6a1fedfa91996e05c003eb9b,150e63164e3eec1296ec638485ef53dad8664ba6e4c3e380d37c8150fd88c3c0
622ae41b7bee9c5d5a946368,5d0a3be82346ae55359ed729ea37584a29731d349a1226b438d7084134725bdb
6299082853c65bae2e84f258,8421bd45ade1e27d40dfcd0b1e980bfb8784fefe8abe779268a64dbbcbd81500
65df2c2bcf21b2948d210282,5e97485b4b85be654f7c1bf8624b82adac3e9d425058364a8a9045529883fb2a
6a5f2c4391996e05c0e5c8aa,079aff8a877d1585d44b8f76576cfaeeac06c1d1d911e7bea83d9c4eef2ab5d9
67f62029ab7e60756e70ae3f,c4d5de9fb870b31eda3619ec4e89d1aada955899bc1455b4afc0762184c9787d
6a5f25e091996e05c0d0721f,ce194f878e7cec1ce94727fa5b72b2421a63228f5f2a4d5aee7f1d224fd8c21e
67f11628ab7e60756ed8d17c,59f136c788027bdbebd3b9b1fe4844d71405e40d3afe9c7feafa11087560d2f4
641aeebc7bee9c5d5a41ce3c,03372dffce4c3e32393ae342a973be79f0736c0d38b38ab573370d144267ae82
6a1fed0c91996e05c0ff445f,3022283f876911202f2b45003c3773b669d2d18fd4ac03178bdff23ba3ab7fed
65df543ccf21b2948d8623b7,cc70550663047a87a59c6417bc8285a7523a28cdaad401ccd849f8c93d4ff955
6a1feeb291996e05c00765d0,3a5a11f04e02ed083555fe616fb0fa87e186870db134724b984858099d1e609d
65def8a4cf21b2948db4902f,88b4c7270c699423ab465504d80f9bad01261e31f8812661b292423e2dfc100d
65dc7990cf21b2948d449af1,fb754be387fe7e09d3dcabbb1e05a942fd4bdcdec3897c8138454d105c0133c6
6a1fef7091996e05c00aedb9,284574365f84f3845eaeec0120167306f465dab1cc5027d9f4783d8becc89faa
6a1fef5b91996e05c00a8f00,ea6936fb360372381a03fa6c2506050f2e96ddd649216842a2ce547998645765
69bd53f991996e05c068fa69,33729c60a6195d3e8f18d637991fff545e54697617db05a064dc8233bf4bd975
67e5577dab7e60756ec66432,5aac3dfd63c3e0353c2061005a765a08bd601d89acbc8850a7c763dfabe57523
686663b3e3ec279a553daf8b,8d8e49e5d9a49cfc3bcfaa8bff2e4f5a52d328eff6e5139fa438082fc286c372
65dcad16cf21b2948dbf5caa,f4fdb1e4f62205ef49b85c656ea3cc7fe86ac87282a86eb014975e84369d66d4
6229cb747bee9c5d5a398e55,e6e2ecb9cf17c2d86ca01aeddc7ef840458f383ee0c69d5356dd75f7a29e5d06
69d0b6de91996e05c084ce6a,4c8f9a9544bd72d27a808319907051d3f2f1989dd3dda7c01816c7a33ac0c896
69bd4d0f91996e05c048388b,8f735e40d10cdf0fcb0b93f1982424a65991a684032c66f27f33b0028cc014ab
64afe4b0cf21b2948d639c36,fc3b8d3087de3677169ddcc574006e785099945a6ea3b95a5adf1c8c6035d724
6a1ff11391996e05c012918d,c9674f6c0315e004bfebe8e528230699f0cb124bdb6fc639ade37caa5b374498
629912b753c65bae2e88eda7,b8ad7c4dacb48e5a91a0dfa83f14d6c48b0d6bcb6d9d0159c0ff80c6302cd9ce
6a1fedd291996e05c00326f2,70f0784a40446c91dc863e33c01dd4e6938d7d1f115360d296216bdc6e58cd33
6a1fec3391996e05c0fb2d3f,b0d507bb97cbef72047f54113ff55fffe28a236fb942740ca6338e14e08b02a9
63cae13e7bee9c5d5a7509ff,45a2123178d5417e2f7ae7897cb64c28bf9bd7a9861fcf7c0907a17116c79cb6
6a1fecc791996e05c0fdfcfb,ec9e9046bdecdc9a4a4804496261149a018f6b9f0977ce6fc426dc076c8bf54b
6a1fed7691996e05c0014b01,3e210b22f25063bfb2460a08783703cea138e28e754b275c7c4a41c6fd6238a7
67135865ab7e60756eff9cf7,010f28d3ab899e0aaa3cd2f2e3153a46c74ba0b0b8b3d4134d72a4b4484a8e35
6a1fec0291996e05c0fa3edc,251351511f3de89a10d8565677bd07aa079960278c191ac85334ce3b98da19dd
64afe44acf21b2948d624dea,75767d65b02bb2e58c1acad171d5cc5057b4c826323b1da315bedb448aecd3ff
64e48634cf21b2948d084d7d,3583147110f0f2235232ded6e29e78e21362e4646de01d0b9cf8ebc841994bed
6a1fed6991996e05c00107c1,7a0ba4ee2cf84e74464e3ab7588ded099de18288a24e91b050217acfca2b8066
69cfb9b091996e05c050880a,25805783bc7810826c4478d09acde1be3b6cd122283202ecc9350a655870bdf4
6a1fede291996e05c0037076,2956d3b3286b134a9eb155d2e1a1b22a025f044056fd84d99c0d2eea62c8be3b
6298f16253c65bae2e79272d,d25ac23ab22fa8ba9cd69cefeba9f861b4ff6f14e60c155e0fa9719a7f288da1
69e0794991996e05c0a892ae,fca0c7448c03d6cc1663def363011ce33cdbfa2b8aaef4fa3706c5571b236eb2
608d25a6d5cc3545908768f6,8d9acc0a8bee6c196fce8593668fba67f930b414ee663f1764a23256c57bf290
6a1fecab91996e05c0fd75cc,f1c54cd3fef8fe070298373a4a57c3a50f435223193a8b7c576bce2ef0269c9f
6a1ff02891996e05c00e51bc,df16ac91bcd9c8cb75478f6474ee7e7544e07c1b1490db41057099f7e1e2944a
6a1feb5891996e05c0f6c3ee,5d6fcf9921572010a60365957fc364d449b19cca0425ce2b69d86973ae07efd0
6a1fef5591996e05c00a6df1,6fb813588d2de97be20f2eb05f602df1513a0f49cd0036d573fc70128fdffee7
6a1fefeb91996e05c00d3023,badabd6491d4ff59bcdb0a0d0b886f9fc07991b3880cd78ba41af3acb0778ff5
67135c31ab7e60756e06c894,5d014e697a47da35aa8d4a717cb057b7041ce255db58b713d0d7791242f8b622
62990c0053c65bae2e867189,2a284e0544651ae5cfe4e868dfdde8e0935f0ab40d48b869b73bd12585fbaf2a
628f3d8e7bee9c5d5a81c42a,736c09ff76c183db1b9cb14fe6853e38856228c49b5e99922ebf4c80e626dfd9
6a1ff04191996e05c00ec875,9cb614053cf13e401ba90a552bc342bc6ad0c7edb272a2f632da2d0032e248a3
69bd4ff191996e05c056dbc3,5f6ce0886a375fd7d1e172c3de13795a492d9b7e406cc2d915bff70648b3792b
671350a5ab7e60756ef25218,d6ee42fe5087ddb32dc696260f5ce180f4b588dad7a086944300dfed07e8288a
61c9c0ba813bb28a90f9c4cc,a1805cd1987eee1ec1b20b66d89ef02d557cfec281c6aa4ed26feedcb7fbc6d4
6a5f33cd91996e05c0fd3b56,275963acdf478bb7a80c21556749b5b7769647158d818c037d6b03048101b078
608ce732d5cc354590782c6b,186e11ea96af1b2e1b7bcadf5f9824b0997aed098cb14d5b98e3e108a6c6c989
67135824ab7e60756efec182,3a887abe3b4f53fb7cd0def2b8efe13289db0953e66a9f66ba1898410fd89a20
6a1fed2f91996e05c0ffea2c,572e0e252a9935fe5e6a120f6abcb8f26256c95b1c15dc4adbc3eb7e48502445
65dcaad4cf21b2948db9f5c7,66ed87c3fbf46a3153acb0a70c6a5346759490fdf1701b2aea85030b68125272
68527a8aab7e60756ef76dff,b680ff37548fef80b26a6c25fc7e6e62d8d56490002a2e6fd67fcd184eccf09d
673c558fab7e60756ea8e291,0a48c840d50d742b04c47bbc42329b5c79af8dca7452cb4052f5036f89b97623
641aebeb7bee9c5d5a3ca89c,bf20526a41a35501f988b46646f501075f4fd1f4204a1a90650802e3970ac026
6a1ff06091996e05c00f570b,71301ca76c1e0ea641201cd8311fd7800d9acbbc09d051f2620da3930c66b8ff
6a1fee5691996e05c005b507,d79689a6168b1df23d6183eeae364216ca51d1e3b45900d6ccddf1696e79056e
64afe6a9cf21b2948d6941d6,97aab7e733b11267890ffb80cf8560c2544d37ddaf1a55e31cfbbd0f2fa794a3
69e1426e91996e05c090c34d,de9697d22f2f490ca1178e5b862c9975f6b40482b05ff7dd018a38da408c4c95
6a1fed9c91996e05c0020a32,25a8a73185a07955ea4a3605c12a595543ec477d4ba35a551a6a763d03f225ac
6a1ff06691996e05c00f735e,d6540e3af5af2d78bf10edf6daa50510cb871fe9d3d405a0d05bf95589da1067
6294dbeb7bee9c5d5a619889,6968ad5c3b0cd2e92d5eb7bc59626e06fb90a23e3338bed9b1efee25c5b4678c
6294e3617bee9c5d5a68d2b6,22117c41ac621be3194f0c09d6566804c80e5b6e27f54aeb9fb1909d2ca2cb1e
6a1feca891996e05c0fd6720,d0d9e7f4684e0e9423f598ecaeb0662922fb75747f22426fefaab9ccf747349e
67135983ab7e60756e01eecb,c5a2ed30e82851d44549b9be46b50a1c83a118420061b1df7decfcd3c9157504
63cad02d7bee9c5d5a68f79f,be3f94f03c4d03549de2556cf6ea52629faf05382026109660894adde5d10189
6a1fea2391996e05c0f0720e,5de78a38c5496732e991183b4c49635b5c74a39f0ecd3c3eb3541e2290650352
6a1ff02391996e05c00e3e0b,049c0de18a8c2a8086af92ae1b545702f3688cb1027bf0c1da3c92c60fee7290
624d862c7bee9c5d5adfa8ee,a9bed2b894b4892f6360c7dac19f55453b6f3e2cf67e9dd7f7b5ef4c4ea309d6
63cabf887bee9c5d5a56a7f4,25cdf954f94a725dd016d48eef0dcb0c5bdc125a69dbbf21c20be2beb7c5ddb7
65dcaa0ccf21b2948db83373,c915631ad0873e4ea3d041c4dffe50aede4f9a2f69e34c4f79ef73503c88a18a
62991e8353c65bae2e8caac9,98416f5fe931b23fcbc302fc3d342ca8acd7d2da9a2b35568df30ffcc5e878a5
67135cb7ab7e60756e07d509,8cf3b4ae8bcea0c64d5577a285d7ccebb3c9d43513e2ee451af28a3eac25853f
6298c78c53c65bae2e543d23,760cbd7566996da211eacf9f1aae2a7737f1c627acd605e9133ef2955223501a
64afe447cf21b2948d623caf,8479aa09c85c297fe9bfbc65c7ff38cbb54637cb8fc3c06f19c91ce88dc9f7f0
6298f9db53c65bae2e7e183c,13cd1a1d2b8e46f37adf0f9e2e49e2953bb29f8c9cad769084cb9217dac02399
6a5f276f91996e05c0d5a369,6dc59db4170a7f7f7d804dd29f0ae8c16f443180d03f5433b2229b7f4cf3d611
6a1de8cf91996e05c0075c3b,be07eb64590ff2ea744a45ae6e3afd234ca11c4cbc0ea4899c0e7aaa9e992f6c
6a1fecdf91996e05c0fe6d5f,11f40a0d7f6fbd1b8aeb3a01d0c28d805f484e0d34a50570e2ac1803cee7d5a9
65df46f0cf21b2948d655a89,4e8ab66ce96cbfd8e6b6b2660ec05863fb3f8bc92dfea1449c62a882bd9265f3
6a1fee2291996e05c004b5f7,d0be45bdd986afe2fa652df6dc97a8772e39e303f19b6ab83e21f9afa2f3a1cf
67135981ab7e60756e01eaf5,2ce841125f542bc2268c8241e3c63027451055ab78c9634dd67cb8358a738157
62b5999b53c65bae2e4b9e94,12ffa7afc1a5f429074525321de5c16e128094b614dbcade471e3c21d56c0a90
69d0bd0491996e05c09c32c0,66047668489106c7aaa28d87232e4a9c79e22d50739fec74c77f4e2fe9b19b6c
67efda4bab7e60756ea9598f,954d0e19062585fc8a443402c1db2deae2ac66b603b8f10b6feb91c4c2328313
6a1fed3591996e05c0000631,2ff2bc704e8d9515c5b65366c4b53e41b6c20f28223deeebd5b8c885be4f5262
6a1fef3291996e05c009d06c,cea88accbba34a9f2e857ab68c42c8de2c685913c53957851272e1b0496c3dde
64be45e4cf21b2948d0fa726,bb66f279a334de1b904269279032f34a7de7f8c29c50329d0814db33be5c0398
641aec1d7bee9c5d5a3cfffc,8d18ef4b93a3ca79d290236481a609868b7cb3d19c42e917213ec4e45083fca4
6a1feec891996e05c007cfd1,43fa55abb5f938081c69ed8fbee2dffac22448f0f53ee1c495ec57467d910797
69d0bd8791996e05c09e172e,519dccbfe0623d762f4b07f09d9ebd11e90e5a41796d7835f36c455b085687ac
63cad3397bee9c5d5a6bb929,dfdddfef75eb8d55778102337e82c0ab87aeb4c43fb8599680790ed89f4b03c0
69dfbfdc91996e05c0bd29f7,262092e13fb314bb83f6fa7861322c0f1d05efe51c3346f714e7ba345ebeebeb
65df547dcf21b2948d8751ff,4d201b6164d9e4aa59c667a6016549ecea1cd690be1d832a42dccade1a285a07
63cae0e57bee9c5d5a74dd62,c8b3914b523addb76cf27476fcb8a63dd5a87d239497d3c9122c1953cf9483d8
6a1fec5a91996e05c0fbea42,49a133c39b83b009920c338fb91d205f17eff797f00f15c83a47333e08dc1f83
6298cfe753c65bae2e5c4040,2eb9d0cccaca52886110c55fca1b97c18a9f77c043daf7c58784965cac9ebc50
6a1e12d091996e05c025d2fa,3cd5083b82ed9765cf5bf36a9f612b5a5b6bb2786b8e3dd8920a19b4258c9ad8
682d7db8ab7e60756e798322,508ad66b3b44a3c63a9d2ebaaaa5d86e4fac28425a72b146c16d4bd76b9870c9
6294d1057bee9c5d5a542dca,8681be4cf845f0d7e6178041040926daad709dbd66579b688ea1ff41630ad340
65dcadd5cf21b2948dc132dd,c6ace5d7fb44bae3e6bc0770cff8d0228d27a0e669d7c2391957594053b5d0e6
6a1fecc291996e05c0fde3d7,4d1094498d3cbf1dc3054a102592e6cd3aaa8d59fd0df7f55f32eeedd475792f
6a1fefe191996e05c00d0807,37379e12e11870d9fe12dc22f9453a82e44d7cd4cc20bbbf53b3c100305e541c
67ee8423ab7e60756ed76c10,2c1a6fbbe529d2f953dc1f28930f44177fd2114dbd9ede62aee71113d63c30a1
6114e74cee3b0993eaea0701,12e8dacd5bda2298e51ffca58a4df6aa763405ae95280c4ba656d5f810863fc5
6a1fecd491996e05c0fe3b10,6be980c5dc464439d399681dcaaeca5b116c8df4d7ca30b6794b6a243325afb2
64afe4b0cf21b2948d6396c9,6974c8378c698914f764f2adfe6cfe1c9ce13e1e3b798c2c5ffb03b9ec478415
641aecbd7bee9c5d5a3e1c47,0cd279749f7fdad5e3dc82851b5f0e7d5adc16cd1e5b6ce351bd583390183c46
641ae7ab7bee9c5d5a3576cb,80099f5988216541169e22e7b42378601aad74569d7fbbc348f9a41e5685a0f3
67f117e4ab7e60756edba5a3,dcf0f9b689143f38fcb93f5a0e201d8db3e4866e8b0708bd023c5d1c7a882c06
6a1feae491996e05c0f47281,b5424029b80baf7b016bdd56aabe027cdadcdeaec5cafed3fbc194c4f61a3661
6a1feee491996e05c0085946,b649552ecd8931a7a04c8b846ab884ab2fe6b06ff2554d8ffb52e453fc5b11ce
6a5f29a291996e05c0dd030a,30cc7390ca075e8c826f2b71dd3c9a023df668604c8b43b2420206b425d25c36
65df363ecf21b2948d3a22e1,47086070cbeb2bf85c30ad37cb65f3ecc3aafbb41f6e9ed53ce583c160c5a9c9
6a1e6bb691996e05c0e23159,c16bf97cb17ad6449c003dadddf4340cf8df1c9707dc8e4c77078019e001eb76
6a5f334e91996e05c0fb89de,0f9312c2b9e5ee6c31aae1ad52781a2d138759cd7717aac32d9d4baae1c234e5
69bdb80891996e05c02471b7,93baf6d6bfa144485fdd589c08e1f99e6f5195ce2597e956c86fd295b1d65ddb
6a1feee691996e05c0085fad,bee69d7354c4659fafe01078d9f8d6ca55489515b162f5c3c707fd5fc18b2026
6a1fe94991996e05c0ebb600,3f66719fe63071823a3b205e29d21681126b53cfaede1e34f34df4d058126c83
69e13b7291996e05c088baf4,699803b74846dccf02960adc9d79863f792512829020c8a168f48be7539e608b
6299208153c65bae2e8d3190,e0efbe4107035661691653c3561db46faf6c58306387a1c60bdac1f79ce83ed2
65dcaf2acf21b2948dc40fcd,ba9e9748cbdcc3b56769af027719decd0562a25fa3dec747f11b2419c6b02b09
69d207e591996e05c045daf6,7e84afede1eb7830f5c01810bcbf3823c5d91ac06951fd3625dc14ded8b5edba
6007915c7e23857eea41135a,fb6ce2977bf9da3f93c0d4ae3a08e4ae22ab201244ef651e64d0c91cc8bd0dd2
6a1fec4c91996e05c0fbaa33,2c5dae4a8050b6893f2f9cff6f02d84ef26496a2d441a5546d7add00e09296ba
6294dc807bee9c5d5a622846,eb552a1b33b947f4d0e2eff0ae94962a555123a9c0191eedf2cc261dadb33ac8
69cfb6dc91996e05c045069a,90c5b6fc68dfbab804493f47d6c69977f28493841c17c38f7cade6e9731b1b48
64be45d6cf21b2948d0f624b,8334978bcd9ce832b57de25f4534c8bcc9529841c0be1c886718335f5ae39f20
67d52710ab7e60756e1a7af8,e55ee13eed9aeec9f99e3a6e32283ed034f1bbff9eb9bc8877be4298624be1d4
6a1febaf91996e05c0f89423,30173d6346d95b93efe85aefab989424bd379a34c94c5fa2df1df8f9d228fef9
68594891e3ec279a551d0510,b16ccad3f4cefe8b180f3775a80f6e9d861170910b8bb08be4c2f3df19e847ba
69bdb7cb91996e05c0244db9,e70da4aa6538c81ccd1555288b628d0c4f0632a388e48f5e774f74666f557538
6a04a77b91996e05c0f0dc26,c7d98e10c1967d7132e0d58142eda7bf73eaaf14251d06258741cda1092d0ade
67efdbbeab7e60756eac913c,e0f6c77fbd2a3d55a3e15e61e5ab733699c8ef6dcf00467c3193654a9ad927fa
6a1feeda91996e05c00828e2,3f0045a1197425a4136b526a3976d0a87e15e97524ec847fb3b662500dc4660f
69d01a5091996e05c058372e,ee420a566cb71873c54698ffc660d02bb3b86bb914339ad9b33d94d239372a54
64afe54acf21b2948d65e83a,89af9b7ffcfbee6b176ff7d36dfbeb70e27026aade9a28221ae010b401772a80
65dcb1fbcf21b2948dc9c578,fc43460ab98d1fb8b506e18a33cac6757f7a59f0c66ec312c14a7a660683a5cd
628f3a837bee9c5d5a7f85a5,243655cbca3af109f7b6027d109571dbb6f829fd00d127ce2ba9eb66c6244afb
69e08b5d91996e05c0eb1c24,fec5e335b04246dedaf7d3fc243c2901331747921f8351548ddf744f642721eb
69d0a32a91996e05c02f1b9c,9e6db287e2f00405c33d7aebb4feb62e749bea346a9063879aa3b56828b23b42
69bd6d1391996e05c0b9e1e3,c7f29187149796f3fd9c8ba0ccac2706f9723542c94cbec359754bca29bb63cf
6a1fed4c91996e05c00071c3,288f85c158c32393f63e37047f8b8199a198438fffa4597d1d5d255c8779df02
610be236ee3b0993ea34acce,57223e30617c144aa3a8d683bc1b539f3a7c2b3ff845d4f3d915021bf2bdad19
6a5f32dd91996e05c0fa25c0,f9462b17988769843978d5c25c564ee206f5bfd93ceb686a97c7e623066b1413
6a1fef7491996e05c00afe48,9b88a5d24985122d59de7de1fa2666148e2ab29f52f8278a237acaa7b4f97291
6a1fedc291996e05c002d5c6,de137b47b1f478d63cf3f373e5c681f007a0a5b50a55934df72bd1f602589953
6a1fecc291996e05c0fde5d8,6c3fd0ef0a4af71a04675d362ffefbd5fa255cfbb46e1892d799c88ab406c39e
65dcad25cf21b2948dbf7f7a,e5c5d0234f7032015620e89f7edb6a296d09b0a4fdb6274e570179516bbe8e73
6720d976ab7e60756e7a08da,d74c7394fe91cd59693e5199a49630f63e17934c0cc79b80dabf210213870694
6a1fee6591996e05c005f803,6a846e431eb469452ed62481bd5453fa9fa696e4514aaabcc48454cf7d621701
69e8be4f91996e05c0ff7ede,368d83c0ef7c0cd190c1d3c4aa2536b02ed3932844e73adb3b5ec48c99edb8cd
6a5f30a891996e05c0f33f48,7852bd4babd284ff46b950b2dec27dd350cfb41e13405ccf93d8e386a2e696aa
67efd992ab7e60756ea7c242,46e1cc1e33783c96c67a675422bdb97fe895379e82c9be5400628a46129f55c8
69d0be1a91996e05c0a037cf,375dc349c1161209d8a4693d20c9b2e2537ce8f148f362e20dc3f3543e183023
6a295c4591996e05c0a5100f,747b2b9a525b0575f8bdf828efc6e4a0777573a8006f3bf19b283c3a06c90a4d
69bd6fd291996e05c0c0a8b5,dfcd51f95efb04e646ad12aecd5cc444a772d4f4a8d294eace75e1aecb7b31e6
66978539ab7e60756ee9da64,8d265e554a02eb662022e1d17a0efb76afb63e685cc9b81477e7a86b687bc5ea
6a1feccf91996e05c0fe2309,f49afbe51419b2d393202390f2eb5212be52b4e37fda127c98ce898cc1b253a7
69d0128391996e05c04febac,c128bd943858c92365404b9443f91e489518b112b6c945655294e820c761c15d
6a5f31ef91996e05c0f7485d,bba4b477cb3e8dedd7b2275c66330d7a2640632aab13935ae93e60d340ddcab5
65df4283cf21b2948d59eff4,53927b556236b557a73460f7c1c6fd3378392f70c5df6414e02931c64cd05d90
6a1fee5e91996e05c005da0c,96a70b6375db188490648fbacaca6019b4ee4b24ac398b383c5490c61b3fcd38
68c905b2e3ec279a55bd3dec,c34f1d7feb285ccf1f3a753a6677e1128e354bcea7aabec4be03379b45188df2
64afe4a0cf21b2948d632d6b,2afabeb2ccfb932d3393b3d32b23c43ad5a6f2c75dffcaedd8254041def23879
65df15b3cf21b2948ded163b,58dd8a8da7446b66b1e59c3fda70633c080926c68f5f430e4bbbe4fea771c0c0
622739c57bee9c5d5a427aa7,490cef6dc21c36aab431def3204acbe3121910f25af335a0fec0c0bd9c87c0d3
6a1feff891996e05c00d77fc,ed7fbc46f51cab03477589330af82c56cca6a10b1736c80542063d49a7f46caa
65df4868cf21b2948d690ffc,e24f758a57070c5ac30dfd5d0eb3e84c0c9d894bb7df90b9d336da970e294207
6294d2e57bee9c5d5a56e381,4fc60736df3c0d1c0f04adebe81ab4bb610569d308227b660b604000405c7959
6a15945c91996e05c0695186,636b2fef7c2efec18c8c8649f6f66d6277991beaa0a522ebeb4938cb3a2bc9e4
65dcad16cf21b2948dbf5c0a,2427a2a73a09d530a4a9be0d1f97b56d4c57d318b652de4e1c5f91e8c6082ac5
6a1fedd291996e05c00324f1,dff42c25ab8f0c4299a11a631dd25ded235720d43ad49e1e741f7298c8b4edc3
64afe4abcf21b2948d636f17,4b229bb9c8a0f1a7ea3d60739fd420b8ff618996d1fcedcc485cffcb1b125e7b
6a1fed9391996e05c001e031,f6c9bcbde2d583074351ca524ecc1da56cf95058f9d50eae4f1953aa828e40ec
67fcb6a4ab7e60756ed4c13a,a6aef63195374765868e9cf90ebd553ea33fbe204ae86bd4da6b0a382eed2ff5
6a1fee1291996e05c00469a7,829bfc21f201df54617c7993e4b665d944be2d418443968762d7332b4a7b5497
5fca27aa7e23857eea35d238,4ac2012296c5f766779849737648f1e223edb1079cbf3b9ea03944d2828babe0
6284c1627bee9c5d5a353584,1d123a701d6b379f284554a8ba05e40dabceb3b4cb0d3d957d074e15d3178a82
6a1ff0ab91996e05c010bf8b,009b6dbefe420035875c68b0be8406dd279f7572b5cd4b5d0bae24558d8f7b30
6a1fefd991996e05c00ce033,9c7f043ed19107d44f11b40b3c27590c6f84bd5a73cda4227a9ecc29f43865f8
67134f29ab7e60756eef3214,c386c0f38759b40e6c64a8f30e68988fd81d49f8355d07cc9241a573d6b44fdd
6294d8d57bee9c5d5a5e8696,ccc55a10d1171bc2f5c756bb9efa813c9339a936a13deb473a973db4287c989e
6298e86653c65bae2e7292a1,da1e694682ddd3fadda0f1436e5bf7e8e116727da50ba48e128c129c8ebebfe5
6a1feffc91996e05c00d8bc7,de23900264f2c165c5c8db040992b1c98a0301d33eefe6a662168f0cbbb100cb
6299153953c65bae2e89cae5,16b65d45adebec370db12fa6b3c8b2543b084a150d52c45fe1a154ec4924d50a
6a1fed7691996e05c001490a,07ad600da062b022ff3f1f94fe46a8a5afd07fcfb17bb5da605323b17bf78932
671357c1ab7e60756efd7608,d2ff0d55393ee4c9281bde7808804688b6459373a047036c4d36fbccdca2880f
67efdc6cab7e60756eae04d0,c45a710122cf7faca89e77e4c61f190fd313bcd863cfadfc508b8b9ca2364a22
65dca770cf21b2948db24546,687b853fcc53b0a8b8a15c020c8ed7daa0923037e70fde6149491774d46e0388
629904a353c65bae2e839464,3d41003c9aa58fdaa54cb67bd6e71e67f68cd7c93f7eedfeddefb63f488e1292
6a1fee9a91996e05c006eccc,7aaeb3f0ccb8f7c593c7c16ff3dcacb782ef00cc2d5f58bd07bfd368e454b3e1
6a1feddf91996e05c0036122,0a7298bd9a9214590b7d4afdec00ab388ff28c65a695765ce488c996ba5d4a62
6874e9cee3ec279a55e523d6,1af16d0cf02caa206cec7a7c3d9682e8fb49cc1932ba2de0f14d89714b0844a1
69df9d9891996e05c06a7947,367e43a8d76de2abdcab52d4c4476eff764acd547e9f37d6eb5fe134152b0d47
63cafe947bee9c5d5a846029,7ee1dd81ac5934999f23ed13259131f1f9d58d74566e17db100fdcbcb6c9ba24
6a1fee9d91996e05c006f9b9,0cb1607a02e4f15cef82d85c63cd0433949507217ec0066079742c7cd99227e3
6a5f2a9a91996e05c0e04c79,6d3179b8044e7812016aef5edea0257839f637a1a4d5cc7fb9950a1471b7e019
64e48608cf21b2948d0766d9,6054f9329370d2246d56afb58ed1c7c605dc137f7a7a1aeb7b3221c2edefac05
6294dd347bee9c5d5a62cc3f,f32ce88038a306eb034d3690764ce98e806118cac158a0d39ce049049a8fc5fc
6a1ff0e191996e05c011affe,4e11d6d2f656207f288d96a41e34f14526d8d9a332f458dc747615737a750783
62413a0c7bee9c5d5acc2ea2,067327cc2f5d0b17d5fee4078aa050587203779600716eca09f5ff0a5d859491
68638abce3ec279a556068fd,cdfde0e1624767a159ba0c9b14139a7d18d85aab5d63065bd2b28ef36d36c5a3
6a2fdab791996e05c065325c,4c0813a969858efc9c5945877fa067a647175e5fcb5e7103fb2e7abcfbf1fcbe
69d1f70591996e05c00f17b6,4e8cbd5a68c170b9d4f4fbe705113091b8004db40971e3525034dbbe80f05156
62e8e3897bee9c5d5ab6a628,75ee21c39f8d827444bf2a9b574d4aaa4b46cdcce8d191492da11b9fba224c11
68527a3cab7e60756ef6aa49,c98de1f8766851c9af7f2bb507d53c45dc8fa64bbae154cd4679c63a1a7cdfa3
6a1fee0791996e05c00431c4,4e928df18c8c9a1683b41cc266381dacf879f357475d06bcd15e667cfad9815d
6a1feb3291996e05c0f5f5e8,cec1de5070042253651eb45c9495d80c56cd506c8c59f937a00f44585e9c4fb0
63189a217bee9c5d5ac1c407,01b95351f0fe06f8d607af845236b8af3c9bf06a9c20631a5d7054ae5335e9c7
629915d853c65bae2e8a019c,9bdbdcb98f78f2102609170b85679a319c2010161d0f8e7269d5fa0037cbf4b7
65df2cf3cf21b2948d22e6a9,4109b9eacbad401ecf7c861b5d0773488759207a2e98a2ee597df40b7efa0e45
64be45decf21b2948d0f8964,8b9adaffe17ce0a786adbb3d3f6e302a6ef055dec0b583fa9de87f5cf2b987a6
69bd9f5791996e05c0105618,136bac90ec20ef3306751dea5672c5081c75a365d70b259796dfbe85875f28c9
628f406a7bee9c5d5a83f940,cf2596c07602693034ac4dd51d21fd6141769685572a2403d399be055f81e7e9
628f44ac7bee9c5d5a879eb8,22f2a620af8c012eaae0437792347cf1a0afee09fb8aa4169e6b89f1e885b648
64afe4a6cf21b2948d634565,f6b22ca4ebba0fc69f80db78431ce68f7ec0ebe6b6a0a35e2fd011308365b625
6a1fefdd91996e05c00cf333,29293117980fbab3c0199a1d60937625ef082ac1524600480f6ea97a8d21ac99
64afe54ccf21b2948d65f1ec,806802bf8d8912997408162a6363c2607827fbe4b2671fa65d68910a15b8f337
6a1fefab91996e05c00bfd06,dbc1e7625291e04ef97ca8de014bf3830d6af58b1b3e1883546173c8fad0b63c
6a1fee3a91996e05c00527bd,b47a6daffb959a1922d4464e915975c1de42905e6e205abe0a911cd45b1dd392
629919ca53c65bae2e8b4148,ae0e58090845841736a129fc10ea31bcbafd8c6402bbdc9ae7f8640aaa794986
641aedf37bee9c5d5a406e9a,69930f30fa04b5775b4878079b93b86a98bf83b4df803e22d1ab90aa8426b827
6a1fec5691996e05c0fbd864,73fbece3897ac3fa50f764736e7e2b0774ce040ee4308e7ed7feb800d6f6c483
629903d153c65bae2e8332da,a2d1acf50391d426ad781226eff91cfe1192f0a3d0996646c9b80a83fd2027a8
6a1fee2a91996e05c004d8e4,812f664a5ab1c27ca1e99d91e3d7c0526686e75a03369ba43c8d73fcd6804a4c
67efbafaab7e60756e7086d3,ca9881069fcb1666a02ec5f968469b918f753aff94fe8602a2287bb905064d72
67ea2621ab7e60756e77866a,0008774dfeb982f9cf79ad0e912e3d238612bcb46e436d2053447654db7df59f
6a5f349291996e05c0ff95e4,4e9ab2e7447dd7cdeca629f9a6faf4ebd3bec2761ecccccc7ca2e346c79120b9
63c2c88b7bee9c5d5a1c6a73,3cdd4b4e667c9afbc81cc26ee4f3712861090b66dbb73d52e8400d9910e26d6e
68becea3e3ec279a558cb47a,44abbb5fc7521be992edeb56d780be2e9aeb00d42d131a0e0c2716393440d7b7
67ea393dab7e60756e990b42,d897ec652bc547d0ff1584904cd5ecd8cb8bf66cabfe16749c873a17e6932e3d
64afe3a8cf21b2948d60b621,0d2f6504c3c53339cb5a4d800deefb8a0555eb71a432c063bc0a859456d08af9
65dca938cf21b2948db65d8c,086cbb57e53153261a87e0069501a8765becb2abe215c4dc6075b03b93d686f4
69e6109191996e05c0b27502,2d75592878b5a57acb271d9b30d076267e8fdbc7755d6bd3bfb84b932b34d6cc
6a1feebd91996e05c0079900,5090e4f8162da7812260050b59832e331e91f9304b15adf892f0415ab734c5d7
6294e37f7bee9c5d5a68f1c4,ca22b673bbebb66568c9dd36c264a0d4816ec712c90bf0503c9faabb93ed6d59
6a1fedd691996e05c0033f65,5a810b3b64ecfd5ffe2a51c7c696c4e90a38196ba4d93dac5f6ebe27354e0e85
5ee31ac516d97489fef06d86,0b752906b8dc8472b85bd4f67e5729e1366e9be51053b63352a3ec67f8e32292
6a1fee9b91996e05c006eebe,38e36dff20587234ad68eb80fa73890d766be37c2bc5b99091fce53fa1c37679
6299055753c65bae2e83dcfa,206e5d73566b0c3960bf0924dd1b50c3789eb108de05c689075a3ecab513307b
6a1ff09091996e05c01036b1,3f4bc773917e3260d9cf59582b519bd28c90b87af451b52f37df08d6738fa30c
65dc7c75cf21b2948d4aafea,b8cc8af76f8c7a25ba3995f20ddf8ce6bec0a643f34ca53e9f74e560821c9030
6298da4b53c65bae2e65d208,8e35ad5d4467a5a2c4ede06da58a11ef2f28de311e536f6f6872b3decddc8260
641aece57bee9c5d5a3e679c,ccd1e617e7d98ea7c61122e3b13e8be971a55b2a0697163a63bbaf7978fbe334
6a1fef3d91996e05c00a01c3,398eb675a03b2c6d08ea4bd71eba19499da5882351e4af37252efe20b4f30739
6a5f28a791996e05c0d9a0a0,e4ffd5dfa5e59d31890234e6ee7d8fce449925b4736b2e6327cec7b31e453bd0
67135971ab7e60756e01b344,44d14ca31c18fa6a8cbcb8d3155180142bdd49bb2c7a692a60865cb84f90f6fb
65df3c4dcf21b2948d49e1bb,16debe596adb73e6f03a64e2ade6a54e0dc4880513c5f335fd642e6dd35855e4
67fcb69aab7e60756ed4b1a6,3471e07a4c3ab976df9846dffabd09d9ed7921729f8d7d27226cc0996fd07754
65dcac5acf21b2948dbd7981,79d5fed3935b4766849b5393d401adc80c5468f7c6d2343709fc35866e0aa727
624ea6877bee9c5d5a56c49c,682a74727c9e360c7cd1b03c3c4c7e28ac6719a013a175ede49733743ab28f65
6a1feeb291996e05c0076324,086f117b43691b2432c91fc3b500164b76e76d3e7429b16021d8572abf842d9a
67135bfbab7e60756e061288,848dd4d58b41e736554325025ece7f6a285965f2b4322f301dbe28b59b41750b
6835b3b9ab7e60756eae1d2e,53e749d5b8fc37a641b9ef5fcb3e5104776f8ca502b68bece2c525d3c09ec6d9
6034d1a8b2449a12c90f0275,08f47a994102391e2f80a952033164924db156b2c1a912e33bbf642c491f16c0
6298c37153c65bae2e4fd45e,1eff7c448fce8f16551e454f6d01b970fa4afe52330afd3f142215e04d478c9a
65dc9ff8cf21b2948da050f2,37081d8ada96a285736227e096108b30e79249b4ec3df039fddc40c2c8f44450
6a1fecef91996e05c0feb91e,4c20cfe7b6a84c888deec6e65ea15674799b234e4d9c6c57dd98b45dc4f18b71
6a1feb8091996e05c0f7a2cd,ded82c723490c4ab79c8ec0fcee171e3ef7b0a42876ecc11cc2e958ec2c75ff4
6a1fea8691996e05c0f28bc6,d14244d63c7f069d7ada2f1c68126adfa8d6acf9f72fb9f80d3795770dedfba4
64afe557cf21b2948d663112,b4da8d5e2002d124ec985b9fed3eb8e73f17fe61b8128f2273b79b1372013d39
69bdf82091996e05c049e93d,e1c6e361809d67d91833cb9f5b43bba0a45a1601016b4e569dfac940a7b3d344
6a1feecc91996e05c007e353,f69f0fa25d7fa0ec864792617ad803570fa2810d3bc577d4ddb461c600d03917
6a5f28de91996e05c0da6efc,f030a24c2bc6ce5d2513f0698e403c39affc02affd476b434efea9f1da2717a9
67ea3004ab7e60756e88428f,34a64adba6f93164b20b9b0af6970912ca1b74eb9bea7034d60c476a3fbd6fb5
6720d9ebab7e60756e7ab95a,1d8de30aaeb621f13265b28740b28f67f5ae5faae1993ff491cfb02b4a55b140
67135bfdab7e60756e061a24,b37fe6bb471a1ec6c395248afd9fe3d960cd873e5326de30c1d42cb05105f64b
69cfb9a491996e05c0505d0c,b7ccb8bf7e7cbc542bd349bddfc68088259bf960e2b2954189b1a72cc9fa9da2
6294e1a97bee9c5d5a671797,650056492c99638f42083ee05ccd91875d8e83b690cd5316f1ad55286f194a15
69bdc20491996e05c029b33d,775d1374c1c84a9534c182f5ce48ba36382799e81cac40fff99c70f45ab29433
69d0b57a91996e05c07f8d75,20cf817f165c69cd0ef803a6ac5ddeb80c7bb1ad0409d2cd842103c0899e3402
6a1fee9991996e05c006e7f3,d369dcb3d5c15164818a1477153d111034857b920fd2f4a55d0bc44435b65345
65dc7460cf21b2948d39f8b4,eeacef9bc722a29442b273303b002b244228d55ef49dd459cf4ec8ca488fac43
6a1fedd791996e05c003413d,7774516ae4f12608c47a0a44b00cb6fb428a6c0d4b4544f38ce89a39765431b0
6a5f30ad91996e05c0f350db,7b4339b86e8cd92f2b77141050562a32c576f9a2c5f6e55e2de876eee84365eb
6a26b80c91996e05c0e21598,c0abe2cd40ef9f69cb286f422035d5c6432bd51d2edde6918d7da227877949c0
63cacffa7bee9c5d5a68c749,ebb5d0d9ca364ddb7128f97abe4694b2d37971f1cd4b00e77e3c5bab2aceea7d
6a5f33a891996e05c0fca5df,2051d51402f2a537daadaaa7b2465454595edad161398859c7fba54a09839545
6a5f33bd91996e05c0fcf329,2418a4e32669576d60a268f7492315a6eea9b93a199e71caaf8dd4e074769ea5
63ca958a7bee9c5d5a1b4ab9,8bfca5aff8f3025c9f1f8372706563d32374232bb0d16c4ff4aa42c61e0b90d6
665843f0ab7e60756e681265,e598c5156953ec16a632057fb960b8e7aa700b75fbe207a8184139b828c339e2
6a1ff06691996e05c00f72bc,29c348d97d7319547dcbad37172cc64c40216ad6cb7bbe225d6d331ddb21eb06
622f06ff7bee9c5d5ad72731,47e547ef5035899f9ac01fff0719c974d5237700cd5fd01975f454b731e00bde
6a1fef9691996e05c00b9b0c,3cb7941b7c9ea8fbb942de10661c6865b494021d3643ff159aa9201c21d2c2c3
6298eb7b53c65bae2e74cd56,25e20bda845a9b71fb483a7b494c578427062c9f54fa8704f6b7099d66a8e28b
6a5f328e91996e05c0f93038,dcc06bc684b0d1fd6201eb156f547594dc5fa615df96c73ec32605a4219b9c17
6298f31853c65bae2e7a3d36,6d685ffba8938e296ec3997a872078e80a5ebf64ba77c7bb2ca68516cf15bd6f
65df2214cf21b2948d09dbc8,a7fc6bedc554cd33b2ab93df208ec97d3088f2ccb5855402f9d0bdb2180d877d
68527ae8ab7e60756ef843c4,0168ba3b487c265c88e68920f1e16f0d31370576e79e4c49792a8c6cc8fe7585
6298d8f853c65bae2e649f1c,11345866997cb6788ba6ada2a668268ff8a61b798e390a08a9e0b4bf8bfc93a6
6a1e6af491996e05c0deb783,422ff4876eebfadcbed489be5153889e860de69a9c96752012089eb8487d2fc9
65dc65a4cf21b2948d1b95d6,92e15711c5fa91dbd302fe2266137c2cd30d28b8d646ac1c90df88f91aea4fda
6a1feeec91996e05c0087e4f,670e8572befd8f10f36da5a7947a3febde20f6ba48c4b6ab1e3b01d25bf6c835
6466094ecf21b2948d8762a7,43b7657811e148fe7f6cbd18c1b32b051a9eb7ae17fd3583897b7a6b9abd5e14
6a1feafd91996e05c0f4efcd,f3c0258fd7a5bf68c3bab8fe0efdca0776b08fe28c2dbaa6e23e8bdc62b3cd81
6a1feeb591996e05c0077316,b2c094da2f511fc60d27afc51d8d64c039227f79959270a3401f5622267b7d43
64afe6accf21b2948d694e0c,a8303a62224e1f36694dca240b8505b5e14beb4ee49c169ddb20e8e9acdceea8
6a1feed291996e05c0080180,29aaa4943c1ac2251729eb12fe9cb86033e3e2cd47db08cf75596a1b5ff213e5
6a5f350791996e05c0010424,6acf60d80cadcd00252dc905ff08f28f97b932611552ad724ff5c84c557b6921
6a1fefef91996e05c00d4521,b416f6d146f31c75fdc15f5f03ca5746db527a30d9998f2099c0cf41f07c88e0
64afe4b0cf21b2948d639863,1d3688d342a083ba32564dcda1b33e2e1d405d4317da550e1fafce68b1592ad4
69e0791891996e05c0a7fba2,39c21c22873177f68b4a795aeec6794f86bc2ae69d4c2873c626125032abc3c3
6a1fed9a91996e05c001fd69,15761efdffea405e54b8d88e0132c1963eb2efacef21c996f2f693d5ed05f1bb
6a5f2eee91996e05c0ee2355,1b89dd4d93e873237e4fd8311e76f3d199cf137e0e79ab7157a23e2c1a912d90
5f6994d0146a9f17ffcca4de,96de86e42f234cddd0babf53ea79dc8f29fe63a55cfaade5766b19b7d1e47798
665848f6ab7e60756e6f5eb2,745989ec05ca36d6106148b7b4f89b1493764f9feb9b1c4bff7dd4b9017b005d
68242a99ab7e60756ef763d2,85a01ea888e929503bcc342de8f3a54da0f2079ae6431ceaf0c1331889a2d8c4
64f0016dcf21b2948dbe3e31,3f53ca5a380a7842303c74b635b87055528342fcb3d709700c1f6fdc49c914f0
6a5f33e591996e05c0fd9518,28f806bebebe4b9da1f5f0288bcba9647d860fe9c9649c767a9399c019b99820
62990c6e53c65bae2e86a4c9,510ddecbf1e904018a6f3afa1844322a7ce6202d45f82ec382fa6b0ccc992af8
671357d4ab7e60756efdb641,1d032da0ee52065dfc9986ff954701d72e7971700e60d8b1be3cafaae4c396d9
5f9a9148610faaf7fb7f085f,16c238c7c816dca66ee3c3d547184a820d58eadc43099d5aa7e9ae480a9232e5
62e8e5f47bee9c5d5aba2ab4,4739ec3ecfa6d4b484cdbf252500b54d23f342fc1b02cbc5df5d9eda9db8b571
6a1fecf291996e05c0fec86a,2b18c1238e3ce4f4dc4161932f3a0828224ad28e2b91ffef5a30cda5b76311a8
62502b087bee9c5d5a123374,4d95a21ae2562d64008cd01c20ba5c9c5ce5ab8a2e8c6a89b853e6372612855e
62990df553c65bae2e874d27,b6be74a57f782475c5469d7bc37e8dcc79ea256f7379d52d90f65079a6749fd7
65df1c92cf21b2948dfd2e00,7866c1beeca53eab24d037a8522d76683bfbfd449e13e0f742584ab63bb88fb0
6a5f29de91996e05c0ddd23e,3c8f6c1cd4cee21ae3a6508f8f279b5fa70db26a791793a90f84e706ade4abb8
6a1fef7c91996e05c00b24bf,154f63297f3deb1e9761fc520f6c7ca86aac3494514df406115411443c45fb8a
64afe4aacf21b2948d635f51,d0f17a2db0d02599bcdc485488bcc991b36782a9581141529201648d1b280820
6a3404b191996e05c0665daf,446ff85475013d45fd10d6313a035989412ec97e6d2ab52fffb3bccf55cdc70c
6a1fecd791996e05c0fe48c9,d2e03fb0e4b59ab8483597c2ccbac997ff05f8e3c9371f3931ca76ecdf212f91
680f3e63ab7e60756e8c0dde,b2f84817151b2da2caed7bf571962ebdd1df706d553e7614aa57912a66ae95c9
65df2478cf21b2948d0fe704,3701447aa583df987fa5da7b6c38bea6de280f765b6793ea37003b83a59f83fe
64afe444cf21b2948d622b68,7ba77a703a1cbb103cd71e956d06009d98bfc5550b08ac088dfe14fddc2ef7c9
6a5f338d91996e05c0fc5174,1c36dd35d638bebc94628bbace54927a0d9385665128babc21b0e0d8950ddf41
6a5f34ed91996e05c000b2ca,6582e92cec0f84722089d127c8b03fcd0596839e73eb24fde61074cab59bc23f
6a1de0f891996e05c0fd7d11,41848dc1deddae0b49bcacb4e0598ca94989c9f57f90f537746801a7f9f41eb6
6a1fec1a91996e05c0fab350,bb05afee411a1403a597a38455b466022ba3e49e69fef52b8c9fec4599cf4157
69d0ab5491996e05c055240d,507aeb264936b41cd1eb060620d7689f15faa39b090dfc180bf90b8044f26478
642675847bee9c5d5abb193e,b19f69201a7283933925db22382ac3b797c53dc5598201889c573f3276d4db05
6a1fed1c91996e05c0ff8edd,4aad6f5dafb2738fbc0303b2b1f4ee11075402384ca9c5776cc2a6aabab80cb8
6a1fefa691996e05c00be090,6e47df3104b913b1f6477eec652ff7edf7f9503b58bd5fff9a2afc17fbfd91c2
679e79dfe3ec279a554d38d9,ad55255e63cd06db99e3a91f3d51a12a915b5af7c6b3efc54ec4167d1e5d6dc3
67f61fbdab7e60756e6fa273,20b45ac502d74c6541a1cbad79d1bfeb60f36cb6e545ce801a90de904583123d
6a1fef7691996e05c00b0b46,59669645006578d5bd0f4dff58572767357699d14d061e9e367be69c3e2d4250
68242a96ab7e60756ef75b13,87ea518ed3ee360aeec0a24a96f020992ec8524621c261801e0c511747c4aeff
69d2048a91996e05c03bd5e5,039e85f17d45c3af8f59123b50d030176673f74d9e2b3d058d7b25cf1f199274
6298e92e53c65bae2e7329cb,ccd343d422f7ff19a3fe9b97aca788068ba33f00dc6ca4d49adfbddf2bc1027f
6a1ff0c491996e05c011355d,3b60ab5fdba52f012b023863f2a4681b08ccc9fed20b2f7db90a8bd63fe583ff
6a1fede791996e05c0038a98,e93d6cb8877fabcea4196e7f4c9b8a2e735b5306e73f6584439026c11a28fade
6a1fed9891996e05c001f6a7,58812f5454ac9c5142dae0708ebe4c5f9b37fe3beedf5c3a3c7a31245401b5d9
64afe3a8cf21b2948d60b670,52694d0c3932863d846de4cf27d51477370c2a2568d666d726dccaa8e20990a7
6a1feef391996e05c0089db8,11dcf7c63b4e5e1c07316be7c6089dc3580f0eb6b525050c20ebd132b7f466c8
6a1fec3f91996e05c0fb65e9,80d38c9643453c18c1b255813db3d866163670f7d9c458cc983d532b0f50c471
6298f6ef53c65bae2e7c7fb2,2fbada9d1f64fae9cb25f532222eadeb0b67617428f8efebabd2744b18659ce4
65dc80a2cf21b2948d549754,0d6236bea55e03780b50bf7dfbb9897be7086a7547107b155e10f90974edc77e
628f45417bee9c5d5a881cf3,16ea05a168eb4a77b274a239e1d79d52dcdfb58e49390d4907aa2b246ecbba05
6a5f326791996e05c0f8adba,da303bafdb16d5af31e9636c262ac629e7611afa718e122cdcc999f0ae04304d
69bd7a7c91996e05c0d8f183,3aae7c3e8d41e971a6c0bc246c22a975b3c77e22760baafbc7d389454a79dcd7
68b54579e3ec279a55b4f53b,b4e285e3e5bf67a63b07c93896b0d5e1e25831502d4fd2c254ee3ebbaf3c18f8
6a1fee7591996e05c0063db6,bce48bd363fefebd9276c3ec93503f2d3c9f9e76ae375b745836064968efae00
6a1feecd91996e05c007e727,a86e150a9aa2b2c2e21f2983d671a3a94229a8c38bb639ea93b2017a62d49b2f
68527b58ab7e60756ef93730,3d6f516761a85fbdfbe94318513fccf48de27d51ae950f089a9b9b66672be95c
6298bfa753c65bae2e4b5849,8298ac710ef6af1ed951c914d0c58ce343d7ba4dc42b97e7110325baf9b01382
69d0b5eb91996e05c0814e17,13271721ea106820aee55844e90a7a88001e1bd13e482a44332db73407648b90
682f1c55ab7e60756e314281,76c114d61e1c5ed505b5e197e07390b275ff2f217d99e5bcc05c23b4afbe2299
6299055753c65bae2e83dd0e,cb2921543a911ac4d30a478c3f1cc5928aa88401a876014453a07e736c306d2a
641aea107bee9c5d5a394110,e762fe36058a0adf8f5d762f310402f1e030e004e8a03061742e733ce1931732
69bd817b91996e05c0e68b21,6569fed918230e856c239bc7fc11852aec7fc1c6cf35b4b40ecf678ac25aed5c
6720d8d2ab7e60756e78d80a,996c28ef2bc054262ec96cd97bf5835cca65e2badecbca1a9b132ec91b612057
6298c7e553c65bae2e549357,9236d88b4a922f1f541fc725c614cc706269709afcc5252713245d6312fda381
6298eda353c65bae2e767009,105719aabb31830e0c1a9abdda5b9eb4ab93ede69a6112b9697a13d0f77ae5a5
686fcea6e3ec279a554ac021,aedfaeb075ca2c02bdb9f4ad3b1fb845ced6fcf70724626c73ed361d02f1c28f
67f116eaab7e60756eda06dd,a2aaa5499afe63c07a4445566e2965b291a3ca43531e512400e80ff4363d8b30
5fb547d87e23857eeaad2815,17652d2c7c73ede98f769b8c24f6d688b1a4f998570a48848d0a90c011d16677
628f40607bee9c5d5a83f1b9,2c00a2e111ab5d08b638b393d8efd6966b85615bc1a329a02c9ad625bedb1264
6a1fedc591996e05c002e35a,7621c229df4a6a9be3900e9e54ed3c7303fd847ff8e5a0fe9baede076289bffb
6a1fee6d91996e05c0061adb,a5aade96eb8b1c09d5e951d5609ec95e39c8042c8b5f3a2eecaf2cc13c63f642
628f49a47bee9c5d5a8bcbf7,35c840f2266154ab01d5f9e37be8007f9494c4d27d5d731c69cd238f2e376712
6a5f270491996e05c0d44470,43ca1e38bfe09e360973cc61dba1875244751a68a2d5cd1eb6f9990983afe6cd
6713584bab7e60756eff4545,a103d2e9ddef8ceace09532b7032836a13a33d9d9b0f4e1abbeec8172e923380
6294d5837bee9c5d5a5ad7cd,0e1a6e5400781ae6375ef7e021288d69b5f651bdc74fbd5eeeeef70bfd0639e2
68060a89ab7e60756e53caed,1f2ce1085798939457949aa590765fc87145e79344864c955110b942a32de007
65df17bacf21b2948df1af0f,f3476dc2f6fd86610df3789f14a09491680b8e0187d56a3314c73f509252cd3c
67f117dfab7e60756edb9d5b,3907e914c82fcf6bd67496a1e94282f1e244af886bed172e9d59a2f6216b621e
6a1fec3c91996e05c0fb56a8,e1ba5c16370c6793316697171e9ce44bfeb986754b979e4c0682ba063eea8912
6a1fed6491996e05c000edd3,823c71f5e5e33ddf214aa0a8f44aa08454277cc1dc956f2ab0b3952492f20266
641ae8177bee9c5d5a3649ab,f8f3e2062b07ff7725ac8e188f8aa58b4cce126d4d8c8a0c1d23c5a6b2926811
6a1fef6591996e05c00ab5f9,0c12197fe7ac2d8e76d2aca1bd21ae2c17a4ddb0a3ae11191330374010c52478
64afe4afcf21b2948d638bea,9ce53a622e193b676ea7b47d98dfdea5fe07c8d3530369a20dfbb1aa1513e712
69e6110891996e05c0b3c844,20ccfc383593d819cbb3d52bdd2147672e39ca65da09b76be8b228f7f2ac3a00
6a1fec3091996e05c0fb20d1,e7c236b855ee6f0a34c72dcaea209ce7bd9a7a8e9ccd74288f0b361d8d70e74e
64be45d7cf21b2948d0f6416,c426d5d99dac0717cf54aa89dc758a9c5f18925a82600b1e12059ded601cd73a
5fdf93ba7e23857eead27255,6620984c3b9386c004fa59e58ef30e10e80dd43ede4de205c2ac0064ad47b170
63cb309e7bee9c5d5a901ff9,b9149b21c66e00083dce4c8c2a78e421766662f0aa946fb4d498ffb12472ca52
669786b3ab7e60756eebf9e9,3e84311425da1ffb0bb9db7d218f9ef6e82f8b76b76c8dc2114bbd7b2280b177
6a1fedde91996e05c0035f53,0efc9000493fb80d241376fcfdecd95ad4178120d632b305fecce66986f51cc0
628f481b7bee9c5d5a8a5f6c,194d05a4feef7a4cccf4f572f7e8c6e62a5caa6cd1343dcadffa4198316c209e
6298e9e153c65bae2e73a8d5,2ab6c2f411605d9e1324870d675d87474a9d674dfa53f3b1578c5759fb5ed669
6a1fedb391996e05c0028645,10932cc8ae9910bab780605001f71244f54458ba0f1aa41fc95963acaa4d9de3
6a1fef3791996e05c009e3ae,1b14e5aff5018f221e0f6235f99d96eaccdc5aa4ad46af9766f77b49cba2ae63
65dcad60cf21b2948dc011cc,51f64d179e4fb67cc56bdd7451e288797c0e033ea47b75183cd0b7e727aa52eb
69f08f0191996e05c08059b7,315ac6149368c559f4cd7bbd14492f2e34a710b79f0d4a0f0b66b95418844bc8
6a1fef3a91996e05c009f2dc,49b95fb31df21b948a0898a1b7cb01927f5bf9617868c30ff06a71682910c76a
624c52c37bee9c5d5a5d465a,9cd14fe1d7263e67c45616bcebd57faf70c7de49bf4c9b2fd0f45482f8ac38f8
6244812e7bee9c5d5a2cecf0,7c22f5536f24ff52046ba441838e75f57f3af1ae23b138d4455a96d8bd593cce
6a1feefe91996e05c008dd05,0625820edb885dcc691fb02a559bfbd6e9dfefb8d067c3f97fb9583dd7a9a1e5
6a1ff02591996e05c00e443c,1da71030329d520c8f822bda4c5a4a86fcbb4228622440e053460289491b2a8a
6a1fee0d91996e05c0044dfd,501a7bb5df6d0bf8e1d9901880e538dca0a5697386c7034a1b2e9cbafc07e10f
66f6c22cab7e60756ea96ffd,61bb1d00b627dc373c72bdc4730e0aab717f3c8ef1f83958c57f0a8ccc21d6bf
6294dc767bee9c5d5a621de2,01182044b0b171acc9a126ed8a291421a8220d7eaa62a7a7c6e0957f91970cbc
65df33decf21b2948d34527d,344ae7ac9e43c32b179af9ef96b42068281d437e7c595ebe4a5fc3cf5d569fa4
5ee328e616d97489fef1f0fd,3baf6adba40b322caef38980acbcb92a5509abbf591b070c61824cef0c1296d2
67134f5fab7e60756eeffa11,28b303823ba72f90554e6f40f4d1cde818e16f80f3a64a298b15ac4aeb242256
628f41947bee9c5d5a84f071,fb17a494dd7e8a902b62abc98750701f36e20b83409a48213af2da61bfaa22eb
624eb3b27bee9c5d5a604f51,32785f59784c6953d0822d86c0af6e5710c6bc3eca40b934ae79022637427e08
62e8dc1c7bee9c5d5aac0070,0357397df24e25d18370157c84f0e139625c2942ebbd0a51352d9bbbbe880a77
6a5f271391996e05c0d47785,466b3646eea46a03537da862688b95614357e51a9a76c31ac26012a3381bd8c7
6a1fefa891996e05c00bedac,8fbca699c366c5388aad482ead4613b7ae591cd477467ecae93694cdf6e98c81
60b0bf3bee3b0993ea0cc689,e15114adbb00b2574a8bf76c4270e74dcb6e5f9cbbc518e1dd1338e5d7e463f5
65df480ccf21b2948d68341a,3ed9d06fe263fc325ea78fae496cdf15cbdd1e54520eab7895b467ea4aa97c80
67f11796ab7e60756edb233a,3150debdea21bbabb66e314e50c969a4e626b838651119a8b5f27f429fb64ec3
67fcb69cab7e60756ed4b5c8,82611a4583296935aa6fe8f8838bfb272bb7fc81231da2795525f1e988b6ab26
6a1ff03e91996e05c00ebada,700b2ff0003f1066f31149b0494b448e9dc94e53cca1a4915f627ae355870ce6
69d0229191996e05c060f36d,efe4aa25e91fab5947be254f47234f4c49f085eec2ec1ee6ddd362ed16838dad
6294d6c37bee9c5d5a5c41cb,ed0ccb90af868c4da84daccb0d2eb86135dc5aaeec1d27a71cc1f3ee325a5575
629900ed53c65bae2e81d81b,baf8ba633668c39789c71233c790c9097f52f9038cf3f6d8c9ccabf896f5d8d1
67ee832aab7e60756ed49df2,09c3449ed838e9ef294ca22b9fdbc247aca97ba18a5122535b00203b03d9f999
628f47527bee9c5d5a89b323,52949bcbaaabec42cf28fb82b21e1b899c05eb0151db6050d86d90957ec2c895
69b914a791996e05c0768603,e17f5cd67df85d53b26949033c88ecac6640bf557971696e352ff983382c4078
68c905ece3ec279a55bdd2b0,366ea6d4098563c1708a401b90d4740ff2899e6caaa2324325937a2589b1a89e
6a1feba191996e05c0f852cf,3e2b3326e044d0c924b68201b03977d8514152292c2f9d01e8238f85bc0b8c52
67127eb5ab7e60756e7bc123,8b5128af064b00e12b3dcbfd4c2e439225497d81775d7e7a8d8bc84c59253b09
6a1fed5a91996e05c000b7cb,bea8e9ec81362e005d2568fda8a71b83c3a9469f6fe147f1368be18038826688
6a1febd291996e05c0f94ae7,5546d343a5690fa23ad1cff35913d2e4cd600dfc36545de816768e90b0d3aac6
67e55780ab7e60756ec6702f,c9c22f25bce14c96f41d9bd0ce64a384a8f383bf6b855e2cbb30261dab69b458
6a1ff00591996e05c00db339,7163850b22c19b7da02db5689f7deadf1900dff0def789ee1645b9ccd6007427
65dca872cf21b2948db481a1,ff3c49378673e8cabdfe94e5241be4923c53d57a9975966f76e6eb7e35ff225e
6294d8687bee9c5d5a5e1642,3b61ad88acb2ea07a446e4df21bca1f00cad17d646f61474925c3f3082204aeb
629903aa53c65bae2e831d77,34f1cda2468cd6a8325a749ebf8c7c369574e30ff9ef8a6b43a41b4e3c2fadb4
6a1fee8891996e05c00695da,a32626da1d2dfb0422907ba6a579dfba33e020c190a7433fb4f87eebb4e5f563
6294da0b7bee9c5d5a5fbdb7,1c5c699220edf564a4c887462b28ec3deaf400828063252f79f2c0556dbfaebe
65dcaac9cf21b2948db9ddfe,01853786098d7bdcd8d224d06061c9d77259ccaafe6c1e47d1fe0043350613fe
69e0c66391996e05c089677c,debf65beebda034b06ef139ae95a11e1fa65ab47fffaf374a18dc80212231e0f
67135c32ab7e60756e06cae4,6bb39330c117abb3e5683feaac9ad4068b9438eb7ed6f3ffec2182b33c4e7927
6a1ff08f91996e05c010337f,601255bb1701c47c945a0d8b4231cd784ceaabdb589416769cd0ba0b71b22dab
6a1fee8291996e05c0067a98,65c47a198b7dfd44a9159fefc92f65d69ac11db8ceb185aaddc9fc5ef86e4da5
6603ddaecf21b2948d5406a8,daddb18b6ba038ac063f77cb88e6463e55423d867045cc7df0f649ec8c9d82fc
6a1fed7591996e05c0014393,f18e1b75008cf1b357deb348b2bb9916b6cc8e168a9b1285ee434049283f182e
6a1fed8291996e05c00188ec,aee2ede735f6dab9cdd19113d0ba9139db29fa2f83d22e046c5ead348c14d990
6a1fec8b91996e05c0fcdbda,d6f8337209fb39eec7adca5f71397676f00f900fc2ee18a0746d5c5021ee185f
641aecc77bee9c5d5a3e2f7f,9cc52c0994579249293c69342252675f7071a1aa8683d70ef705a47e66f0d45f
6a1ff24291996e05c017e838,6453e11b9236be1c961b8a378d92ab9bbda6ea154c7eeb4699a805b4ac17d2df
66cdc7ccab7e60756eb151f9,96aa01843badfc002f120c09269447d6ba3a9a76cec95d79aa1bfc9dc9148af4
69bd719b91996e05c0c538f5,dc74ec902265b3bf1f242edb5fecba1b9ae092fefb9d178bb42f6c47687c049f
65dc684ccf21b2948d213999,c4332677f11aafc73a3b9d9e53896b476ae857c16e1ec2a040815fa3ea1c3be2
62e8db367bee9c5d5aaac862,58dbaf96d647e84cb7ad9b84d344be57dba971cdcdcda1b208a5a3adad204269
6713597cab7e60756e01d943,b445748aa32de7708bb8a2c38b3a7bb128c2f66603ffe5c9566434b311da6e4d
69dfb79491996e05c0abfb2e,43d9957f279024fdb3517233252a295a449a8b728aecb1b740f681ceb9fbbb19
6a1fec5191996e05c0fbc0ae,7d2bf685f84c62f1c4f26b995765995ed9498c4eef795441479f5d44489f9e2d
6a1febfb91996e05c0fa2110,671a84e67abdf241a807f55e5b306698e38285ca62938e49be8cc3c7f114f01b
6a1fef4a91996e05c00a3aa6,e04302a1c866255d18718c7b28e50685aa1ac14cc90634389d6efc0d12321889
60a0ded4d5cc35459039ee87,e01f9eb5567f1b914ce11ab1d27bdf98b02de41e5fa860bfb7a4e860313824e4
6a5f2e5391996e05c0ec347e,cc3e86ce69ba7d641404b8b60b00cbf7cadeb206b2e2bb599f6932ee1ffd604b
6a1feba091996e05c0f84afe,e855a4f6cc64f33de041a73d4a2281519ea60899d1c479bb229b5defa18f30da
641aea0e7bee9c5d5a392ab0,93f7495a37a8eea598bc285a9c4cfbce254dd88042de89b5ffe2d69e3be4c200
6a1fec8f91996e05c0fcf347,02760a57bf099310bff305289dd672dc4388de0464d5d7cb13ec5e03a8c7ae43
6a1fed0191996e05c0ff0f6a,04bc574b1eb43bbcc9c76b5e29a035da483902aaea4f1d522b7e3a297134ab60
67efd9c1ab7e60756ea83122,2e87e2be514433138cb450f6f3325c398af70e22d6e75bdb60950fe5bdafff75
61ba0384813bb28a90f764dc,c9715ae4148ba978c99772705e329d70ac983854bf68aeed05856420b7c1da19
65dc8f0dcf21b2948d75a159,dd12842a8088477710c5e7b75eb829492cb36abb696982734d23da75d5b7144e
65df5389cf21b2948d83d9e9,c035d7b66b3889b9823fb714a3fae82e287c4f5f5ae001bd6b828a22ca2045c4
6a1fed9291996e05c001dbdd,feb2ec3bfc6cab5e3f89fce04d20139997a8fb5e366c63732177e4c22a61016a
6a1feb8791996e05c0f7c705,99618d7d1e0eb84358c8c1ad8c5f2f73b38069f935d95e0c72b34a43d4994d3e
6a1df54b91996e05c0127f3c,ce0ce996eea0c7e73bb32e74f121e27c30687c00f0c6052d010f78ac4ce80071
6a1fee3791996e05c0051d0e,57238be90d75645e24b0c12e357e4fd90864da464e077d24917691f20ea46f1b
65dc6c68cf21b2948d2a241d,14bc0f82edb158f8cbaeb081290f6fc90760252cbf000fd00e2746a545686698
62e8eb807bee9c5d5ac1eda6,79881178a9748a7f406ea2a309d2fbf1104aa21ee758446f3516f4e65bfc56d0
6298fa5d53c65bae2e7e5c45,9c505e40400e7ddfd68f81c9898ac661ce7ecbc8edb75df77cba6b0333c79da7
6a1feabd91996e05c0f3a072,d441d3439ea6f29fccf46ba0a4f5c0418f638f6e96f0e04c61c9299fdde0426f
6a1fecd591996e05c0fe3f41,fbdc96bdd0636723223dba8c310bce4da6f542bf39f1f00c60a466c895ba7c2a
6a1de6eb91996e05c004fc26,9506092eedf45174e751967118be38c53f3d98aa12acaaaedfa6bd9578cda291
605d9210d5cc354590c35620,ea7bc0010258e3e1243e39975b87c909ebc8ca20d032b8048f636c6bc0df6730
68c905e1e3ec279a55bdb8ce,fc2110c12ea5991f43762520416040255547c403e6eacf0948639fefd292cc48
6a1fef7791996e05c00b0ec0,ab88c171858109df783da3f2c6108c411153647959de61f53049c6eb6dec5d11
67ea3818ab7e60756e96ce39,9af9f481a2773400347bfdecea35506cc6f51a08782074bbf50bc500586ee726
6a1fecae91996e05c0fd82cf,07ce831c3ee8c606c8fcfd26545ac7bd8abf9ad05afa60f2340435d3c0a302b3
69d0144791996e05c051e883,4dffdf5e5d07dd0461830c37e5439c81d2364705e269010959131e9c66537510
6a1feeab91996e05c0073e67,1b2e50abea5a2324d7fcf4019e74b4da3241a4e0dfa83d9f81ddc27eec560328
6a1fef8591996e05c00b493b,84439e925c7e3e622ac57b977aef224ea15a4f5742e368c5c4ac68685045d80c
6299096853c65bae2e8587da,c2c03c58886dbbaf5653af354dbe872bc7329e9d0fb2adb0d03871552edf90ac
628f39a77bee9c5d5a7ece82,e989d3baa5a32ffd26f4e8326abc2f0c9d3ba3c728d8e222149d65f3c5ef037e
6a1deacb91996e05c0099898,d5aeac568e12f644e9d8bdf68690cd26a78a5d00f9571f25018fc5f62dffc4ac
69e0c7f191996e05c08da6e6,26e9de12680b1b03bde4c07352c54bf0da8f5008956817861509ac3e7613bd15
6a1fef8a91996e05c00b6162,fe3c5a414744f8b3fccac12195e5f84e05b5cf2e1e7a86772edf873f1a26524b
63cac8cc7bee9c5d5a614f26,bfd5aca6673a814c21e557a207aeaff464d54256c2a43c1fe3c3d0b002a9b059
64afe4aacf21b2948d6362fb,072bfe447a60d2f3f2bdee5115a5b158db690178a0cc7b16e30d973e7a855ac6
68e656dde3ec279a55277756,50e9f2b8dbad76a9ddca5fcab89594a329702aec083623ded7e1282ef01839d2
6a1fec8991996e05c0fcd377,e9746f3fa55e9fb00272a04af00a752a71ff23a6bafde487f9046d74afc7b0df
6a1ff00291996e05c00da24a,f69419d518355e2237c2b701f77990684f066a76bb8e2cd4b34ce367a7460a70
67efdb03ab7e60756eaaf2ea,ee3d8b4391efa542701b6a89a92a2e1ccd23c120aa2cd18eb153a3c551177f0a
6298d02353c65bae2e5c75d3,53314772c78c69d1590f7e1774c26ff2b81a897268c0f0dbc24f01877ad7e86d
642d3d3f7bee9c5d5a3dd496,19653867247f6bda372d428d3dff70b44967243d58765de7983f5fdecda80e78
6a1ff0c891996e05c01147d6,3f13c43ebe70f0e74ecc37eeed66c6e551133f229bc003d73fe4769eb1a064d3
6a1ff0c691996e05c01142e8,f3de1c0e4449a586853756b9dca41232b7e0eecb3551b38914205c7221ee183c
6a1fec6391996e05c0fc0fd6,5a296eeb4abf4b434b3bfe0d69a8f2d5da2ba550dcedc6797c9864699cfe48b7
628f41147bee9c5d5a847952,7c15b3a1b45d52152b039a6f5bd60f236fea9bdbd099055f97b8aa5e3b922244
629907b953c65bae2e84c44d,972a2d510893f589caf26834bc2d8a6a31efe48a94600f507a3d037be04021c5
6a1ff03391996e05c00e88f2,afc6f604674b99ab275fb2728b53ae984a76b64490a780bb23cb31570886d28e
67135811ab7e60756efe8243,128dcb0e92aab019b4ba7ff70197f2ff1fe7b9069df798520bd74f61bd232002
67ea292cab7e60756e7c52c8,d158c8b5860e13aa29cfce0fbf017dd1bef765ab64a8212c6563379686e1c1d9
641aebff7bee9c5d5a3cceb9,d80b516e78e97d91aea057dad829c814e4cfc29a073dc4a9d0c69e4e66e748f9
65dc724bcf21b2948d35a985,9031d96686ce1efe1c61a687864055f1c9d082801bd9b260a0f1b36778c1fd50
67efdc0eab7e60756ead3c90,f3bd7fc2d8b159d45a70bdf2f20fbe98076e99259ef243d55b5d108134c20e00
64afec0ecf21b2948d75c9b5,d32c4a15486eecf1a8ea863ae34824f539c11b7befb1430873fbe96a7778e8ee
6a1fef2691996e05c0099ab2,a0f26b30e52c681c8c2f40fd731ee6a1823f65fa9f23dc4d76c8ed1c4344b6ee
6298af7b53c65bae2e3a65a4,cea428bf61e0c022516eca085789d3a621a0b8d74f9cd4d41471a2ea11d78bfe
6a1fefa791996e05c00be8a1,a4233062fe7967e9c70e0ff4238f7ad7697b5661cfe473d5edf57dde4c082048
64afe4a7cf21b2948d634828,709b1b35c54eb671781bcb85817f6fdaa812cf396a7e16d8a390105cfa911450
628f413c7bee9c5d5a849c7d,c660a423e403dcf136fff43cf42339e2484550d094a60dc81d37ced58b841472
65df242bcf21b2948d0f2081,3f4dd2c269c1f4ac4364db1ebde02ed3db72abda999310ca0bf636ed96151018
6298f6a753c65bae2e7c51a9,1782f38075653cdab321f99a54c6b8937d641782d4e0a7eb621dfb3a3596ee25
6a5f2e5891996e05c0ec469e,d3db6be76e623537da2954d36e92f6a22aa1430e1c10c164697cf7484cba9160
6298f28353c65bae2e79de39,9dd75a05e09976403b59d25348499a47400726fe1ebc7552b43beceffbf0a926
62306dd27bee9c5d5a4ba54a,520901bcd309d573e1e480418c54a34dbd99d145df8d0b72710375da9d03323f
6a1fed3491996e05c0000147,41ca714b7c0119de3ee6a5673e5b87a04f36e6ac056fac5724e8fd48aaa6c3c4
6a1fe61e91996e05c0dad61b,8540bdc77a7e0146d80b927fce49181e1fbd99e5d526f946d3326dd15eb0f3eb
66965af4ab7e60756e14baaa,6e303c98d5758ddccbf7611d7d7a1ca975de242cd6ecde9f6c50bd9067e04907
6a5f295d91996e05c0dc1287,14dd0f69d4c150d2b96a754c5eab8e986084ec654f96f36d0ce1e1aef644bd3d
6953bc09e3ec279a5594a875,50eaae03ea54d0aa220d27a7fa21114d4fe19b10ee39cb3c15a7c28d364975b6
69dfc67991996e05c0c9d743,f8431ebbfc1e61dc08ed55f094edef98e9bc1248bdb44e8babaa3cb6063d0f99
6a1fecc691996e05c0fdf5f9,13bd524be7548e0e448f053f5fbff843e913bedc131dbe6ec1a40039f8d87569
64afe4b2cf21b2948d63b1e0,c753808d25aa33ab3f903b92343431dd28c22a18867f54761e6035feae81db4c
64afe3a7cf21b2948d60a8d6,d6c225670cbcbc1d3f763b5b2cb4ed11dd21d4b65c349238838d699828b747b8
67ea36eaab7e60756e947868,fa642b867c47c2b6ba3f12572a771d7cf7bb36d8774988c9af09fdd261beaee2
68c90613e3ec279a55be330d,c2fac2a8e1e7a229b37efbbb91f23359787d94a18db7abb8f9d9150398466a82
6a5f2e6391996e05c0ec6afb,d65e9d8f999a7c52b4d703e3ed7bd91ab9c743ebe5f55f226bb5f46bf11db631
67efdb49ab7e60756eab95f6,36739dc0fadd912af972741d8ecd29438ba7573c4510887d6fab298ec7f85401
68c90535e3ec279a55bc0328,9a51b8880a566e7ab88dd484c04d376b46fc4a63138bf1541cc28676f0afb786
6a1dda8c91996e05c0f5d62a,fd3e30aaf06a4e0e6c33f3a71570a8e0d274d5d63bb83122b24134ab9f269785
62503d577bee9c5d5a20b641,e8568eda75ba65e06a65a04930de81e3fc7a6ce3efd91dc5c6cdd3b45fb44987
65dc965fcf21b2948d86d6e3,8669deac70b98a3ae92147ca753775841cb29d95badcff88ba784ae79c3fcc6d
65dc960acf21b2948d86080b,405b8a5c2ac062a98f06446d26c87a34d85e853e5b05b2a1882ab044a46a3a7d
65dcaacbcf21b2948db9e1bb,cfeaa607a87d9bcd5b16946192366180be85e06dd678024737ba8ba4e1d9a1c6
68c905ebe3ec279a55bdd0f7,91662919e890cc5e938f4811e58acec9dced295f1a10210607f2fe1bf3ef943e
65df336fcf21b2948d331dd8,281a19145f83702a14ae409fe17abdacccb299dd5e561aef4fde850c6d311192
6226f7807bee9c5d5a212a30,2438466606598e2d223139c7723342cebc7063ca83f26492cc35be2c9ef55102
6a5f293491996e05c0db7eb1,00697b3ec1cfda1ab92d413d4a432c23b1c63a12e747b1a2a46150f9aec29a54
69d0bda991996e05c09e8c7b,4e9dc70031efc0e2236ea1dbe315050197f5a3a12652090f151644972fcdc098
67efd956ab7e60756ea73cd6,3e8399f6cc68231f4dc078bf3ca11d9b058d6e732842f92fac9beaab12b97c0c
629921f553c65bae2e8d9254,537b62a96633916edb29e5617a7480682c5760f99e8d6b76e0fe485676a704f0
6a1fefb791996e05c00c37eb,07fa574ad8d015704a7818e587e78480cafafd649d040852b97cb8f7de4ebb51
68527a80ab7e60756ef75712,a965cf9addff2de7edbb366972c52bef38c6f1f45e1fa98d5e652c7412fab909
682f1c89ab7e60756e31b7b3,1018dcde4f83659c8f903f6d7f1cab2f22823aa21153b9237ea29d0cc5f3e213
6a5f32b591996e05c0f9aa14,ebf2c5ad85a9b550379a9f132e05173df4ad8beb130bc25c9321318f14b24e1a
64be45ddcf21b2948d0f820a,85ab7898596b90876677e24ed167b67802c0c88696c85d2e62c925b9bc61193b
6294dee37bee9c5d5a6465a1,e140379110c4c2bfc35bb0bb995fef0a119478ef37d9e3a0f677a8ede3e9736a
6a1fed2491996e05c0ffb12f,57ea71743b57568287f8fe3e72ee8632ab652815b2ec052cb556d35c9233c16a
641aedd57bee9c5d5a403220,1e4db124e6d48bb7a9d5a4ae6e904dece7e9224d71064f2cf33d903d0245db87
6a1fee9c91996e05c006f56e,bfc3dd0b44a0887c703ab908ed88e58c0c659c7eb87314987ff2c7f73a5b3d4c
69bd6e7b91996e05c0bd7210,38e408f4c60209846d3be0b90f1254512d1e931520e03ca55a51c885ff8355f3
621cd373ee3b0993eab44eda,fd7fdc18f22405580278803f0e30a05b3cea2d19da6f1664c8d774857ae7058d
65dcabeccf21b2948dbc7042,f6c22394d12205baf286da3aa18ce8dbc2b1d79475c2c8c463d4d0fc1b7ecc51
6a1fedbc91996e05c002b3ac,229756a74ab9a3481b3fa8760f75e16c2f59c851976c05a26fd169774936f203
67134f1bab7e60756eef01a6,10732fd64000485dadc601202f63711f94150a6bf9c45bc216a7b8b43e931ca9
65dcb2a3cf21b2948dcb18c4,d57af71bb65a0f982519c7e5d36f948953ea91f3edb58ce6699cbf26bbe86d6b
6a1fefae91996e05c00c0cd6,cef008e8a60188b196c393ab90d393253765fa5bbf2bd9078f3b0550b2cd6fe7
69e60fc091996e05c0b05cb5,1696b8737664dddb3f1d37e87032d2c60d8e8ea7234d3c58666f659891043612
6a1fefa991996e05c00bf297,531742af2fe8cbdcdcc9dccd9091d673827a9d039dd980f7a171e5401c4ba162
6a1feeb091996e05c00759a8,1b660d6f7e7b6355a0d5a356d3bbd09b58c845ccda8ef2fa4f4d428360aa851b
63ca99d67bee9c5d5a21c42e,1aaf62067982da09b4b39a1cba972e86be4bbcff94089a4550a1f1808bbb8b6e
6a1ff0aa91996e05c010ba8d,78e5812c8e001c5fe6f5b4edef712a59cb7e75a947c439bb4fe20c5968ecfdb0
69e0c68291996e05c089c346,6752a21ff63b3f36a07a8c78466d6697a436af13f1e89743d36939f31809f83b
628f3e2f7bee9c5d5a82341a,a8c33b6eaf5d2cee1d4c478837e7b3df91a34dc582664e6efd489fd6835eaced
65df2196cf21b2948d08a967,59e471d87073f200e5430a2c4e4c9a67fb56339b06510647d27a4d39729ce6cb
6a1feed191996e05c007fb70,e1d3a21c1cb079d41df8e24ca58e55c4db8d3aa97f8edbd3e6ab7e5542daff8f
69bdfd3991996e05c04f9cea,4334a8d816dcb1cb8b46d3795ae702fc08dc0c0caf7c5a9726ebc5040c53651e
6a1fefe691996e05c00d1dd4,f3247c547978c0a0d18486b07f584cbcb22819338eb9f252c0283c50d86db155
68c414d7e3ec279a55f02e9c,636595cd0b8ebfe772e1c40ce50c178448dcfb80b5038be626ea6f231f246157
6a5f32bb91996e05c0f9b9dc,ec6bf288497acbd26fca152883b56e96af2ce694d533ae87c409ea70b87e2492
65dc738ccf21b2948d383116,a1777211a00ead0ade608be5554cf7db5f1d5c7bfe5ee6625f77b53bc4ba7828
6603dd3ccf21b2948d52f007,495aa074378036a883c91fec3ea89a972c24c27c8aa6608d58be0e1bf37f6ff3
69d1f73791996e05c00fcf45,f250dff5adf10fa83b6c5fa1d008796aeb5711e2d00ecca8674a1f4962f20665
65dc7a3acf21b2948d45f65b,c4adc9c5713f8dd762636a1ff86c1ce4161bd11b0c85c3885c6eb9b6e2274915
6a1dd8c291996e05c0f394bc,869dc0cacbd6490ca24700d127bd8751d31400d68a786d0f2075cb836cebeef8
6298e54653c65bae2e7044a0,f26514b003d34750e7ff5f7d4d189c91996abc2826adb5c2edc1ab0cb9151ab5
6866a45be3ec279a55ff369f,00fc4a8f8ae9f50accbc450527c49e2db1692e5e731739fa6725448c3a0cdf77
67ea39acab7e60756e9a0341,83e2866c6f25e840f54932300443d7871a76cd5c7b2e1f642791025837003969
6a1febe791996e05c0f9b47c,7b24713b8b50cf645712b4a7e97dae821ad7ce780411c07b5fa7d9f849730410
628f3fab7bee9c5d5a83626a,90a6fe4ba0557a1bab4edeb8219aefd22c8a28920d7743ef5651187704455bc1
6a5f2a1d91996e05c0dea1aa,4a6ab7d82257a8415ddc813643b69983bdeb1579f3a2078b29894c7678c52719
69bde8a791996e05c03d2573,3fbe4e983c721d62d7e591867691cb1f694c449932ef7275a7746ba0cba8a450
6a1ff03e91996e05c00ebda2,1b6c8100a4b792595a7c64472e786300ee51c642dabb80047ca97adfc5fc5c4b
65dcb1c6cf21b2948dc9571f,c2f270eecc1a8ee693cb88655ae32ca00089faac92c889cf8338873995ba6218
6a1fefb391996e05c00c24ca,89387acb69ee85367edf88405b7f06e06d5338f287f3db7f40800981d57314e4
6a1fecc491996e05c0fdefd2,8c3105618d9ce5ba0ab202687d7c7e891a4fc4a27eb2d21dd4381d23d86582cc
6a1ddc2191996e05c0f7cad7,73b9db8181917d1e93b0d8dc793cd01c36a48c46f0cd7d7c76e2f8f8906f5466
65dc83ffcf21b2948d5bf35e,22ae7d8e3665902232a5feaf62cdc4bfe57da68a82bbe618908e75f4c3e671f5
65df1e87cf21b2948d01761f,97d5a78f45e19760ef1a6eb5a93dcdd8f1fca982101783207c31f3df0a1a1044
6a1ff02691996e05c00e47dc,aeb6b905ad8d2c9e63fb96a5a62381086c35e9c03139436bb9c92ff15ea64a66
6a1ff08a91996e05c0101d2b,365b0b07eb96d8c1500e9652f8b3dde22344dda081a997fe57d552dae7c9505c
6a5f2f4b91996e05c0ef3dcb,375284e83bb652e28c728c2649ebe4e4272dc9a834161a13e93bf56d6fcea20e
6a1feff091996e05c00d51c4,b0a61c31becfa77f0bae3f391877dd33542d3033c8279720ec828779051feeed
6a1feb7691996e05c0f76b54,8d0e75fe0c24adb026d1de47e39a59c3d4e99b64ac4e91db7372905ff2ff4f6c
69bd578c91996e05c077c0e6,3fd84eeef4559acfcc5bc1c788fd16d6007e192731c15df3be9a91404e7d194c
6672bdf5ab7e60756e1fbad6,8b94b212bb0ffb84e530474f40ddd252b4b8e7cfd8aa1f7a0f8541b34efab32c
65dc8161cf21b2948d565feb,500b148fba2a290cfad1d8a866f17ab8e5c14884cc8e3a5725e48b4dabe46902
68638adbe3ec279a5560b3ca,e5b214c730e58090710e24b47f7ffe941b2141dbf5d8cb5da32dbe5d1ce4a5dc
69d2096e91996e05c04a4e78,86ec2d86662881547d33b58bd7df632a873d462e7dcd107db82925c2922689f3
624e9e587bee9c5d5a4f3320,6cff5905a917d04b475396b93f09372d6aa28bfb992799d308a27eb14365b80c
6a1fef1591996e05c009502c,37b294867dc1e4ac23782f5a6f6d8b0df0c108b590a3f775180c2d97e2aee210
65df312acf21b2948d2d8107,a39bb50a364324613ab7c5c76317f9dd62e7a13ec7f76ebd6bd51228f995bb61
6a1fee7a91996e05c006565c,10ed96dae19a2baa1a4b845a21ea6ca39ebe56f0b60d377cf426887c6a71cbf7
5ff51bc27e23857eeab2b6da,2a3a8a1e43eac1e966f06d55ae337accda849d6927f904523571aae8d5bc5b85
69cfbd4791996e05c0618555,6dfec6329773e491eed45ecd858a9fa18098b377cdbe33d35f2d4b4b533a361e
6294e2ae7bee9c5d5a6827cf,0d8f235ecdb372a02d59fb7f88b4ea6ffb5714a9eb160ad95838ea25a257392f
6a1fea1391996e05c0f01c9a,ec6ce1943cf0392723bd0ca8ee44b772ed04fcb1423ee1f49a008ecf67e3fd47
641aebb97bee9c5d5a3c50e7,393cbe6f0ab9e26ce7a7b13d9432e72f4a7cd87f1313f321dcbc1e3c6a689620
68c7ecfbe3ec279a556d42da,1a6269fab580646f4f34983a6efbcf2688ff3bfa558f4c6842f0f36703707cd2
62990caa53c65bae2e86bc9e,9db04818e3541830a0efe7000575681c10e3ceecff825c848e4f5a20d41032c5
69bd6bdb91996e05c0b6cd7d,38d1dc791bfc491d2ebba866dc453de51eb263f92ba3c197ea073223f95442e5
6a1fed5791996e05c000a6a3,fd77450b1e4bc8b5994ecbacb12021def6854d5480f636bff44ea29cdffab6a2
65dcab71cf21b2948dbb5525,16ab0962b5f01a0447930c804af48f1e476abd7dcbdaf49699372303e2ce764c
67efdab7ab7e60756eaa4bc2,ea792ff179eddab761384c6bb3d56a5f363b9e6ef3ca224e67226cd8fb7d62bf
641aeb427bee9c5d5a3b7228,a757d6b455825da5d155ae026c4632e8d09238d0b37a931a5ecc5313b8ad63a7
6a1fedf291996e05c003c25a,b1b9fb6780b2ece5b8783c95339a28c41e7c1b6ada117dc09212031b8c40659e
6a1fedf791996e05c003dc0e,80ecebe47a53cd347e033591f40e051b2ef0adac4c8392f199577e054671977e
6a1fed6791996e05c000faaf,febdc5f50b4b8eee18e1eeea0d5ac3c9e5cb78192d0758617f0c43aa7e51925f
67fcb66bab7e60756ed46aa5,046d12aaf044bb72dea0cc5c14bbc7fabb98ab7c9f7559afd38495c35233b00f
6a1fecca91996e05c0fe0a21,29c63113eac2dbedb2f7419d6ad050d1f4ceb07df03fed596c8d557a1eb68a7e
6a1fec0d91996e05c0fa704b,c72b82ece2d781127d6827444995d367eaba5dd68514793b55ecd6ebaff83236
67efdb09ab7e60756eaaff51,4f56b8705be46874e605098edca897f5bdfe7dc2a9ca9d03b50ca98458603366
6a1fee2791996e05c004cdc1,8f8beba69d6efb72f279bd788b647c3a27a7921c3ec606b307b5849075b8276f
624c04d87bee9c5d5a23df48,b5ded959aec23ea27832aebc609f114d1d850787b02f89ffdc07739463a8c4e4
69d015bc91996e05c0535c87,ca42287864d0471b3e36f4cceea8953f75813cd0acd645592dc29123e1d17e0e
629912b753c65bae2e88ed79,8c838ca50a6ce5180a65955f5ce9caaa7b932f2f8bc2f2dc19c149937d951c0c
6a1fef8b91996e05c00b6485,c26c377cb43aa5d7037a01781ab88ea6410d0e9444a5f26155f82198aef4f58b
64afe4accf21b2948d63721a,1eb06b3136a568e6cc3ec40c8dbb1ba8ef74f2bc7d6d8e67e48dd1829034009c
6a1feea791996e05c0072c6c,3ed632f17db77373985a0c06d0f985bb88f987d98a92088548652f865e114b04
69bdc49991996e05c02aff2a,06e7c6d14b42ea54d10833f6758de817887faff240b048dfd10f7016c7ea05aa
6a1fedc491996e05c002dd50,34da5d5a0ee8ae9bb02e5bf6a30537c624c3ab0df0ab35fd841ff1d4fb2cac85
61385337ee3b0993eae490ab,a23f5a9457eb39329ef6066ba73e33edd134101be6066fc2e872c8dbcff40e95
6a1feb1c91996e05c0f58c31,affd9d5013125de443b58ff03e2398e79d1349eb9974ce0e3041227d6f1a1733
68594873e3ec279a551cc01e,239a03a8bdafd8c01d1473959a328f1c0370c5cf0441729de01dc069e3a8a375
642675707bee9c5d5abadb05,2ed937992b0f4bb2d829b3b67fddc1599e9df0fa6c4674801fdce4400ec2d081
65dcaf65cf21b2948dc4812c,ba4f9cf33e96f12ce1622c3d0749467d622f760334dfb2b3d5c7520efc5de854
6a1fefcb91996e05c00c9bdc,5642af2277cf4cde8426a78186ba826b1b76337be3356e885c6e077007d9150a
6a1fec2e91996e05c0fb1700,a22294523267191cd1436fe9f41d4d5c3ed18165673b340a126696ec9300d423
6a1fedd391996e05c0032860,2ef32197adf45e3cb1242c78bb784e9158455d0b275fef39750bf9c8e5377615
69e13ac191996e05c087eaf3,a991a7db9b40d05f63e3dcd089e35932cd98f8ec387ee4e05c04eb719c29314a
69bdc27f91996e05c029eda2,25313af5f871b36cb350c2fd4b38f8ed95cb18e5ee985c699656939626a96577
64b7ce88cf21b2948d30bb4f,01b3b9286a80f31acf5c89fce7d9974eb8455631a814f373c2c6c443e6124f7b
642676247bee9c5d5abce707,0eb565886bfd51b39086febf386778ec9fce38fd0edca29478fdc4f7874b8c57
6a1fed2691996e05c0ffbdfd,434c9bdda52fb8f119da66169f13da28bc97a6fd879fdd556ba3ac1b55662549
6a1ff02d91996e05c00e6ab8,68aae893a6396d644d3b71ac213b1fc4aed3a862e801946bdcf24802dd0778c8
6a1feea491996e05c00721a6,d02d238d165403e28289152b98be9165c782f2a8b914ccabf92e9b4ea7b32940
6a1ff0a691996e05c010a3fd,342f222306bf3badb8ae48dc83e60bc9a5e6c4fa01bac157f5afae5b6d05bf4c
65dcaadccf21b2948dba0893,221c1a3190dd65667034094cc772156739053700c7d83bb40ac020b3ca6500a1
67efba4eab7e60756e6ef84c,cef0af143582218795a60b9d4d96aec6a16c5159d4cc08cb811a9b6735a32fc9
6a1fee4f91996e05c0059662,e99bd243bab9e9ac88373c2e55754bceaf021594688e74f6697982de29de2a15
68527b51ab7e60756ef929c8,b47d34f99b834534b7f75dce684d806b557412fd353bb13a6cf9a34e6fa17864
65df1dc3cf21b2948dffc675,7cbb214f07025e377f84bb11ceda228b8ccca9ced792b3a111d7f99dcfea3091
6a5f2fe991996e05c0f1065b,5debedf8868d62f3baf0b58cd0bf435153c174d8571e25b503712cca8bf1f196
67f11728ab7e60756eda70d6,7bcd9dae9cb6180e64549bbfe5c504232185b4d1fabc6591db052597cdb904f3
6343b2917bee9c5d5a681182,b7f23ec789bb54bffb45cf861f3031e833574bd43b4e7e763b5ff54c65429927
6a1feb2191996e05c0f5a939,dda5f0af97113f98722eeb1bdbee77f89bf69ca15788260ad447a9c099342449
6213c28bee3b0993ea16bfe2,a021e539e50d62d4d35e320755352b970ab4cfa50ce325e3a0a72194785eb671
6713598fab7e60756e0218d0,a3d3e4b705df2894f9d30a6591d9c38427d1a985a6ca5ffdc81445c06815fdde
69bd8c4891996e05c0f87c38,b40771fe34ddefb9a17b506815db198f1762fb12e6a693e5fd1c3af89012403d
6a1fed7291996e05c0013431,d3d191fb70cccb1bd55a6d5572f8235742d1bfedfa1d0c99409ba9c3262c0dd2
65df2311cf21b2948d0c1eb3,a00013893214325dbc5e6061022363dcc2e056a94f87b128c55bb016f34b20d8
65df135fcf21b2948de7c013,729275d285e390b0582ee1d40114147b6495be69aebaeacd477d30586470dd73
6298f8d853c65bae2e7d9123,eaf0040d749ddb3020ff60137d6e50c3280a8a0d04d421324dc6a21f0b4c0679
6a1fed5191996e05c0008b0e,bc7273bd7ffafdefe682e195f851b7c63fde0b9d67e9591eace13918ab9cbdc1
6a1feaf791996e05c0f4d28b,bad244e12f5a6e485ed92327bf1fb6b3b797cdbbf76d72e9b320b98c89ef3896
69cfbc1c91996e05c05c59c9,dfd8ab8e9d943e31f1219814687d3227bd3cb8582a62c1cd3f51b0a65703c182
6a5f30e891996e05c0f4063f,946ad8bf0f7b4cf3e0d7bd43dada879cbc7a40d9876b4a2787766c3bf3cc21bf
6298f2ab53c65bae2e79f602,61d022115d0ad6d9b4cdb7b1057786f1d370136326dd1fcfb2cc37f851552554
67ee7b53ab7e60756ebcc7d2,451d3628f00a442c36675bf5423b544e2fde5dd4610be1a7f65dbbe6b08c7582
65df1a3fcf21b2948df7b17f,4b853d4c308e68420dc7036e002630c890faff4e319c28a35aab496409667057
65df1f91cf21b2948d03f757,71f7fdb0258d554bc8d8746b01e569915f2885b2c012882f7f97ce7c428ae8a9
67f115f0ab7e60756ed8769b,bed58a46c80180de01805717049346214166d45e08837ddf80ea12afece67e23
6a1ff03e91996e05c00ebdd2,b944ce39dd71cac6271dcc764600ee1550b46bc89bfe38599581b27ddef4f1f7
6a1fe98891996e05c0ed0e9c,cd97fd2311f4c5c631d2ca26725f7df6f1e799c9452103e6de1816cba50cc7d3
6863a044e3ec279a5590a2e6,b03a6aa0b8d40eb2bd107d848b6dcac3f1af20a11926bba3c8b95a687965c616
6a5f338391996e05c0fc31c5,150c70091866d3adfdc99342c2d294d0626dd2e079d6a68abc13ee9417b70ff7
6a5f2cd891996e05c0e793cc,5b37018b0deb95a4932e0d973763308e13c10485ea055f4664186e0c447b0925
64afe44ecf21b2948d626777,37b6a7213bdd123d48c6ff66059564e88d71e00a6ba95c1e7f21a8fddc79b8ec
6a1fec0491996e05c0fa497c,66eb2f243db10c8106c97f7e1f8744b2f2d06c2a68b38abff5055ad998baf443
69e143de91996e05c09214b8,4aecaed2259c7e215423041cd658cdd3175f4865bf1b317341f4455918057bfd
67135c11ab7e60756e065e12,4b45ef6ab23204001551de65a32a7c0b8976e02664aaed411d0969e76ea8d27c
67d8e5f8ab7e60756e5cd4f0,71681513ba7d795ccb3d2502d5bc363071e6d99b11120af00ae9df2dd560bfbf
6a1febb591996e05c0f8b147,7d6ec151e97000f83421e596cfea78579b355a7cf928c528a480afa574efb22d
6a5f2d9e91996e05c0e9f703,900a835a6bd13773ddc8ae907a03baf5b32e9e691c4c53cfc82b0cbacf467727
6a1fee3a91996e05c0052b05,03e93b537ed8a5d30a93f820b6749119c3dda612da62b985e3623ec25f065641
6a1ff01491996e05c00df97b,0f59c98ea93730bf651fe956ee035b3dfac002b6306bb8ee112a5da1f7d04931
6a1fef2e91996e05c009be25,f27b554597758a476a32f3233b8ced8e9dee9f3fcf7e3fcf9ec218b224e678a5
68527b70ab7e60756ef9639a,19f352f1ee41279d79997cb02877441eafa7f6900819ac567e01cf6ff896207c
628f43897bee9c5d5a86a7e5,b82a8e80bf45ea9ae179110fc6669c3631dc4ab164c6b6b31c1f2f88e575e6db
68527ad9ab7e60756ef8265a,ecbde3e89274d1135a9771c3e462175e2234248d012eadb9b0a98a295882f1f4
67fcb665ab7e60756ed4604d,40565d7048cd706d5f16e0a451d1baecd3e9433f02079fa97e7b5e5fec5f2dd1
628f47c07bee9c5d5a8a13ab,feca5f4c8b4565d061b85d6d060a4a4979be4ed9c191ed2b51b05225c65e5f66
65dcb555cf21b2948dd00c0d,c400460afe61cd9adcf5d5c17225b924c129c97252d3cdfe20724bf708598678
6298e7ee53c65bae2e722f37,71f4afbe3180df049cb02e7afca6b041c55597dd7dc06f16b704a38d8c3411b5
641ae8357bee9c5d5a367769,51d0c13f5ae92b50c91f45e53c623e209a5d89d0fe284549c6c4467159008450
6298cd8f53c65bae2e5a31df,d095ad0fb0a4cf7c4c6a0d89c8cac9df60f71d4225b38a1444227a495715429d
628f3f667bee9c5d5a8325c2,66ed9ad9655c7759a51931a55e0f8a3972c12adc318bece1d3d72cc8b174a5d8
6a1feede91996e05c0083989,59b76dd518cc363a7bb1345e053f959bafb535123451247dafcd90155715c02c
6603ddb6cf21b2948d541a2a,29985c39647b753ddf56e500ebe38b630137655d53fafb56001aa74a044ecf99
641aea3f7bee9c5d5a39bf28,b2c9ed1ee01fd9a9de5bb7d54c22945e38bc46f8312ba48807aa6f29531794fd
6a1fed7291996e05c00135ac,5b7ce72150cc8b2d2c45f02bc34bce35b550bb8a1a5621dd0cc53210249da6b2
6a1febfa91996e05c0fa1940,cef5e3a60d38236f3c3197336f4bacb6cdb24f74f64fc9ae049f6f10fda50190
6238610a7bee9c5d5ad49a4b,c0c42154f6e587eecab2676dd687b842db443213da96c166fc7389747f7f35b5
69cfbd6d91996e05c0622f84,7decf9113ff9e84e171514d7fb319d6dd762b7ba0fd4b4f32385374b545095ff
69d1f56e91996e05c008a9a0,629794a726900fa9857fd9246b1bf86b8ee8e22d18042bc617ed646eeb609c3e
64f0015fcf21b2948dbdf337,86c29ddcae9080a6ad1512b119f783621c09423cdee752b5c97250b193210bdc
680f3e97ab7e60756e8c6200,59118b882b7434d0f1a8181d2e8b27e6e34ed5d6a57c16132594bfb5ffa3036f
6294e4d37bee9c5d5a6a1f57,0a8377b8f0bf2a1da44ad30a109b449d752488dbd7ad49524fde986e5a2a6744
68527b5aab7e60756ef93a7f,d4a467d7079c4ceadaff09a7f6a512f27a534056e003619ae2a4ff30dd355e94
6a1feb8e91996e05c0f7ead8,c72bf9a2b4d16a8dde83ac6a15b8b2cdf9841656fd5d85e6282bf46fcd1d1fae
6a5f332591996e05c0fb09cc,03c388c43fd22a6a2ccd7150723875af91f070d8921007cd535745142f2d5139
6a1fedff91996e05c0040337,891ccd0cc51645c426b60dc69ae06b1863377d3d30c599e963bacf061a823a0e
68527ab5ab7e60756ef7cee8,709a6724db9cdf57ddf1345cdb55e05167423bbbbd396d3a8d42cd03009aebd5
68db7072e3ec279a55b4102b,8052915d264c249162f78c72c8c9dd4029a41665bd19d0ef1abc2d4f8bf9812e
6a1fefcc91996e05c00ca292,241c806edd2775b7fc61c0b33e49ff2a5c9fc709daa699fd3577abb44e767f70
624c04187bee9c5d5a230bba,ab31e737f1a58ca749a92f8ee975c2a65b6917b2af751ad39bde54981e5684a5
67ea388bab7e60756e97b5ba,7c48ce41a3929909ac45e4eb3530bc21af3d450801f544e00218e0097b7207df
6a1fec9891996e05c0fd1ae3,665f96198e1728e68457447921298a89e4e000f7fc0528e20209b5d15058d5c4
64e48613cf21b2948d079eef,a58009ae9928a458fcb9409fe183be492256fc6bb9960e99430cb0aabb387327
617c58c9813bb28a908d4627,e0dd99b5e93fcc58602804fbaf9dda3fd9dab98894479a7f63ba85ff9cb44019
6a1fecf191996e05c0fec4db,766586caf1ac7ac1609ad63710b1f95f611fde39e75e2f92ecc01bcdb64a69e0
6294e2687bee9c5d5a67e0dc,3124f6f94d75ddc9a2ceb5ba6b38f7df7f21c80dde2df27f526df9b52ccd1066
685279f9ab7e60756ef61a42,b1f5576c7d01ea2d2112341017284504be57373909023cd4aaa90a858a531990
6294e3387bee9c5d5a68b3e5,952ee120618c7609d975ef918f5122da885097eb1b6235170d441ee0ea277193
68bece8de3ec279a558c8369,c8dc83fccb798c57998b1244e8afd325b7b04fb376587a1b6aa9a4eb0542dff1
64e48639cf21b2948d08697e,f1b6992a4eb8f8c20b9cdce0e42649c3c8e4fb7e2bde6c2868e0e0b21f71c04c
6a1fee0a91996e05c0043ded,effb3adac3d669250c64a894d374ab65938dadb7dd382419fc3414801b8907c0
624edce27bee9c5d5a7df967,a349766c05b557e74791bbb4d7f2f3f77dc24a9d939feacac8aa6081775711d7
6a1fefa591996e05c00bdfba,77a4c73391cad784be9875960a428b3134d8ff5014b419840a235675066f6fb0
6294e28f7bee9c5d5a6805fa,84a1221cf077395fa8c518a7be6db1379176e7ac764aafeff1d3b94c398e3232
6a1fef0191996e05c008eb1b,f5cbcb361774c14840760ba3d47f029b6d56aa16e1a30db4810e9e637292e7f1
641aef167bee9c5d5a427677,4d2a3fd7cbd8d54d3b7a01430fa4e426061ae1f273f2c0b47b0fb647fe30ab93
6a1fedf791996e05c003dcec,23cd0d9cfb1888268104b8209e3a61d2a72092a2c460f3c9a455ff50c27bec29
6a1fefbd91996e05c00c5439,561ad471def0576b3c66a9689053ad345dadd494f803812cc6e45650149e31df
6294dbe17bee9c5d5a618e63,fa6584b554799a6569214b251db0c3763f896642ad15f868090a40fe7c739e1e
6181e7ec813bb28a90ccb7d9,96403bcd69cefb987aba9ec0a51c2f163cafd1497f357fe5810d6dc0c8a75c35
6603dde7cf21b2948d54903a,7cdab3032184bf62650c66b366192f233f308b7d5d82e9a661d7edcd6e49c710
65dc7d02cf21b2948d4bf2ef,576db8a28a0c4ae76c813c819da858be3cb239a7da31745c986b8c729799ebc7
6242a1147bee9c5d5a4fc82b,76d3b1c79199e2b62c98d48c6c862ba11ebe5043a7fbb64325ac29fe2c5e42c2
66978615ab7e60756eeb183b,ef6ab3650d640f2d3163a0af5390dc7c65b8bed2d24906d90a4ea2e9da78723d
689afedfe3ec279a5540b0d0,d5a018ab7fac062c53bb50f20816ef0e412c5dbe94ebad347073037657ace284
69d20cfd91996e05c0563f69,a2ee6d3daba613713ceb119be4f8400c5b6d991729b170c25a62081ba438dc28
64afe3edcf21b2948d615d25,fa69be0a0a18176bc5d180b47202a7e111414782d5749340253c6660aa17c9ff
6a1e0afa91996e05c0208994,79a105a8379e95ca2940cf6c819c871805a71e185d92fa284bbeaa265c628ace
69d0a34591996e05c02f7fd2,243017d0be559b6a3bf9e4b2d8b9a5f7e7ff340b54bae2a70f8950542f1be2e7
6a1fedac91996e05c0025fe7,600012af12ccb7ae642fcf969a8eb67ab3904a63da5f898f80bfd3b1d0b8952b
6a1ff04c91996e05c00ef8b8,75d264755f7928c009e98f055b8879123c6b9cebb54271041a447b9b08e7f456
6a5f2d9091996e05c0e9d280,8e84fe803e88b42f199b0d17834d4eefd319e753618a55665b8ab3fa7ee1266d
6a1fec6e91996e05c0fc452c,2a64de079b332a98b89074ba7bf4e38e2a81399da065f367966d42bee5f335c1
689afef9e3ec279a5540eee0,d45435a73cef536cc42a90cbfa7f77ac9c2a95d385e4a111d8ce60a8c02a3453
689afeb8e3ec279a55404b6e,989cb819b1bca07bfdf38af470845ac07e5bc0893431bd9f1366f148a570c4ed
6a5f256e91996e05c0cf10b0,877a3b3e6ac8efcecf984c9a2cc0940c3e0818d33adeadbfda422470509c36b5
6298c90953c65bae2e55b6eb,21159b7a4df9bc472b8442886bb3b24adc60cee046cfe92fef67a0e9faf399d6
65deed51cf21b2948d9dad53,1d4fa8201fbc66bf9f6ac98115902f133062711cbd9e28fb62433163a1308077
689aff10e3ec279a5541267e,ad0333809e50918b25c2895d966d4db27e2b086bbf90842a0db1cbb1d59b54b8
64afe4a6cf21b2948d633f1d,f4fd3d68215d5e2184d8d670355bebf4c66cdf748d6006f420cbc3486ede8301
64afe4afcf21b2948d638fcb,31aaf22bd5c3adddb03ce13155147376d419cbbd546b3d684ea2897c96643374
671357eaab7e60756efe013f,36418c1d3d8e26d0ff9130e4eea90bc2c874693d6f34db4d9e0e5463cce82b1d
66978959ab7e60756eef7cb9,9fa50fb081d52fd844e56238239ed726f1f2c5d33a100eb6645a7cc76d556907
65df4374cf21b2948d5c2bab,de9db7243c29f5d0c9dddc7881ee120459a281857368ad35a87a5e03013f0606
68c9052de3ec279a55bbef58,4154f519b2aa10d6d7030a2c7f442db5ff2d4a87b7c3b46e331472110678ec12
67135c00ab7e60756e06240d,2c2995a1d98e7e0c24d0688af7302fb22b0f4a526c36e60690d30e10429541bb
69bdcd1f91996e05c02f425b,e33e74cc90be7d05bd0a070ee7e00b321233ce69dd4c2bf668820e6e0e4fc431
68c90573e3ec279a55bca335,36bfbc6479f80b41edb6d33a1d8fb7a9529a905947da662dc1a0b4f62ae58f6f
62513edc7bee9c5d5a86110e,d1f9292eea36cdf7edbe27fb3af7d22fa4ffa2efd5c55d821534ee6735fefe3f
67220ea8ab7e60756e6d8a3c,9b5dd3df1913a7d896ec12da7e1b52a27393eb2322e6940bb36fa1bd475ef451
63cade477bee9c5d5a73527e,6bc653b084186078d9b6feead625b398853838375e0e888119570a94d89298a5
69d0bd8291996e05c09e038f,ab11c1e35cf552b396db0761b1f553d5eb06719e776c5ecdaadcbec5f1260a8d
6a1fee2d91996e05c004ebe1,1863be8f531fd392217cf0fc05a937efcf0542ca43bf5efb3ce3fd38f3453270
63cad14e7bee9c5d5a6a013f,0f6a3f67a638b6687480f8c0d924e0a1812e286499d51d13774a529abd8a598f
67ea39a7ab7e60756e99f7d2,2c29dbdd40e506cbab377df526ff810f5148baa9c3807fb388631c1e75d2f43a
6a1fee8491996e05c0068147,8adb72e5be49a988c9421fce78169ba9efed2da85bcb433bb218f3df4c4dfc5e
6a5f282f91996e05c0d823cf,a8178044808d39b0b16166724c159e35f4ab6da14172c19514f04578a7f176aa
68527a1aab7e60756ef65f12,1cebb11f78c96e498ad418140880fda44aad204fa6fdb610a0d324f2b1c8545c
6a1fee4a91996e05c0057899,597cbdbff1b4973036a4fd1c87d1aec46f8bd4aaf96358c925ab0df7b6d10577
628f3c9f7bee9c5d5a811edc,4689da91d40c42fb5da906704ecdc674327eafe923f729996194274c2a04b6b6
6231d1857bee9c5d5aca0087,0646b74f4e7366f8267d88d3052ec55ca868193b6b1a11a6d0a8dd45a0d5badc
6a1fee0391996e05c0041977,7d312f43da03f3f22518cf2dd631918773e7162469ad476225b69b89774ee249
6a5f2e3291996e05c0ebca6c,ca9abb7221490b605c035547659876e19a6691d1b3292a3cb41e7eae18f121ef
67ea37faab7e60756e96921f,ef15248499e311b4d4744e5e0226b785df932b423f5657f6dfe6471bc0b26ada
69bdd04e91996e05c030a473,734119d4a5d8980d752f10f6d4c84402d0b4e9a489c19f9cab3f481fad11f855
69d2073e91996e05c043f28c,db93b40c4338d097bf2796d5c0aa4a6d01e934f4d51357649e285b9dc2caa69f
64afe3eccf21b2948d6152b1,68738fe57a22d2be3f8ddb30d7c1a54836457f31004891839687d58e5359d721
628f418a7bee9c5d5a84e552,9185319237e4470d6f319a66e0cb59f27597144bb737887be8fdc6e044af5056
685948bce3ec279a551d5c19,9a942d087da6b050c37e582afe7869233ba2a97f28bc735f3c0615d54ba5711a
6298c99d53c65bae2e5654f8,d7ce38915e4f99003bcbb5481c1535731fcf849702264c4d486cfac84371247f
63cac9f87bee9c5d5a62c26f,441b13a275fe1d4d017db031ca11bf36b38e4c4fd1fa51d11483df52051191c4
6a1fef1c91996e05c0096fb3,bd29874dafcc6096b8f4eda57c1516111f14c0e53afb98872ae62d039b35f5b7
6a031e4991996e05c0038ce0,18192ec55be8e68f01b62a988f29620d5aa544afba124abb8ceacd9e54d40837
628f3f207bee9c5d5a82f1a2,1cae06317504a326f003d557e268c5f296e622df622e54e44223c5d542b7d9fb
68d4bfa0e3ec279a55b55982,07ea215165705294f3556e4a5e888f2d9a1795bbeee34fadb49539b9db062742
69d20bbb91996e05c0522d1d,75241991981561b1e302af5d507c9019b8bd47d85d49178e8b7ad7bb20657cba
67135c03ab7e60756e062e0c,010bb6cb56e440333ee80e96b7b6fbea925abb413f3385a10d144d8b45ab2f50
65defad5cf21b2948db93467,875d1dba0f6e16948a832bab0c6008419a3816ac9f939ce7e68e787b05b1581e
656bb2278c12ebd66fb3fb33,845db76b4e875397972c9f8eb24926a583c01453b29ccf68721c2510a2c5ab97
69cfc8d291996e05c08ff872,2e1795045c5f6f395741c56ece81a3369108b4e7f87439ef19a729a4f0ddd0ba
62e8ddad7bee9c5d5aae43b8,880b2b8df9c67e11d4cb29feddbd3719a1e635fe14ab1f56bb15eace5e3f4961
6a5f32ff91996e05c0fa9008,025aa9acf701c130de49f8cbae02ac7c2545557b8006797bfe2764381c05cbeb
67ea38abab7e60756e97efd2,20b755259ebd0fcc5ddf819ad6a2ab31df6dc8fdc799886b12d4916e71a6e0ad
67ee8168ab7e60756ece824e,c449337c0693dc8f47f916c4d21c468892a1537dba756577a00f973b1695a8e3
67135818ab7e60756efe9b88,f75bff7f4fe3ddba1a717767c813e1367123c21e898d14d77a5be6aff101bf68
65df4fd2cf21b2948d7aad8c,d76bb4734d3dcdeedb0d0adabe15f7841d6054b06ae737f776581cf9e03cf6b5
6a1ff03291996e05c00e8233,cfd51c695cabf414df6ecf1e06715e13519c4aa6749f89c9401d390362656de9
6298becd53c65bae2e4a6260,e93f1ec99025dc8d4f25240be457398ed880533947e15989758efc2e7fa3714f
6a5f275691996e05c0d54c67,641ffbdc266796870c4827cfc71e5c2390794bdc40262de348995a799d8373a3
67134f60ab7e60756ef00148,cff59653d9c35f3176072f4176cd50dd321af726c8dd5f0b7b9868f01c9434c4
6a1fefdb91996e05c00ce946,972e224a6e73b518794fadcc11649241d96275dcb5fbdcb752122f8bcf5014b3
65df438fcf21b2948d5c77d4,ef91e785d84f355294d2ec6e6aebbae99951b9f9830767c48cb7905ee81ec9cd
689aff07e3ec279a55411165,cc3f3c908299341ef600884039ff0b7240e13cbaa16607c0a7ec6bcb7530bc39
6a5f2f3791996e05c0ef0719,2a7a1ba9972f1f0e9738c474d15d6750584ca9e9619bb6a8ace8bc917d7d38ab
6a1fed9e91996e05c0021911,5caa2fd3a9f3fe964a57bd5f18e384497d5b963fa62c5549702b34c68af7c60d
69cfb83f91996e05c04ab914,11843dbff9c852da286eafcd5fe897ba8da93d752a92bb888dc53759a233a58c
6a1fef4d91996e05c00a4694,b83d4b1d1b99c81c2de9fd8e98a8ebea0712e1435adc76237f2262ce21155aac
6a1fef7691996e05c00b0c26,cc4040081841fea3deaacae89a1ca7ae9f6d723329089406b97c8c6744851744
642675847bee9c5d5abb1b82,f6de1a2fdc0e77a4260ef49df71e3b080c29b54e976960e53ca269839ef53596
67ea2e80ab7e60756e85a7a6,f35cd0a343d75aebf8fee1c0c3e366bbf70485edcb448ccb6755a9f3abce5423
6a1fec8391996e05c0fcaf86,8b4e1fcac4d019ec1ce26e08c729b4f2cb72c0eeb574e4e9cf000429fe183c3b
6299074b53c65bae2e8499e6,c94d03d6a3e4c81cacd07f8e6a459f3b6741d3b08202cbbf86180cb818dbb46c
6a5f256991996e05c0ceffcc,84c16f961bdb39129c40ee4a479c5894d98cb746fdfaa9fb98a881acfa98f43e
67f11724ab7e60756eda6977,d8b26f6ef5291e5f9d33d6e7a4a8d87e673a724277ea2c9648515fa9221ea721
65df5403cf21b2948d852b01,089162eb1d112d547293ec17f5c022c95b2d8c963d55adc3957eeacffce7da11
6a1feb8f91996e05c0f7f394,25207b78131b49115ec6ad450db85e3e2edb6f2eb99a7906f5750f5abd8605c2
6713509bab7e60756ef22cb9,7a236b64b2691766208fe25189408baa1b2ad099bbe9c9b411640cf0241cd37e
65dc65f5cf21b2948d1c5418,ab96345b9c1abb94b0247c5736a2cffc8a2cf6bff89f886c84c65d7b10fb6ccd
69d0bbc391996e05c0976bdb,79d5756ffea7c3eee14e9a2590ada0566b28153c3e700fbdfc5aa3ca0f19f879
64afe3f0cf21b2948d616dd3,a8b5c43de7cae5b7c375425cab3ac4a008ff9f90318e87a09e6ffaaf10bc709d
6294dc5b7bee9c5d5a61ffd3,5c0e977fc32f5052a2629e2f6e4c8b469335f8261575bf448f3222bbf6b8c2c1
625529af7bee9c5d5a3e7629,902fc6c11ea8826a40c774eab48025bd9004f0fd80ea5c74400456fc540510f6
68c90543e3ec279a55bc24fd,6be1a60f046e9869122ed9b204d6948bec0b39d872958b094eed68e0b9a3d560
69bd8e7591996e05c0fb5839,c418b15d805ed09ebaf9049a2591f4fc8dee8913b897eaf7c595ad560863be8d
69dfbfcf91996e05c0bd0b30,e7e6c9ae2995699292689cc9a9b91aa14998d82854f6a2d33cbc4300ede6dcb0
6a1fef9791996e05c00b9d8d,8d0e126369864330c18fe18b846f8f97a97e75de41c9f13f1d88ba40b5e8bdfa
6294dc137bee9c5d5a61bfa9,b4f9ab3beb92e7a0112a64b392446e1379e31d9852f5c6fafa5387e37e61c488
6a1fef4b91996e05c00a4008,af27907a985bbd417fb243fc8e116d1f73fabb0d16abbb233bcb5e569feb6fb1
6a1febc391996e05c0f8fd55,7b6a88599db007fe624fba9f8b8c8d4ca392791a76f55c915b35c49fd200df39
69dfa00391996e05c070dcf5,04afa5230949231c5076ece7c57b49af8ac04dbe78ae5e2f27ba15c6f1d3d6f5
6a1fee0d91996e05c0044f86,49d53238919dd0aca99a67a0ec6d2e683db72adbb566717ec6f2a8c8147255ad
6a1fec2a91996e05c0fb0172,6b49dfeb87942c27107a797a9e0e7564f70169fd90dee250350221e7e6dee2c7
6a1feb3191996e05c0f5f51e,4416c4d54d028999edc9cd1079da7e26cf02e5110d15f2cb8edc9e0d656f1c72
641aebeb7bee9c5d5a3cabec,a6bc83a4b527d802d96571bd258fd40f81f08f26314082627d609c5e72e37035
628f3a347bee9c5d5a7f4a61,e2a2c2a2ad900d09dcf07f39ceaf85daf10529127bcd921b1a26b86655464bcc
65df51bfcf21b2948d7f6e8a,abd40da154d69e07417a82a1536c08aefc95766b8b76da977897ac577021060b
624ed4317bee9c5d5a77cca9,7b99327d55b204df57ad6f10fc5b8e8754c51c5aa691518b8592571d7f7d3efd
68c90618e3ec279a55be3ebe,54b3a666a93ffa32c43755ebf91bb33990b5df43b6205c05be2b561535300d35
69e0910991996e05c0fd1f0c,4f5d92734b241a1b6bf83ed44c92f5adcd3c8eb1813aa270677620d110989978
6a1fee1691996e05c0047aef,d3fc8eae6c0001ffddb014e01148fc65939d66eba3a7c98ab2541412271c15fe
6a5f26d191996e05c0d390d3,3c12fc1deb9a0e9e421c2458ab677ce97eacccc1414723ffaa4b37c588b20622
6a1fee4c91996e05c0058289,50c6a43e3d7065566a26ff2e4be6c02af4da97107bf87638c27cf3fdf607eba5
68242adfab7e60756ef7f632,6f584b6065704c19c9bbe8dd4a3630605b56a1e79367e3af85f128be30a90700
6a1fecd191996e05c0fe2f12,de88500878eea7d11ce9a7d5209c887ba11f8ddcb9db53489d47ff155492f617
6a1fedd291996e05c0032573,b62354a414d58fbe38b1ea71a9b3f5b175b1b60288b21215734b0a96e518f8d7
6a1feb3b91996e05c0f62df3,52e86dd75869867d7f6f989d914a4575b91bbca01547fcef0e38739f17e4c79b
629915a753c65bae2e89f054,4f99690c1561959db35211b13a78bcd92f07a64ea1ecc79a6b2576e44bd012c5
6672bd7eab7e60756e1efdef,c021922b4862bea6bb36f22fe37dbc7e8df06902a76cd2d09daeb5b4e7400e8e
614696f3ee3b0993ead4bbac,c5c606d31d65930cfeafa99f23c5bfa2dab781e023da7c7d5f0954c2f025f585
68c4144fe3ec279a55eeefe6,87aac2f8ec51a949ff540fdd07ac0135628080241dbecf65aeafec671ba5594f
69bdcbfb91996e05c02e9007,18f6c5d00b0be0104da656ec179b169c4935e3ed26c30f991dfd3b2a9f3aa966
682db8a2ab7e60756ece35ef,3e8e2bc2bae3830dde98e456d30a4383d7f97fbeb0c2224fe6d2f54619e1a64c
63cad31a7bee9c5d5a6b9f5a,280a4b8e0fa31896c5caef8c541d04c69827c5d3b70b836daf1cb46c07842274
67220eb7ab7e60756e6dbe57,351c802bd33e17c1c685b8d15e1d62ef9150cbe867a4632be06a045053fd4747
65df16ebcf21b2948defde4c,e9541f4216d9d09ad60eb5cfa22858798a570ba9a598770207485a6edf347136
6298d9c953c65bae2e656252,c15dc998e7cb6ca695cd55f465de86559590dd16e26e1732a9afcddf8e52e4fc
6294dbff7bee9c5d5a61ab2a,b1345a8ede44f397b7a7405c54c8e19eba97b88f933b4d48bd0640fb66ba455a
6a1fece091996e05c0fe6dba,9256528d237db29f0969637df5fda8257625e323865d1e80df50bfb16fa20d5a
6a1feb0191996e05c0f504fe,cc8ca31f24d0358ccd5395beda5fd6f97eb24cd3d3bf19fe42912d63e08228c5
628f40cd7bee9c5d5a84453f,6fcac8bd7dec8012b34f274c27490d7cb1b39f2c53fa1ca4415ab4c525322141
628f40727bee9c5d5a83fef5,afd2885abe9214aca5ac85a051455f79644bd080316ee5aaed74f3de79184196
6294e72b7bee9c5d5a6c3299,b742e6491e3f4ba735295f8be6a326aae33b1ba5312d5ca1d776f1b81acee1dd
67ee7217ab7e60756ea40e58,37de02aebedb144d5889ce39384e3c0b20abeeca91d72cce214519e162ea2622
6a1feef191996e05c0089463,f7ad8c44683de27741ca9052563afbfcd4bf52c60f5996f3cb0f4d6729b5a9b8
65dc87aacf21b2948d646d57,9c5f811ce0ddcc2279cfd6fa5cbc2edb6da98b43fcb74bf1412a58442af036be
5f7d32ea4b61bb08c23f9218,40f06dc4930f590495e92281ce7ea414be1f9acb4c80cb568c7c0c7b690189b8
6a1e1a1591996e05c02b1b94,286cb9470b5823776fbd02bde4c7f60a6c620df026db4b236f82ee3a734543fd
69cfbc5d91996e05c05d8ed1,21afd4e63e26a9a91a12a5a0a18033c95dda412dc07659bd1b3c5bb5b2813f98
641aea127bee9c5d5a39557a,3c9f7b50d908d1b66d42e0d5e45aa88806cf0bcc447786dc04104846b4d92112
6a1fee3c91996e05c0053193,0c31dde16d7300b7a24f231ba999aca0b153c881e6209f1817be146dd94ba67c
6a1fedb791996e05c0029acf,bcaa6a0193477b85338c025f1bc8df292c8556656f890ccda4d8021dc4fd9425
6298ef2753c65bae2e7793b3,adbcb819de534f63abab83cfa79ae34717d1c8de70ee906264d168808a11fc63
64be45dfcf21b2948d0f917d,b6dde75c3bb4fca9781156f67857969cd390b25f5e5d4fca007ab36db35cef38
65df50fecf21b2948d7d959a,3d4652ea57732571635b5ba95449c6656c008c0d977fcf53f35055d33e4dc28d
67ea33f1ab7e60756e8f184e,f3da7d7315253851f51a772724c63f06308924cce94772cf0763bc1e2b29fa51
67ea394cab7e60756e993309,baf91eb08ec826ed968494d2d406c63cb41d46ad514f84b561c616cd1064776e
628f3e117bee9c5d5a82171c,994c17e69b078e7c414e8b9ed1ee9b6b29d1fc285e760bdf791ea6a85ffd247b
609b764fd5cc354590677481,50a662934ab23ebc9abdb0b14eb918f880b57965e2185440469471598f474007
68242a65ab7e60756ef6f778,98ff8ef63650605e74f102a3e5d462ec19f4ffa1ae82e10fbe860430770e56e6
68638a9fe3ec279a55601f27,faa07405944dc886fe3606b21a725c19bbed709bc8e77bad577ab858ff0b8b3d
6697892eab7e60756eef4c80,668d8816922a755b2d2a1a7c0fa0a315bb59d58d654f14ca73c2cf202c3b8b45
628f3fdd7bee9c5d5a838c2b,2662589a3e9b0bdd96ede2164b8b38d371547ea56a6ffcff4820e2178e288c7d
6a5f2df391996e05c0eafe71,a5f436b464c13bc49b9a08cc31a4be7c0dccd35220973cbf7fa6626b35d83945
6299145c53c65bae2e897ea3,4d7301b5e87667bcd03274a981941bff2c2fd8625e721a247ab627da50e5d518
6a1fecfe91996e05c0ff049e,5c4d5c75a0114c039ca6c864386dc8df113cd8ac8087a31c192ba7409c3d706e
6294dbff7bee9c5d5a61abe3,cb55bd4b552b30fbf6ad031ff5e6bcec7fbc20dcea6184428bb473a38d035192
6a1fef5191996e05c00a5958,3c6293369dae87ecbfd0cb3ef905cf337c12f50f8781f7acf01f76cd4e8ef776
6298e74353c65bae2e71afec,bb7ae46bbc51536b249529929558049e1335a4fc94eae0f1b42453a62ab63078
6294d7ef7bee9c5d5a5d884b,9b0e0716cbe77e7d319594cce6b4e4cf1ed9430e5420ab452aedc9d99e54a792
67ea24eaab7e60756e75b16d,246d7c89517e51aea9c78134f77becc309b0f7a0ff8c6ef22d75c8a393a9fa96
69d1f54b91996e05c008060d,10b4a607b7585bb864d729119441d505c3d63b6d6f8ecb3e5e503d08d92a4436
67e5577dab7e60756ec6646f,0088f5023404732a29add45bb7b6e19c162ac4691ba307fa32bf068cdccb1a1e
6298fc3d53c65bae2e7f5a2e,96d0ef62a0f327b8852939dd7bb011437a69eee879decd2107de824d82fbd797
6a5f2c6e91996e05c0e643dc,277b2ff786a2f459ffaf02fefd6ecd01e2b26ba5fa3537b48ec8ed210a5508a1
6a1fec6791996e05c0fc24e5,44b39840bab919bc21be08a283c32f0bcc2c33dbdb1a5a5e543a4a3a2ad76e53
6298c69c53c65bae2e535581,119e42290e66e5f31222fe36ee518cd55e69cc3693e98317f64788ddf2c3aa7b
5ee328e616d97489fef1f0f6,53c9beb08a2dc5aa64d0f708e88ccc6ef70ec41fe086794d2959bb2d22c43c93
6a1fecc091996e05c0fdd95e,3c8dcefb3056ecc0615ad15f598a7d34d9692692fa2231ef1be88e7c9cf772ce
6a1fef1f91996e05c0097816,7d51d2038b6ad3db6aa20a27b6bccf2bd55a93d84cd5dc93730e91a7cdee7153
68c90555e3ec279a55bc518a,d9a9dbdab865c9819d7430d267f7e2e363d1dae8d21c5c60e2ceca45311b7ca2
6336b09f7bee9c5d5af8dd29,966d6d1edea7b5606e5a94449894fa447e203195f8dbb006f9de918e18bbfe26
64afe4aecf21b2948d637f93,a0ac52b84de2a1aefc3160952e711db832ae51701fba381d1093ff647623c1f6
6a1fee1a91996e05c0048e25,a369a65d95b17b3314ab20b1d9c3a6462485d77d617bd9592c9d159c1ebbb5b0
69dfca0591996e05c0cfe358,1695f45944bd54b62e66f1138b8206b3a801d2ef2e0ca2404329a0dab2062c8c
649d1a34cf21b2948deaee50,596a60f13ed395890b55c2f88614839e32b5e8418423930bcaa1b795f9068194
65dca138cf21b2948da37315,10b4cc533c7edadf273121749a4331169815d53138e5c1206ab4aac90888377e
6a1fef2291996e05c0098739,8986d2044a202af64a4519b633a39a67ee8b7b9640b3521208bb73cf478ad480
65df370fcf21b2948d3c3314,c9396102e0deae76abd944a28c744524b5e53306070e49925487d89a64dc420d
69bd81c091996e05c0e707c9,a620e1c0c52dbdaf04f57a0093e3f64c074bb513af141505325b2a3044295c60
6a1fed5f91996e05c000d0a8,c42195d333df2284b8d727e972eae7fcabb0d0abf5d55befdfe5a6bd22412256
6299205053c65bae2e8d2518,7a9f19896478f19773443306135a3d5a3af3063e2afd50fdc889b3ff9f44fd4d
6a1fed5891996e05c000a885,52d1a69690064c79557ad8edff4c9c78cfd2e889c6b422b11d0d92b2c4f4ac1b
6a1fee3591996e05c00510e8,e58c0571e34ca69e12d4318521ed1a0d8b1e46b619acc9dec5ebb90acb13b271
60c4269bee3b0993ea144216,f78e0c79aae014d4104214de4264fc78b4ef96a78d422b0a690afbd551ab74d5
6294d9a67bee9c5d5a5f5e34,b848ef4696bec9de86792d4770812e0fe7824a042fbf906052ec68a44459b315
6a1fedc191996e05c002d2a3,05dcdbd6253855b44e30b11c76b445631075833597654b02e9f518520ba0e1ff
65dc6ccacf21b2948d2ae3d6,5770ddcd6f5b4dfad491143a666607b3dd512c502a7e88c1525651161837baa7
63cacd367bee9c5d5a664171,82d092a167791e0cb6e11c62b7f131c2457cbb59353ff2d8dd8f6035a45e690d
6a1fed1091996e05c0ff53c3,cc11ecf80c861a1aec72f20cfe1fa260e14779a10fb9c0db92c024080f97f38c
64afe4abcf21b2948d636c93,db36ea64210971bacdbfd14b3931b32420d8a33fc46ff57cfb4b5465a03f8ee3
6a1fedb691996e05c002936b,94235376de236c66db8b899339895c64f0c1114e3266851465229578f4681671
69cfb44891996e05c0390d1a,ad2264c0590fa18bb062c729a2b40abaac7a5fe9ebfaaa34b38ac784d22d83ea
64afe4aecf21b2948d63877d,12b2bb24033deb33f2c29566eedbbe047f97e0006866329d3500a7b15dd82185
65dc9790cf21b2948d898b8d,0dc1e90ff4b1969e29318fa15d4435f84da603017c62a73c0c53e5686f255f07
6a6c36b7a8ff762f0d90d6e0,5319ea37b6bb334ef48744f0bd5d19bdf639046e1f5799c515dd3100f7caba81
6a1feb1791996e05c0f571f7,74b8e4926b71867ee13546430dd352b00c908037c323019750730847584518c3
6a1feec991996e05c007d4c8,5f68c0fa05c850d38026ffa94c654f97152a86ad078cb20eb73867b2223d952e
6226f9117bee9c5d5a22383b,f45c3ebb9db2090a16618976890de94b4dfdbaf8b017ab3f9b164a90b009547d
65dcac3bcf21b2948dbd2ee7,18e2dd834c3773eff1083bd4846e9e0752bb0f0dd84f589b241efb236e286e59
6a5f259f91996e05c0cfae6f,af3442c7afbfe474e20ad636f9ddc3b97771d5d6cdc9c011744b6fe86a67c056
641aedb77bee9c5d5a3ffa65,1ed2609a4c95aa4cad9aef79117e4fe11ef355176d20c3adfbd1ce4c0f0cd71b
6298dad853c65bae2e6663d0,4bdc66b311460a18ea1c05493f596a1c9f3c5a6c03f02a14e9c86526799b4203
6a1fec5291996e05c0fbc549,80ad2870788e9013a1eb7a4916c288a86bcba043fe31db05308216a84a00847b
6a1ff07e91996e05c00fe047,0061c0d1e203999340596777a4afa320c189e531dee72b7d8ec83c104a95c159
6a30ee9691996e05c0500f68,6d2734743be698ba2a2c5e7650cac1c0c7644ac7a667290cc8729c36028d637e
6a1feefb91996e05c008c9d9,f8d63e717e1fa0a992b11f65c2ad685a7525af9924117341026affac6edd99f7
6a1feb0c91996e05c0f53c15,06682e7a2b55fd4d1eeb8568a55d462c369c5ada57b8d3e5fb389c449108e54a
60aba63aee3b0993ea3f5255,27f2742308dcc2437fc45a9f13185f3a44438f680f2c158a1b7e87023977eb84
64afe555cf21b2948d6622a2,4b5e943f85667b6d2469f2b2ead59e054c26ac0a078a91c5c1727dbaba55dd54
62f62f9b7bee9c5d5acd4707,8fa867653847270b021b8045dee8d7afc30e746576071cfe2fd837cba556a9f9
67135811ab7e60756efe80dd,970f55ce5e5656da2d65b84d8242b77d0c596f287c43dedc4730abc35474e424
63cae1177bee9c5d5a74fa42,b2a97f4e4ad4f730660e2b3e550ff1725e41ee1d206b4b24eb172aec9139b050
6a031fe091996e05c00891ca,b46973c488494f3564210eae64d8227795dbb491d98bbf7119a261310c29ae82
66978841ab7e60756eee1bf5,9442896a62ef58612974e4519b787943cd04de16900622a99cac7380289b95c2
665849dfab7e60756e70b2ca,841366ba107e6cb271608934b4dd79aa5ef4ed246381d9fb715f1f57c0dfa769
6a1febde91996e05c0f984ac,0bc29abf232231f8ca9da11a1cad96f400f1a779f9637ec6bbbb180df8ee3e59
69d01b9f91996e05c059b1aa,6de30a2f0246fe4cdce9d3728a7413668c7314ff61a626237cb8237f5a37e2d4
628f47367bee9c5d5a899c93,c06a29e733fe9e49ba66a572bfc39447f977070888b8c8006af911e1db7b247a
6a1fedf591996e05c003cf8e,e83c6c13e3e845947b09509c2da675385107954f30d7dfdbffeb8b68b2888b27
6a1feda391996e05c002350c,daf3ccc2135e90c33dad4dd43ce758a4471586e233bf6ad3fed367591ee912ef
60498783d5cc35459019adad,71418d6e8e96f05b14b354f3880a05ee92d39f893f271f426b2fc195b1a92f81
6a5f275b91996e05c0d55a07,64ff30d687d221ced07b0663bec1e7eb4586c3ca5c9599e4997012974ab3146e
63cadc707bee9c5d5a721d00,b1ac7d67ce0cafc2793e217238e6370582d0c1db3e51e69ab56888b8cc8a60eb
613a07b2ee3b0993ea71c9d3,00c09a1eae7bc4b66ae43a776191167268f084b225f16f8a7ff09b11270367f4
641aecbd7bee9c5d5a3e1d81,1af343dadb45ec58e5c5800c2ce6107a1b56ce89d994e7fa026633eda7ca66ed
67f61f66ab7e60756e6ec7b8,954f1799e22d555c6be0a44423fa67b1e6ee2680ad964521c17440a87f435313
6713509eab7e60756ef23748,b9471ba19b2ee7e53cb899b4cf538a60d9cb7de4f3d75ed65308bf54690d67b4
6299043f53c65bae2e8364ac,9685e3512ccfa661c420ac855cfbe49a1a58a594a1cddc29aa16746b58b80934
67f1172aab7e60756eda73ce,e7d3f91aea4a1575829c5d666693e874aadf1d2060892e6869007129ee6267d3
65dcaa87cf21b2948db94b92,c6625df3cb21f0cb50f92128d688fa64d8ed16fa2f2c6b3708b3e8f5b1e34a45
69e6113391996e05c0b436f6,a38f06f83e6bb486ef8453a1b2a22d66c1c223a4bf36a7d9a72a09b1d8c96d57
6a1fef6991996e05c00ac94c,f2567ff86b80a0c89436aedf45f689896b40fc8f8ed50d9cf36a298342c94c81
628f46327bee9c5d5a88da2b,8e85b748e4146da050c69ed7a41b761107c2ef7a3c68d3600c475093c93af63f
6a5f28a291996e05c0d98ea7,e299f396c3afb8cabc47ba23a4d0ba1daa98d8a11543b9da534d06ae0586e341
6a1ff0d791996e05c0118774,ef44e81e354b6fb98f385cb9befec7f8dcd892fe1cfc385116d7d244fc24e2bc
60cd8d15ee3b0993ea7eee35,12ecc76b93522d813d4d705290c78ddd3da8209e10e8d98a42b44ce758f5a878
64afe557cf21b2948d662fc1,1bfb4d188aee1b82b857945f213440568899dd1d2a8958e311a9ab26854ee287
62413d2a7bee9c5d5acd718a,5e5e0ebcd6529e60b1bde2a979471ed5e4e8a868c1526127fec5fa6863698daa
6294d6b87bee9c5d5a5c33fc,f49469771c1c692092a247ca88d664d8cfabeb638b57ba31bda8cdc3d10096da
6a5f2dfe91996e05c0eb2071,b52ed3acaf60029dc33406f00e5d298da071f38402c960e2514a03d3503c33cb
62990fac53c65bae2e87e26e,b714a245e0d5bc7e036152458491c1f0eb70933a9db0c96443d689717b072bfd
6a1fed0291996e05c0ff1733,381a022a6d83a5c20d5f5eb2ea96003671cb99d1ede0faba157f1758db3add5c
67fdf63bab7e60756ebc1bc3,f224d1feee7defbaa7d97133d085ec9bf53ab0600699e5c218fafa05704ba73d
6a1fee9d91996e05c006fa17,13a46438294a11079e7064e0438a37ab8e6c334de16e9c8618560abfe8ef2765
6a1fecb391996e05c0fd9c73,7d5f4af176186e1986878fd3f2984428dbea1ee4b60ba79bdd47c0614696c804
67f115c3ab7e60756ed82c14,f139b9f4f227a651ce547d5b6c33694fd622f0f77f2eaa6d5d864a6d87cd0fd4
62991e5d53c65bae2e8ca1d6,fc177c6be4fe51ec39b83244d9ea9c3ca4e7c42c9d59c65ebfe560158506aae7
65df5416cf21b2948d857a93,1bfc8eea484ead712b8aa61549d017f1232e9696ae621aca3dba0fb4e892d744
6a1ddfc591996e05c0fbed9c,08afd57a7053ee6f6d4b868ed27b0f322a425deeca220a465c45842d53089268
687e263ce3ec279a5567b9a2,9d7e11ac97137ae39774751d6e97a5f71849ae46e07f0bd085f212eb7728479b
69d0b70d91996e05c0858db6,fca588d9154a05f53e6472c2beb091adba4d74d9e50a90d36ee981e94cd5592e
5f98f9cf610faaf7fb77ee05,f8e74c14a697d98805ce081d515c6647823e7665bf6eb3d13ae33791f66babbf
65df472acf21b2948d65f676,0341fd428d05e4fedfcabf0763d0f695fb58e4549d564b3353388d7152bd6e27
65df53dccf21b2948d84a77e,6b4d6cbb818d99f1d6949769af874c3aa3e3ee931178e886bc040b517d991b55
6a1fec0791996e05c0fa5a9c,ab244aa7e56762bbaa432502c8922e4a09bff1ba69bad79690adcb3819499d72
69d0b56e91996e05c07f61ed,279dc226134ebabd318c49d3c5f5e228eb63d33c11c452f56783393bd0bbe5a9
6426751f7bee9c5d5aba01cc,fc62fc0cc7d805df98117e4ca9395d54a1ec6a59db619059ac2b222e97e4ea29
69d0a40891996e05c033025d,98fb91636faa2469da9bf0fa6e4637e479643fc02677ed779777464eaca0f530
62e8df147bee9c5d5ab0040d,70cf16051ceebb7e5ea02de5d21881ece0b2b097b56e7bc50b5101a3b728ea16
65dc7990cf21b2948d449ab4,514d7cc56026062a1027bd1066e01aeddfd7f0b8945f0cf10151c1c2b9a944b7
62275f857bee9c5d5a5a0dfb,3c669a3b6572df162da9102ede581552c20c91cd36a8616f4abd16a7f7a08550
6a1fee7291996e05c0063368,403e06e08b1720f7d814e772a754ae83583822053cc7a9f14f10c6ae9ff9e145
6a1fefc991996e05c00c9442,ffe9187d8823046ff95f71933909b6f9c3e7da0830efbc12206c9c895a408dcb
6298d58853c65bae2e6169c0,8a0211e1441853e85a801900430c9b756367a11e24c9c4f860cc3769a6dc62cb
64f00177cf21b2948dbe7064,c01cddfc338e8af49fcaa991d7718abc5b8bc9e6c51ffcd00b11e065b5ec0621
6a1fef7b91996e05c00b2192,fc3ee7896148f975bcd8f16df9cdd2360a1d4f975a7bfb077b25b89608b526c9
68bece5be3ec279a558c05ce,aea7c63724050f953d0dc7a8eb991ea772241418de3dbec5bbdf260cc6921c8b
68060a66ab7e60756e536f0c,ff5c4c4b91fb91ec5eebf28116aca761e1eb00c9b36891aa0e4f4ef9df366676
64afe558cf21b2948d664033,4ec06da7b63cb90a46155752b6a7c8e73f9a555b2856b8ea699ce67ba887fc43
6294d8f27bee9c5d5a5ea289,035ee6fe30567de02f19963dffe914afa3400c7e4b18859850c23084bcb84ccf
6a1fec4591996e05c0fb87fb,85e5e8809f319ea27aafc7f9c79b6052f997a0efb48fe857c024dbaeb43f13ee
65df4c45cf21b2948d722d95,6a544356bb9fb490c90e05aeedd8731c7fd218a3b38ff4fc6bd1b797ee8ca617
65df1889cf21b2948df395b1,cd281f712b93db5fa3145eb06c9b70ee68fa61c8b031a4cf37abef407cf40358
67e5577eab7e60756ec667bf,2361ac376f7e7dfac077389c4660ea5969fc9a9d30174cd7dcd8c9132739939b
69d20cbc91996e05c055659a,4111c95bc41cf9c7c23f9ea7a61e1fc860f73ad6e7094e370abdfb670c17ea4f
65df4226cf21b2948d58fd72,03a3b9e9da154c413e0e757c2a72270271f314b8e5fe310abb3133da44657669
67ea38b9ab7e60756e980bb7,46f1068fd2f63108aa10f7d2e47dfd3c4ae5ae54a7f4dcf21981799b907cf5a4
6a1fecac91996e05c0fd7c07,39cef9419743d47ee032c3d5f012e966b93b7a3fe819225645bcc8e20f50e966
6a1fefff91996e05c00d97c2,69166ada64f4ef9c913346aa0642a7fb6b6a3db34012dcc890ef23a9138856bf
6a1fee8c91996e05c006a8a3,ce8e62e3d1bb7de8ccbda9554ca059e1754552692f1c8d40ebcef850b40d7438
6a1feffb91996e05c00d8799,fdbb1afef013f3912c06116b9e1fc5289a09d75e610830eec3802ab0e1d9394e
6a1feed091996e05c007f5ac,6896598c84af271781900f5ff79056a5ed03324c6c29c0e1e18b3e5d2229d540
69bd7d5b91996e05c0deb1eb,d2aed046f8d6ac3236eb597c6025e02971d4f606e5d28c34bec30edb32e9a348
65dc8ec6cf21b2948d7504b9,b533dc9fdeb894acf7f6656eb6d24fc602c7e5c25567c7340e25c06284d648c5
6a1fef4691996e05c00a2961,f44b9d5be3e486d6ccbf1ed4ab63dbe6cf166905848e844a7a4bcbe563212d7a
6a1fe94691996e05c0eba386,6c4e53c002806d497d931b64ae471bbe080f88d70d08c1ba0e1b93e18d772cb1
67135bf9ab7e60756e060baf,956b76c1e53ed59e32f8add18f768dac7709105ffbb31574bbab34d5be7365f3
60974cacd5cc354590d69ad6,d5f5a1d231d08155b27537691f70255c29b9abdc67651c975591b99a3caff409
6298da2453c65bae2e65ad0c,f48ade3f7814d3d0f663b5f948598b8c8cc9e20a459336c0e21d2c02c8551c7c
68242ad5ab7e60756ef7e388,d1d161737ee032a05f97c4d2e1e41469ee29efb401078e6bfa4b993a49452405
64afe4aecf21b2948d6387b8,63565a349c96249c6b882bae8e577a6e09f5cbaa6752c85fec866003c8a0ce43
64afe6afcf21b2948d696cba,3df463c31e976cc01ad7274cc422bcd99322fadd745ed41f01926bcf66591369
62990c4c53c65bae2e868d03,ca391b557d63a2add5127e46e350139141f4a798be3eaa708655bb5815941822
65df21f6cf21b2948d099848,971d529d4372c5a28fe6229afbb25294e10b917983d95254d26507f765377d5d
6713585dab7e60756eff8bba,277f68421e46fb6834fa1bc8962f897c56cee1bf8f3553480d6a9aa6ffb29231
69bdc61e91996e05c02bd14c,e4e8e903be3da8f8e542acb522449d6202b06e06fac35c8f37e2dafbef82b15e
6294dc777bee9c5d5a621ea9,d8141a24a3f88e94b01f3d194113a3dea534d48bc1ce728389e6fb90ab22a2cc
6a1fed3891996e05c000127a,a930f5bbd81eda408e3c7277ba3aff58c5541200f8ed467fddf7ca4b130f8806
671357edab7e60756efe0ad3,5b5121c4e1334b9b7f1edea78072af75c5d393cf7f7906c48289389fdef9d82a
64e48607cf21b2948d075f4c,159bd86a6efd9b50e79f28b1fa61592865d92be7a94f1a17d2a1324e6fd58b24
6294df3c7bee9c5d5a64c115,78f0e3057c9ed5682368c62bc51521591c92165feac49161e30114f71bc83348
671350bdab7e60756ef29b8a,9a43dd3cda3110593cc157538acf8c48cf365a27bb614c1a82180b6f62920e11
629913e553c65bae2e8956da,01fde4f9f42f17c4ff51062d948d7850b7bc823e239d4c95cb834d80401a889c
6a5f27e691996e05c0d726a8,8cabea4051bbe89da2ed46f7871e385d4e60cb77ca5a17f4f07928c9ad07ac0f
6a1fee5d91996e05c005d4ed,07e80bdf8da7db07b7f347f575782a18428f98df10e2f592804fa1ff6f60c6c2
660fcabecf21b2948da43b98,d046c5abdd527a28b107b959bf47c7e0e52e79bb4ce23f32e7a99371ddf0c9f3
6a5f30e391996e05c0f3f8da,8d673ef8bffeae8660ed6726c577b1c1b9eb0bcf0e925363539ddbdc756a9765
67135882ab7e60756e0004da,7c11a50a3a5a09be0bf830732768e036c81bd12b0a5775b8a292b6df4d00bc32
6a1fed8691996e05c0019e37,9e682897941f787a27acd2ed9da32e7345431d5304262f769476476a22cd1fae
6a1ff0db91996e05c0119677,5a6129307a291d5e2f3d440b231b86f615aa4df90702c7ef3a8c564eb93f845c
69d0b4ed91996e05c07d4281,4a5026af71951a1b8baf3949019ea1f5a7d3e7b874395f074430ef8ee023e935
689aff2ee3ec279a554171f6,8f8040ff00efaaf4da3b1f4275f1ffea4f5c4b2e9137aa7f995cbb6d513cf408
6298e37053c65bae2e6ece73,1be6125599bf1c1a4d7c2b2cf7c2adf28f16f2fd8e0bee19c2d8398a4c3b9593
67ee8527ab7e60756eda5eab,8cbd721b6e3d62fdade017b930240626339910b9a1acb60badb34e71e2fbab91
67ea27baab7e60756e7a0e17,78d89483b3b86533dfaf0d359a81fbecfef98acf37d323b4eea132528e6f5f6f
67ee8779ab7e60756ee12017,7eca07f1e02b1b71a00836ec9820eeffb6f10abfb010537174464abe4a5ebb12
5fdc04d47e23857eeab5eb57,c6b7704edbcebb1306502716260af5d9efd6464700be0514317181488de3dcee
67ee86c5ab7e60756edf2ae0,f23a7d2d0e5c7c8f0eea66f00a6eeb933528a012e25706939d0b06d6a0e137bd
68242ac6ab7e60756ef7c392,a134f9a65ff4ab815cfe03b915f6c1db3b161b22431ef34f71968c363aa5e758
64f0017bcf21b2948dbe84e6,bb607389ca092eeb99a0f1b0aa9612145e124b81813839af45ec98ff39590465
6374b5ff7bee9c5d5ac6a9b7,a1016828f65cb1b0475529def555b233be6719c0b7c61f877ed70dcbc706725e
628f47367bee9c5d5a899c2a,e74c4a1b6d331209f5269d860f748ea592b23d6b44c18583526e6ac24256da01
6a1febc691996e05c0f90df5,d9168e67166d329c7d7f6c019e8234c892b0fccc60cf37d86ad409b7fbab73e5
6a1fefe691996e05c00d1d50,c5b37e4cc67c7e4330de24f30364fc03b7316ab774c5d572aff486445cbcf6dd
6a1fee0a91996e05c004419c,9d9a780f5c64a15abbd02fdd3ca034fe4ced94ae8b34ad38560d4d714f110e78
5fd346e07e23857eea708a24,cfc7b700c319c802aa81e0b71372b164796dea2dcd8412d8ca39fb5731d6c9d7
6a1ff08191996e05c00fef39,6372e1f97e8dc5a8477fe81332dc2673212976becc1ea7ead9497a818b4beeee
6294e2c07bee9c5d5a68390e,a11a375bf9aa3b11ecc6fa7828d47fd486527f7826371c9b329640e97d471fdf
628f3f3d7bee9c5d5a8305b7,be8c0ed791e563a6d6ebe257a0eaa279d224d1176eee041660da82a9d84b42e7
628f416d7bee9c5d5a84c92b,f0c0f47c39f66eae5832fbbb57b11a7ef4cf7d8fa0cdfb8cef309eba93a007f1
64afe3a9cf21b2948d60bb87,96c525364810670a0811572b1aadd6c8a2ebccef56ef2424bea1cf8fb048fa82
6a1ff0f191996e05c011f8ef,29c8494d621cf3cc4d5bb52e4a1e5522af33dec38bc204a2bfa6d17b8eab09a7
64afe6accf21b2948d694de4,8c870b96c2eabdd9de7fd92a7e75b87333bf9ce5a24783fcf2553247d8c0de2e
62990a8953c65bae2e85f9a0,ab23250546b2531fdeb4862dc4d5414e990908ad8f0a987a627281de1ed4cf29
65d43f3dcf21b2948d61f2c1,8a607f2e48b8f2111621290b8c6339325f4ec38cefb53c65a0c4bea56a9fd4f7
6a1fee2d91996e05c004e917,bab57fff47239d1d3f2b00c1e84245f8b37303d217285956e82a09fcd706040e
69f0909e91996e05c0850ec0,d33284b3e8083bc85a8130108c8448f4e0c57df15c3f4a692e36ce811ed3e2db
69bd585a91996e05c07ae819,474195a91259c088b0d236928f360cd3a192038bb2ee676e2aca198b9c3ee447
69bd85ed91996e05c0ee392d,d7372cc8eeea47e8ea871920cdd0c12b72d8601105bb33209c646771536aba07
6a1feee791996e05c00864d9,2d34928f1851b9c6fc0434a6001efbe334a11cf5fd7c559d2db30684c3faffe5
65df2160cf21b2948d082ff9,bb009d70ae1ab7d1dadef2430d3b0d6c22e6d724abea9bc6cff4fd3a9273eb51
6a1ff00491996e05c00daf9b,63b844d2e17106c9e5a23129328ea8335ac1e2cd48e0fd32c4e959190ef48985
65dc6982cf21b2948d23dc3c,9af90b02d2f60cfa8e554778daa125e8f4817b5d3e5f23b164e1ff205674f8ea
69d2097991996e05c04a7060,b595f8e9adb6c68b6c49e297dfb00b4dcee8a50afbce6a7d6ab6b00fc2f4ecab
6a1fee3e91996e05c0053a1f,ab81dcb62e9f21764c3edbe2217d8684664b338232807195aa964de58ea96a0a
6298c33553c65bae2e4f8ccd,1e4b4be5e639eed7103122e4ec58ed4fc757bd61cfd53703beb1e34d0b3eeb42
671357d2ab7e60756efdb208,b6923943a7076ef4527bd3a42c8a79be2974ce219e9cb94976ddf88679156f13
64afe44ccf21b2948d625772,09a7bf5b714d6f178cbe3e965d4a8f7aaf0361813b6f2e6528e5796aa1bc7234
67efdb5fab7e60756eabc9b2,32cfdc7fe7c9b65bdbb32f7f499cd33f01ccb930a9241baadec2f0751dc0add6
65df1db5cf21b2948dffaafb,9d4a8db54dc21478bc93c656b7215c38b60ad1a74fdd41976f807333cdb7fe4e
6484af35cf21b2948d08a058,5b785f361e33c7e0022fd592089d7ff86f9b9b15aa6711daaedf9440f9fa5e79
628f37b47bee9c5d5a7d4a61,864625125e7f5e94c0bcf561cb48f624719c9079a763cb2b0949055e9699ed96
6a1fef7b91996e05c00b1ccf,21ff60d4ad121898fd8fcf7a065a0e1a87d13193648833f7f132f48a82b353c0
64afe555cf21b2948d6623b8,5d4fb4455db50d8d580b1292528fbac7e422d11f83500e87cd27315bec1f9105
6a1ff01891996e05c00e0caf,300bfdcfd7746aa853c2c1c231f969d27e66618f5628c9ce517ccffffbc6622a
69f08f8891996e05c081e9cf,91e8846732c295e9ec5263d7df49c4942d869d4e1885ebca58fd856005a9b7a1
6299180753c65bae2e8aac75,e837e6c06ca1d2a8094eaf26b476f028c80c515021bc1ce3a10ad7cebeeca946
69d0140791996e05c051af78,f514d0c7561c6d77309d0dc0f8dc852ef387598cd190db2b72d08cec74db5881
6a1ff00391996e05c00da7c1,073049da600d01c8023b06e38679fce62e00600cbfb7bd68ce6c709406960fd3
64afe4aecf21b2948d638661,f48c5f7d868a4134945912bb0e9872dffab735317d9e049e90627849a7184c33
6a1feb4691996e05c0f66d73,63e8f22c68160b1c6cd592ca538c38a3dc93e3e49f6e8b8d20b1c66cd5a6f1e4
6a1fefc091996e05c00c636b,5609a14a2a5b5ff9c0a031afb368b70aa2ed04f75cbc8cb601fcd8daec6f5b4d
65dc6451cf21b2948d188216,ae236beb4bb87a131ca67bc739bb8a95158c59029f0e2f0cf03ebce7d1896846
6a1fee5b91996e05c005c745,9acba9affbe38dba7c12dfcc182169c2e87e2714148bb375b74982caaa14cc49
6a1feefe91996e05c008dfdd,c2befac83c4f73e4127439af476f57f5655d018fc7ffbc36cf5a9ea3906288d6
6a1fed9c91996e05c0020ae0,a0abe050ecefd5ae4a5811ddf4e6770989231f2339f945eec9cc19cb3dde1e92
63cada9a7bee9c5d5a70fe86,9ec5236f14560cf046573ed5429170ac37c1b660f537ca7caee8161061a5cdf2
67135848ab7e60756eff38a1,f89ce616f68cdc303a3a18ca610e0ccb730a35e5b6feba381b6337ba69550cd1
65df4beccf21b2948d715070,8ce0cb61a7dd387a0ca175549e3a3e85c793d877fef34a523997c3abe692b7de
628f41bc7bee9c5d5a8511b6,a1281285799fdb5feaeac6b7ed37bea1c9c86c38829792a139384a10af64f15f
6a1fedf391996e05c003c46c,1c3905389ca827d8279b5d4654249341a751f2689dbccb72c4e3edfee70a1106
68d1096ee3ec279a5585fab8,53c7bb36fd525fec2a992263fc53ccc54c68ada3eb5d52c345abd28b97700254
62e8eb6c7bee9c5d5ac1da7d,d44a69dce6e2bb7d18976cf05afcdd581214cd612f79f2aa6939c5731cb8d7e8
6a1feca491996e05c0fd5220,a7adc0752318e878cfa8bd515b95d268ac70efd029e7d1533808dba54293ed51
6a1fef6391996e05c00aae14,0c932fc756f9a1cb8d21c92719ca132589fd2a3c3be3edc3ecf165199e1baf24
69bd50a791996e05c05a3c0c,436c457d998e65cdac20792496e05f676f6e6c961afd1394dc0f27d4e61609e9
6a1feba591996e05c0f867bf,8044c6d1c3b38e281ad9160141182978be4fa4ee4b547af2425a2660a125b39d
69d2086f91996e05c0477085,2a8edd516a9e6dbca279a3572c96602ba2cf98876e95c301ef25169e43bdec21
6a5f266891996e05c0d22daf,ad4399fea67f280689675b6e35c4124355e6106e3ecf5b876a3fa3bb26fdecc4
6a1feb8c91996e05c0f7e037,a40260ef88a08b51f14a965cb36345e206d469e6fc018eb22e69161597747d69
641aee897bee9c5d5a417baa,e5ca905be6f41c8777a44dd2e64c1b761315cc64b4378d5a2a96071448152316
6874ea12e3ec279a55e59b73,697fa7d025ca04af4c077e8c5d827d7b02c86e5f66b976a178bcf4e972553eb1
601b92a3ccc2678f04a1d50d,dfc5bff3cbe7ff2bb7482ad92e9d9803e0c056c98262777bb54ed48ddd9928cc
6294e4a27bee9c5d5a69ef5c,1c89b6477e8d8d978dc06a97f3a72985a725dbb7daa19bfe2d7a6c335c91b383
6a1feead91996e05c0074a75,8d4530814cdd2349cbe593eb70f989b7f966dce7f71124f650cad36debcb9c28
5f7e7a164b61bb08c245bf96,023ab950f6bb59e50a685f0185665726074bc378b51bb0277559c7262c29fc4e
65df40ddcf21b2948d557c78,502cf6b6ce18e2735686982067a56f26d2c67cdae1ed4352834574cda01e1fd7
6a5f294491996e05c0dbb612,025edf02699c74fb70354f15f9e74626b0a0ee07a98748d8ef9b9a5a1495e6b3
6a1fee3991996e05c0052611,62c042d238b73a622f7fe253503b269c97bbfe7fa9364d964a5592f5c1ae4036
6a1fed4791996e05c000598f,80404f377772fb0748905a2fbdd5154eadf5695aa5bba571e758bd7bc7bd32eb
62e8e72a7bee9c5d5abcc054,4c195c7321e6fd0faa226a527273ee426c18c46de34875a6be3d3b1b22943e74
628f439d7bee9c5d5a86b3e2,8acf379e99085af7b8dd4b0ff4d70e6a9eae2cb899c9e3d14cd48179139b3298
6a1ff02991996e05c00e54b8,715a255128b42311e8d7e5e529c9ab45ca045a786fcc9e3f29c02b79d881090c
6a1feb8891996e05c0f7cc98,a19fb8bc434aa73920dbf92bcaa2ab6f37bff146ebd54ce202e67533659e9e0d
6298f8ec53c65bae2e7d99a7,99cbc05e88222aa0a4ac4a7f2dbcc568a34650d60457bd4a53ce9871c380c755
67f1173dab7e60756eda967e,e931456b5b08ad1de6818abff25df80d7517d239325173422b309d06d9a9a4e9
6a5f2e9091996e05c0ecf507,e9d37f00426ed7758ae30b12a0f3de0abba7703971910ff506bc9c7feded0db9
6a1feeaf91996e05c0075496,5f55013592c4041793b36eb777cd3aea4623d15851dffd03c8f18555ed337940
671350d2ab7e60756ef2dea8,4fbf5fc75873ec31d92d5cfe4d6f737e28da58edb058d102287527dbb97d4570
6a5f2bf991996e05c0e4dd5d,e89f26610722d31d8277efc3ff6b678ecb37996e30c97b8069ac5f7c0b758d04
67ea376cab7e60756e957a01,cc56a88dff4c439562a192e32ccebbe204c68b0327e37ece578513f27fa67518
6a1fef3991996e05c009ef35,ff19d740841a53f0314d2ace8a49d14f7aa20100c2d84a6c87aed11905c9ed43
6a1feddf91996e05c00361de,98c5f1b7ce80b23b87116131b7d2f7885c14788d34448691de6a83778999fec4
6a1febfc91996e05c0fa21fb,f56812854377e264217494648962017c63e01be6058a9c4e730183733b749367
687e2645e3ec279a5567d037,22c9864f1b3707c97faa992b2d7e7d3ab8ac03fffcd4b841bfaee93fa475f6e5
6a1fed6c91996e05c00113db,034d71ccafd0115da5fe5ee0c13a709b891ce26cb27bafaa1e7630ac816e134b
6a1fec6f91996e05c0fc4917,ed7e166050bb724a07c1ee138d3861f5760490056d75ec2d1a1475b0634546a3
6a1fecb891996e05c0fdadcb,493be7880364e001bc30685bb09a869d6ba3cdee89b13abb42a4084ecd4e4379
628f379e7bee9c5d5a7d371b,47e596a57d0dc30d97c8018cb7caf7990b650936368f4463f370b9a398645135
60ab264bee3b0993ea1f5ba3,a59ac8a17b3584f549721a0ebc2f396ab6d6513b8d652adf2f96559a22227c5e
6a1de4fc91996e05c00297eb,0a1b6ca3a0072ab8901b77b9a091de8202447f3b0b3db38d1ce4aed86bdc1d7b
624e72627bee9c5d5a320a14,d5bac29b4d04a509e088b1ee9880534cdf82fad181bece1bbdf0691c90be8892
6298f66a53c65bae2e7c3107,7a726d3c049890f39f279a644614ae3c3669276e112d8d03da52221602dad3db
69bdb83e91996e05c02490ba,a0757c7d7bbae88821ba561d9aed5dedde8db0e2910fc9f4394e0378657ec80b
656c83f28c12ebd66fa7802f,ce1640c97bbb22213bca576dc814635be233870923f2444a0c2aa3c38e9328cb
6a1deb7891996e05c00a5b46,4dffde1aba46e9028064e149e2caee45e5343f6e86c77331c9d672a690ee6090
67e55781ab7e60756ec67482,245690375ac26fd79401c768efd2fb6f7c7455a4ed5a6afa47d750acea216f06
6a1fee2191996e05c004ad40,9b9aa687ca9e78ebbdabdc011e82a42c325121a9d43130a31bec21438552556d
6a5f269491996e05c0d2c3d0,1ae8e670e8b3bc73347b54c1f53fc3d4b6244a4b0922f119f5ab1fb4b8c0a183
64f0015fcf21b2948dbdf389,a7776b0fb1f41d7f0ae80ff81de6287f827a2b6389b71504e297fdcc7938102a
66584789ab7e60756e6d33f0,1c26a5a09882c930f120f9cbfe22ad8ccb5f19274f4863e994deee5e5d54394b
666ade15ab7e60756edad805,6da48939483219c3fe699728951b9974860009762a7daf3342fd7a55e445d83f
6a2fde9b91996e05c06e8a57,13ed88c9934defbbcf1f59988b229eab5e9990b525e22c6857c8656a689ba9a4
67ea37cbab7e60756e963712,3cb0e77d8ea95341a39d8b371d8ab9b969fe0bc6d3c7fb4fd30d1b42f59d1045
69bd546f91996e05c06b08ae,5e26c3d56993e1e666aeadfe7beb81608955fd11f58587a0179b9087c4fd536f
6a1fef1a91996e05c00968a1,48b9b5beca6c67e3f48a5224cb54b73e187bd4fca70dceae7803602a3d445495
67efd9a0ab7e60756ea7e3eb,aab1ff935fba5ba53c2326a510543e3292c6f7c63cb7f4837e36f9adfa814558
641aeae87bee9c5d5a3ae528,eee15c26291528e80b1bad88b474fa7667e4c65023e78e2dc3c0c4947f96f293
68d1090be3ec279a55850f10,6e11b57903d38eea88f361d99fc254da049b04a793af678c055a3f4bab1de631
667e6a53ab7e60756e965293,7cab9fca1d735d2ec439d8d3ad9eeb1765cb6230f824e7dfd0191685d4b3abb7
6298e24253c65bae2e6dd126,d25662a216e3fff34928fda8acef83bfe301bbbaba4ae4bc7b240d177ad218f1
6a5f339791996e05c0fc6e0e,1f97392f95011006e833c22478e566ae7feaf3e182b0f801885e194c4b450b0d
6298f2de53c65bae2e7a16eb,fc95d7d8e087169905723d30d77899618df70a0eab99fd1e7f17421d54d056fa
68c905ffe3ec279a55bdff20,4afd915be816ed11f39126e87755d3e71c474a35c761fc659531217ee84a34b3
6a1feef091996e05c0088fdf,376c3c69dd8172df1fd15793c7c52f10e6ec2ad3bff5d0a70c7986450e70e271
67135cc8ab7e60756e081131,98e9f6550879a8607aba4630e458d7b549b56e9a9a7d009cce6678a1b85d27ab
65e03a36cf21b2948d088785,d6e350bcb08af08a882aa63747c61ac853ca3b62ee8a7eb9e6a2c4231f60ce31
6a5f340a91996e05c0fe02c2,34ee2793ebeab2b2fa2e2e16bcb813c38692be306fd9c194e188b15c2947023e
6a1fef9191996e05c00b8276,df8bac2d6ec9261f875b5af513049b2c64d06fdf107a165e6fee2fde4e5888ff
6a1fed3e91996e05c000302c,70a7dba815ee9a7ba13644191bceda6bec07ec9a5695b41149898b919d013cdb
65dcb220cf21b2948dca0c83,c26586460e4879210431c38183199cf13f375fb3796503cf185ac5b9b5f90eab
62e8de9c7bee9c5d5aaf75fe,74f848e23b35f2f09b186de5c92f71e4123731fdaf9310fe6963e073d481c38d
6a1feccb91996e05c0fe103e,3afc2cc2b2929d6e295d3da4a704cf198fcd9eb8430ccd8a16e1a37c411a6c53
6a1ff04b91996e05c00ef552,f1b3124254533772c0da6bd405130b61684832815eb2b8c35b705cd2c9188247
6a1ff00691996e05c00db873,addd459b7300e98f1f40430af7c4943f8fb9ce888417e8cf2a1a082e72d83f2c
65df2c23cf21b2948d20f0d0,88f255f808cdb67e54045c1876f97ab48a56f818c61e7dbc5c754a1bb710a1c1
6294d9577bee9c5d5a5f0b03,be5118f467ad0096cf1b0a8d5216ed0541626826f5841b38e6a442584c8e3b7b
628f40917bee9c5d5a841a24,b9071742c8da480eb9a2aad7ad2836d7a0ff3ecccf4906cf1bdb0df5451cb4af
65df3ffacf21b2948d533402,630fe7a6ee1f599344d206262c96a9c36f4a7706466997032d3c66ca81ae314f
624fd8397bee9c5d5add180f,2e94862f4f6f9d43ea57cf74dad06fc3ba9394680e0dbe25ea3d47c7c5c58c00
68c9059ee3ec279a55bd0cf6,4157b69c2bce02278ebb802e7a230321b872d50fd535005051aa221f2ddb3453
6a1ff02f91996e05c00e7267,8d0e76e1b0dcb99cecc501b835c0f7a5f639365f70f079f0ecfea01bf5001453
67135879ab7e60756effe581,ca311bcd19b686888d9e4f70ee442bfa978f0b249b8c3573ee61ed1866679b2e
67ee8585ab7e60756edb68b7,6d26b72d863f0a49bdfa83e6659f6c19e476c6a28fe720c1d83863625e13d0a2
6a1fef6191996e05c00aa856,984d0a34252f09a466bff447ffc309d213b12ab491cf966274c6dc40eecebf18
6a1fecd291996e05c0fe32df,87e00fd3e3df7ee803086eb008a4a4a3f2f526ad46911c2b43c96549384ea2ce
6a1fef8791996e05c00b5466,c372d355f47abc3bbad8d47b34e935ee98a9c3b640071cba5281c35f12ade8a6
69b6cbf191996e05c0b59367,e8e307ef01287d2f59bbc2b8df504f6a94f73310b492a6db80af866e61a1e77b
5ee3290716d97489fef20ed4,f1b29ece2fe6c26472b8d3c09ae038ad57ee58ad237a41b6ac866bd060961947
6a2d3ef491996e05c0501dd2,9031828efee5889b724e9e5a84c2108cf22ec0aca9b19cdc40ad4f38dd5fab4d
6299130853c65bae2e890eab,7b3527ad036810d40e549384b1e5ad48a18f436fd208509b786df1def23fab00
6298b4ba53c65bae2e3f4805,8969b71ad3d835d7d64d474a57be5b8fd86893ea0a9c8f1483ac9fccae5c4a59
6a1fef8d91996e05c00b6de6,ed34a99658aa424ada27443afe3d4968d7c4a63c6dd6e07823598dd70b5fc3a2
6a1ff03b91996e05c00eaf6a,16942c91a9ef724f00bee43891fcb9fe37f17e8e11ae3ff2e593850f4697f580
65dc86b0cf21b2948d622ce5,95d8fc4788e853163558decc4bf0c2b800ab5f6d6ae8600bd17f3e829ed8316b
6a1fede891996e05c0039248,7f7d4700c8fa2865941b530f2df1a6af5208d5604a31b91b0dc1ca6f35a485dd
64afe3edcf21b2948d615956,ca976f076e41c1a12bb4923b74a3796e7480694d36098496eebbe2d0df461dbb
669785f2ab7e60756eeae170,b9f2ea91dae8c7153ec8583d0631f5b2f76d067c494d1c177cc7bef9e4fb234c
67f62093ab7e60756e719a31,95c49bc40f991f21f92085d4f078aa52645fc1d215d2689c78d90de1b869af05
65dcb101cf21b2948dc7c8a8,057f5f7c84a76275dd20047b0cd15db610bc1f89beffe0879da9a505b4e8c65a
64a4c5e7cf21b2948db6b207,615558d1bb88e15aab92d1f97a1ac1b54b26fd6914e1a415af91b0896fa0a276
64afe54fcf21b2948d66076f,76aae9bd66f89826d62a26549af8f6022b69a04f46b216fc22218e858656a191
6a1fee7e91996e05c0066677,acd6d75398c8a5e4de0f1dd693310042ec1d5d9a9e76ee92ad3187f4428beead
6a1fec6b91996e05c0fc379e,15892c0938e424825a28861231a7e1f9d231e5c9e384bd4804d83950e90f9c09
6a1fefba91996e05c00c43f9,8deed461015c6c87e2bee3416c626a5fbab7f5ed029bc9b0c2b071b66daab664
67ee8391ab7e60756ed5c767,75dc96e148fe721c3f5aaa9bc027b12ad9bbecf5415a3fed6d072fbf5b98f50c
6a1feeaa91996e05c0073b33,dbf79888412e90bbf23527171de450d39b08ff8aff65ae8f758e142bef3daac3
6a1fee3091996e05c004f86a,a8e0c9cbe0bd3275729de9da099359f16be17f73f70c277cb96b9ed22c0597b8
69cfee5091996e05c00a8324,3ed0bbbd5f1e2bbd301a8478a73d92cde00b0f3266ed3b34405d2824635313a0
6a1feea891996e05c0073341,e516084260d1c36098b1d91cb4c2ea56e0c242361ccae8647b7b28b0d5704a94
6133deacee3b0993eaa70e36,aa91254f4bc66fbcb11ed4fab8069175c842f211b8979f1d881fb5ddf7831e97
6a1fec5591996e05c0fbd099,4464ad9edbe98d0b958070fb026f24380ced5274489d05a942c69bccf1cc4eaa
69bdc2b291996e05c02a03d5,e9d9da05fd817c3a5f7d3840d304f24dcdf9c635f7e83de323a37662eeb5e515
6a1593ce91996e05c0675fbc,a90364b3fcf5fd5cac139444da37c4285fc74d7e0eaca2cf07fadb6253ee4b7f
641aed367bee9c5d5a3efcca,1cec4a87941babd0b87f3e638b58f3964306aa763a7d5ba70673d15116facee6
6a1fe9ed91996e05c0ef3a4b,aa2cac0432e0e4596394eecbc724fe250e3d24e43fae038df790cc79025066be
67135cc8ab7e60756e080fb9,0a6a84a0af40960f4de92cff77679775b17ec2956eb8a913dd249805f2b8a9b9
6294de1b7bee9c5d5a639caa,6a4d3f5f974a8f31dd57b808708b8338c9206d35fac434dc82a7bfe42ef8af47
6a1feefb91996e05c008ce4d,71de9e97671425d8616dea62c93bd8da061dd84f22e2902c53e53491925d025a
69f8cb3591996e05c05c2557,ff6ba438facadd7eded36db1a771100274404254006fdf20c25abef6a0a3a27d
6298cc5053c65bae2e590738,e248c4835fce9e9e52ee1a71a8b1f298a427adcd1cb27ac9237db11550f71488
6a1fedf491996e05c003c8e5,a800027cb77975001efa390436947fb8dff1050b686a2118aae0990bcc7cac12
67d2ab3aab7e60756e3b20d0,4b36a718feb38999119659fe6f904f39ab0250433ed7fb5723183879aa13a9a4
682f1ce1ab7e60756e327f54,e6ec004ace8791e24d965c186d0f4f29d0c0fb9208369a9ab0cf874dec34da2a
69d20b6391996e05c05121e4,31e418bf4c8a6517f4812850eca67702a60ef9118ff75038c587b4fa7fe91972
64afe54ccf21b2948d65f1fc,2fa458aaafa8b8367e172aa199dadd41730a5b6140f014d8af7adeed8ea889ad
6298f25b53c65bae2e79c1ca,5066588518a2c4acc95591b584ca80ef6f9fa39f13008390d965f8a3d24224d9
68878f2fe3ec279a5508cfae,575b17ee9e7ae1d8479d99ee07d0641a957fe60c4756a5bf6b98273d2f17b576
687e2658e3ec279a556802f8,96528eb5be124d4ad65cd28a91252e84b936d240730ab4fea6fd500d1c6ed4a9
6299084553c65bae2e84fcc8,01dd06f1d404682a4d63064a310501f6a1add1d42fb93cc0c84d1b9f47445418
67f11628ab7e60756ed8d14b,32e8eafbe4a63ef4a7b9452b9ac1df40c325547b39ce7885f28f3f80d2e51e42
65dc8d7ecf21b2948d7225da,6b2cf15e5c06582f37c669b1c5d2950f01baf04cf07f953b510db9915103f08b
671350d2ab7e60756ef2df7c,a002b2bc32fc1b22f69bc0a8ae43c933b76e051b95b9ddc1e923cdf03f4ba392
67135c24ab7e60756e069903,4a520a9fbdeb8a452a78375c5e0edf8e2b5b13e5cf9d15c428174f6f89a3102e
6a1fee6891996e05c006096d,d034bb2204606d8960018d7be2ebb6eb1048cc6693c0b94d72c2fc96ccdd0c80
6a5f339291996e05c0fc603e,1e61a24f2fb6317b17befec3257b284b3c6ac29ecc6a1b7699fed08677051b09
6294e4837bee9c5d5a69d0cb,94d6fc1ba5cf6fa94a30f8ae6eb448309244e970454bb15c1fab90c503168fcc
628f3afc7bee9c5d5a7febb4,6375dd2db74de35073501537fbceaf74e19997003e12124c4e47d59af0db52b5
67135c2cab7e60756e06b504,6ac2313133df40073ca4117fb25dd32493f3d4c4939ee5bb58c488434ae59c9a
6a1fefc891996e05c00c8d13,77a86ff13a47fa59c962ad2cecaf39f9762368bb11e01287d5984c86992465a3
68bece67e3ec279a558c2283,422321540d6234f073a1cd5fe60c7760399f5d25643799b4370bd73141951837
6a1feeda91996e05c00828ce,93856d94c124c5fcf45c40483f26d5db12075ce8c31e3e069000fbb6952c691e
6a5f337e91996e05c0fc2339,14a06e0d47cfbe49e01bd441ef3917f1ab252f43b5280a837ad868d066ba20c5
65df3df8cf21b2948d4e4090,f0045f1421fd44ca7e38d4b2d797e36af0f37a0bf9dd2f288a6d5952428946fb
6835b413ab7e60756eaeeab8,461edbfa6d4d31011d60ecf0e284c1d859afafa395297622778c91a65972d4d1
69e6110591996e05c0b3c2f3,b14a70ba70094afa9faa0dea9b2e4b2c980c1e3c788bc55b6deba8f679e89796
65dc8cb4cf21b2948d704f0f,3a368957a56f05b0819bc0bb838093ee006decdfabfafb7da5eafdcfc632730b
6a1fef5591996e05c00a6c7e,bc07b89954118e3bebd05e74528b5ec610f4f2fabd7393a27b0c35c0f080d3ae
65df3e10cf21b2948d4e8520,49c08a453dcb1b1b7557f2c6457598512922756eedcaefe1c93b24927281b58f
66d74ee7ab7e60756e8ef97c,dda7857a7abde31eb53342c77b6ed5bec922227178bf2d2fcc1b37f254c3cffc
6294d2a97bee9c5d5a56a1bc,7d466e94b851835a5cda5e35b19bf6bc69fc4c7ae6b89ce82657b80681a45b94
69bde76591996e05c03c2e02,f3b9f7eceac53e56aa23917d3aef5bfaaf27244c4af6ed4d5899271c05f1ef93
64afe4adcf21b2948d637ae8,50a54d7823e71b2ba7beb7799a9e0e4379a562dc2a337a74bb5c5aef9ad0c4d2
65df4194cf21b2948d5770a9,b712941c0724fa44b428b82ad01fe5d999ba775e8bb8e2d29eb057eb5ffbc540
6298dda853c65bae2e68d617,e2c783eb9b6b81176604fc4ac531f3785a2d7a3baa5f89b41082e535fc528a73
65def3f2cf21b2948dab528d,a79a8b9d0c79c1125f2d381cdd63fd3d27a25a9e01c52be0cfa6d6b5fce8695f
6a1fed4b91996e05c0006bce,cb69447c250d7f3e832b4281bef4fba52460d57d1b9ff4dd4cc115ad37e9b473
69dfa6b991996e05c083b364,879bd8f18012eaa832eeb9438976aaaffe62322fa73a2f64e49bae0c10b316d5
6a1feed791996e05c0081c6a,f9fa7b8c9a021c70a9604a17cd5fbed57b2ff6f2e9346c616e88b759e390a91e
69d0178d91996e05c05524c0,854348de9df3d4df0ed58c96b4f78e2d4dc2a2073fe3a8a94f1625bc70181032
6298c26453c65bae2e4ea2d5,236e022bb3bf589b5e6e617bd907322be4a6d0df31b5024542a3bc5e6b24677c
6226f9187bee9c5d5a223eb3,2eaacb124f5ee2be90027de772a72187897571248d726343cf507caafd4208b0
67f10da0ab7e60756ecbe4a0,d9f60eeac543e9c38067a70575630d7514dcaa5d64f7a278ac982bdb842052f8
69cfbca591996e05c05ec942,67adebb4aae3adb2507e2e837ef49378fb62a7a2d264b63b19a4eee2f90b23ec
6a1fece791996e05c0fe9518,063719bd8232229c377797f8e4db42f978123f82b8ce2a26c88852b03b6aedbb
6a1fedbb91996e05c002afdb,1dbdd140688317fdd04e729f49f9aa50724ad54f71af88e276e91aad43779167
680609a8ab7e60756e515e3f,119f3ae632e36bf5ea08dca1f5ed53595b40a140094e8ebecd762ef1dd3d5dbf
67f8ffbeab7e60756e4f5bd8,4f5aa1494ab6b4787e0a664745e5e400b0a49490aeab0f9f4a4c5c97679a00d0
6a1feed191996e05c007fef9,36ffd0ea4e03c053269e2f81678b369013d79f7138e625ff043286ec7c31ef9d
6a1fea5891996e05c0f19411,3be31cf9083348e96f3a3058e1e15be1175bcbcb387539c2110756f5a483049d
6a1ff02591996e05c00e46a0,55e930c4f789923d4942b81433eceb8860034351e7ca3f01c03b19c522037b84
6a1fe97f91996e05c0ece0f6,eed2a1ec6769071fdecb09810bef5b07a7b3dc776d2aa8459bb8f4a445fae7b6
65df43adcf21b2948d5cc23b,eeb375de42ff38c25341f4779bc649809d23387ac9e00741b09ed0f0f77cfef0
64afe6a5cf21b2948d69154b,5cda29d38dca776a73823a4e22d261914692c207737d93134a276f7766c069ec
6a1fed3091996e05c0ffee54,adfe910181001d00c148a8fc167476c92540b6c5c09d15ee2160abeea0e4d1ad
6a1fed4e91996e05c0007942,ffea168b7d1ad0809b88044c721d3f44621b6caf60a895c2089d7703f9c09fc9
6298ec2553c65bae2e75405f,cebfc865f4434829a38aa782d30e461c9633a8729cc27f0247bb761a0eff82f3
6298b41753c65bae2e3eb4fa,5ae1575c5b40ba9049f53ed9259dd0d3a2f8a951aa8082e2977b148c09368957
685948e0e3ec279a551daf70,3605ad8221e5d5db4660bd18e6ac355b280a32b4232debbf82fb3c0c81670d87
65df4b4ecf21b2948d6fca5b,7f2d516450fb0dbcb6a6809b9d8845b8d1c10b770d9a0fb1edf8111423962d35
671357ecab7e60756efe05fd,df0ab3a50b66f02e1af79308285670605259135381c47af8071946a9a5c6950d
64afe6afcf21b2948d696fe3,d6f387ab27be31136f4ae1cbfdbaa7262bf9f7522106ac0cb29569b3eb7846b2
6a5f2cc391996e05c0e74c6d,4073a05d20c8f725d6c0e44e27003b8a7aefe65013f18a9cbc65681400242a99
69d20b1c91996e05c050319d,fd1e149d2e3f1856854329f5f3343f000c2ce4a86efd98e7b7ae47b0f5e32b91
67ea36e0ab7e60756e9462ea,bdf3f289166bbecfa3ed8e32d667d9b3b74d8ab1f9d7281a6077bbbbdebaa2a2
65dc906bcf21b2948d788b75,2801bd5a00fceab545a98a0a22fe8a41863c29f9e773626363c48dc085ef30e3
6a5f283d91996e05c0d84e15,ac9a849af53ac8a8ad4f02999ac892c568bad3bb304513007e40ffe0acfc2acc
6a1fef4791996e05c00a2df6,02417f3d054daf11a56ce3bf6b1552e816a78b8c526ce31d81a37f93bfd0bdea
6a1fec1c91996e05c0fab942,d2e19d72e595bd86c2a286580aad59933bdf79b9e8520456042144eb9d2eb6ab
6835b3dfab7e60756eae7b72,7fedb44e90777704f796d65c5ff183891e29d24ef783d2069662cf71c7f88c4b
6a1fee1d91996e05c0049b6a,0f8cc9c9724df5d0db134b2c99b4c086e315a28075b9e62ea3d2ded24167e995
63cb3a807bee9c5d5a92e219,8afc4db0f17b8c0d8f37b32b73d080390d954ea3756fe89c6ac99e7b6f3c31d3
6a1fee7091996e05c0062795,5f4011d963481ca74403ee7750c9b935cc6c0c83189f7b2ae5dcd4158cca86a1
64afe3aacf21b2948d60c032,ed21fc4c7d7566c708dd5bc126c019cf719aa91e48a229edae2a12ac368828c5
6a1fecaf91996e05c0fd8928,46d0660b9cda4119673afd818773bed7c098725326add8663004a4955ee886b5
65df4b10cf21b2948d6f340c,45b216013530bc90528afff105b848c087af69524be54a91de33234088c8619e
66e1538fab7e60756e05a796,fa836b561e53bbdad38721bad9b9cc7a9c78f7b405dbde98642c9b57d7431866
6294e07d7bee9c5d5a65f761,b9509dee04fc3538958a243eb6b7867651d6bc908c864f03897774ce3e46c673
68242a97ab7e60756ef75f38,10b08a5352bbf0cd2c0c740fbcf7ccd3a04e694ca752cf538b0da44b3f01ef5c
68bece16e3ec279a558b5e17,12ae6282d6999e2599664551d518f4b69f196e327f703b29df6f7c8a94d908c4
6a1fee6591996e05c005fac8,f9337736fbeee7a13eaa25643494ed05d97c40a45b74b46511af2e307949dcd6
65dcae4ccf21b2948dc23d44,2fef441dea8cf500e8e107b8b455cfbe1733a81110f1a492dd95a8f28d7aebd7
6713597cab7e60756e01d862,2a87aa28d66d6030bdfd3fb00e58066dbe403a1e071f84157c9d2307267688ba
6a1fedf991996e05c003e8b7,4d1445e43c477d30310068392d6c8005fa1a98cca6bb26eb29e0e2a8693a5c01
6294e0c27bee9c5d5a663b61,b1312b3fbb6b9aafa002b091a455525f166e6579449f416b5091e7821c437152
641ae7b47bee9c5d5a358e59,5eed040d7fdf99980ce5e71f169a33af4c05a9d7d3429251427cfc212da5b587
6a031fa791996e05c007e8ec,b6cdfd103d995b589715cd35ee1737542de07553b62e0de3a00692d73ad091ef
67ea263aab7e60756e77af7c,52ed29fcf30b5598e0533b671433da5803d30e025356ac424f0fa7aca9e4d2e3
66a008ffab7e60756e70b96a,a8a8dd6a945d475b695268915053e488f0a9a3b34601edfc4338350cdfe2cabd
64afe4a7cf21b2948d634ae1,4c65e278980e42464d1f7985d0264ddc7c4d0914b1c6a84970b79c0dc230a404
663a1aacb7e461e1e513cc65,176befad9428850f7c758c826a5f5c2861bdef17e75991e2a8ab327511ea8bc4
64be45d3cf21b2948d0f4ef1,36b18c39aad594c367ae5c2b91a1884f4b229abff162d46a6411a319b195eff0
6a1fee7591996e05c0063cae,3aa04f306eb52f1cf0e0a5995d64b18c74a3595e1b2179ccc92032815df2234e
65def4f6cf21b2948dad8051,87a403c4e60441bdba58088a9b6906fbcc1a7ca8c0d8346d1e990967564781b8
67125fd6ab7e60756e5143d7,38dd9ca5af093ff3720c352cedf37ab2478110f20b20bc152c25f6bad6630c18
670fbd28ab7e60756e016f29,a7d83b772fb1773754c9d0a6d67ab31fd92ac775d6921bb91498ba5ab1557e67
65dca2d0cf21b2948da79395,0ce41499d0305626c77981a446a0039f086d87fc6f1a44b1764b19f826b5bef7
67f61f97ab7e60756e6f45f9,cce7ae082b143d330676baa0bb4dd8796bc1d2cfb32263432c88b0069609c0d8
6298cc1353c65bae2e58c2c7,cb3bcb2947f058f173d3a3d0f371dc632319c3e2a5e9623ab4b1b3d026924842
6294d7587bee9c5d5a5cec1d,c4dfef2f1ecfccc1e385850922faa8ae25e1d2fe6d70be4fc078d0ae2efc4ce3
69bd6ca291996e05c0b8d0e6,267bf198396eb587cc9e5159d4d26b664677dc59bf886a1a25c2e5ea1ec99a47
6a1fee4e91996e05c0058fe8,a4e8e9651390ae761aa6753499c649ab5b8f7824a675c901ef0347aa64bd92e5
67135867ab7e60756effa37e,37814809abeeaf6814659dd65834c207b0efdc95b34a09dbb47e629603f350fd
6a5f2efc91996e05c0ee4b80,25df70ca944ebcb25b05889759e7ea4952bdf51d56503f7797d6164f678503d6
65dc6b12cf21b2948d27698e,9edda480b05dfed682923ce2b9d37e2674c4104f832a8994160ee1c22750cb7e
6a1feb2991996e05c0f5cc70,ddc7fc1a3e6370e7e0d00e1121bbd967a4683f80eb658c7184b673d8aa1d5ee3
65df4110cf21b2948d560f59,ba8ccc32fa40b7f9ceb714a22b10097f260a37abeccd3db20ee8fbe8f69df4e7
6a1fef4291996e05c00a18fd,db01a5257cfe486ed457b109c7ce4f5ef1a7b770d99caf11f8f4ed249866bb31
6a1fee1391996e05c004706b,d7905e68b2addeaefe2c178e1364753450a1cb6dcc420cafa633b2cf0e3df161
6a1ff02b91996e05c00e6033,f637a4a6173489afc757fce2e1860cc2e9391e7d586ae36a72088cece4f29cde
65dc9170cf21b2948d7ad7a9,5b597a38835b364da7da1892c23988b14f19e64b1a4f08e5ae7641ee47bce32c
6a1febb591996e05c0f8b44e,bd5f6b9f8efdee6d867d03e23e2434f78c915bf1aee164a7b4d925b97959eb74
65dc6221cf21b2948d13bc38,7414a93e16d560f89a712be47eebf929c356bbfcd93b87d9b2c1862c22ef8084
65dc78aacf21b2948d42d210,8f516b6b004f1a02ff68f94e4b57f0d5f2dbbbfef92bc08d56a7fc292a5379a8
6a1fec1d91996e05c0fabe19,e79565d9f256f3df457210c8417b63aa1c700fbde80dc8637c3f9f94398c5abf
6815ef1aab7e60756ea42f0f,f12b527366d638092dbf181904459b4d0a7137fe509f68d8b33b7a3896d7a8c3
6a1fef3f91996e05c00a07ae,ac0fb78edb4057d1c251d11bdabe23a4c0099f8c50fc0f33dd08c2df40123fbf
6102ca88ee3b0993eaa2448d,bfee28d6abdbc34a597f3a3ac719bf8d2814af33db7a26af3d783db534f7b991
64afec09cf21b2948d75b334,3838d745bade82df24d568817dee1f0f0356cdacb58e6b7f71b4ae0b092e2a6b
64afe4abcf21b2948d636d23,2ec9bf6b590625a465ab5c333f2ef8cbe0b4b531c836d5e77b8884b2feef40c1
6a1fec5991996e05c0fbe314,815be74ea9b773b1d9eb889db167ab9103b2d2d0c7b5e7c1099f6bd590d76fb1
67ea380aab7e60756e96b1ab,eb8f0b5f27836195940a54ed4a4dfa2f1275b80091835aabad52d162b0c39345
67ea273cab7e60756e794287,bf558c5d63e4c5fe54fd07786c71b546ffbfbbd34cddc42328d9ba6f9aa68676
62a2e49653c65bae2e69faa7,dd10e3e4be81dc4bc40c81bee3f14c0e2d59bd10b9cb92ac01d11d8559c083de
64afe4b1cf21b2948d63a695,2ff408c0d8978c27b31d64db4c80f7f60393beb0816f3b0091a54eee1551dc73
62991e3f53c65bae2e8c94c2,8a51d24eca5cf844b77d44e04e0e35309a6e19a3feb5817d0c769999e8bcf7be
628f3e747bee9c5d5a82671e,99dea14c074e5f36e66e0e449cd8660aba588bb039593bef1a94dc7a81aebf6b
6294d6e17bee9c5d5a5c67b1,ffdddd1d08554a6e8088f269320268af3d777d18f5a09e0eeccf6d526b2e8dc2
66965af4ab7e60756e14badd,86704212d03663bd4c1c009567cd9cef2ef2e21166d6c79747ff869a46f6c7b7
65dc8d25cf21b2948d715561,3136aa2f541624e9a2adbe714d4e16e4251c6c209b35f12e18e156b9b128725b
65df3065cf21b2948d2ba4ed,f91dd11dc17a9a74e9cb36a4840f172d0f7c4c0bb8a27e1a5bbf54175269b332
6a5f292891996e05c0db5c3e,ac02e59e95c97129d427d5af77283712efd35f8a1c69c5209ede6fa56b796da8
69bdad0a91996e05c01bf840,3baa6185497acd6487a4456dae9c538505af05fe0fa1d5e5d06bee5b5d04db76
6a30f07491996e05c05668b0,acf2e1e96ab0f95f1c6400602b4a64a77ee3fba61db454f9eec169357ea6a010
628f41957bee9c5d5a84f0dc,0ce31877f4e675207670a1a018d74770b5cdafceb1aa27a7d8961fbe480738e6
6a1fec1f91996e05c0fac612,7e69147a12877cdbc68ce97d96977d1acc6531e1cff01a6479f5c97318dd4a2e
671357cbab7e60756efd988c,96082b37b947add2ac2b29a2d781362909396aa5d8b47750c5c3bc22d9d92217
641ae8177bee9c5d5a3649ae,af7a2da0c28909298b1ca956c7e158c9a957598f5465ae6aae5c881f0c8f01fa
67f10c82ab7e60756eca38a2,fc794df474b2f2fcc343a9e0ebfbdb71509eed8ec1f56011312e61b4999c512a
6a1fecd091996e05c0fe2a52,f89d84d0b94cbc7f132ec82238bc4e4817e78bf986a5519b09be7fde4cfb9f7f
62ff2b747bee9c5d5af71ce6,a6bf3d6b9113bc1f30cfcabb372466d4e7323660d97365ed89b31ab4cfc8b3d0
69d0bd6591996e05c09d992d,8eff31b0ebc35284b7ec5a6ff5d4cf79ae15978eadc0dd3ab5b1b2e274537a0c
628f41a07bee9c5d5a84fa82,0276cec20fcaeec66224f18267109d0a75361413b9e62f3369f80d8c73123ad1
6a1feab291996e05c0f36c59,5602a1d7706fabf72952a53d25df687e0da16fad9a5a8bc98c11b5cf6469fc70
694bb227e3ec279a556b544f,89f2baf8d46b56e9c8f0f747983510952fae1043844f87b799631b5885ad74ea
6a1fee0591996e05c004221e,128b1683e6f7658f4d8ef14e3a4f0826eb1426a4936068e85fc4520a528196ce
6228901e7bee9c5d5ac819f8,57c3d4dbfc7064bb9209d741e7fc74f93e051ed4cd86b18ad5ec1da58f28337c
6294d17d7bee9c5d5a54bc9a,9e34e62866d7f7e9b9ac02477358cf393305ceebfff02a340f5e97017406f006
64afe4a6cf21b2948d6343b3,87e1ce4dab7d6e7be393def53e440ba02d2763c9b9eb943f9ee232679a5da898
65dc8646cf21b2948d614bc5,c00dc0453fb979339192d7a72b6d377b57ac9d25013e89db45ca8418ae38918a
69bdbc7691996e05c026a378,a907c510db330b28d118d0d9b94a572679fd10fbcee1cf532526b4a122a198d8
69d0a57d91996e05c03a5198,d75880fe6ab2cb31f75814d90ac66a244d9b45d470ef6e84d4ac32bcac7b7b14
641aea217bee9c5d5a398676,e6a6e04f17e15fa43cea902e503a41de15510436dc1020c49c39774afa47e072
6a1feef291996e05c0089a2e,69fb858a5dd904ebad2bf8c619cfb1ba40f72611b97e5f940c3e2064adaf2b54
6a5f2b9691996e05c0e3abc6,c6ad49978fcd91285e5f01c91f51c0d5076e4e0a849a009c05b5cbdf803409d6
63cb48047bee9c5d5a98171a,2138b0a1aa2c86fa95395bebbc601ca6b446554eeb632af9b3d4761e22b3c6ee
6a03202791996e05c00963d3,ada2dcc4dd9ecb74d0bd4a8ffcad904dc12cd4ed9eeb8d429523070cd3967fef
65dcad37cf21b2948dbfad27,b5b27a87e1168693a92eb4f1cf636a05378ea0f15f8cad1ee2453dd1023c5a3f
67f117e1ab7e60756edba1db,90d7dd7d112b409b5327c224394f4807d3da7b777c6b34e3339e69af532a7140
6294d47e7bee9c5d5a598abb,630324352582cf693a573f0b0fff107eee5eed075def8bc03cd751dd5df915ba
6a1fee5591996e05c005b2e4,862dda6af0a0957d9ae1aea6a93d6b646813ad606c5c09c6e2ea0f27e33908ed
6298f44653c65bae2e7b096f,911348829e202d83f5b462bfea91e410648b6f922603e5807dcbaac5b5a83fe7
67ea27cfab7e60756e7a3016,b0eb5fe21bb79d870c3f672b3d800833e714716c363f1feb4a06e49b08f3555d
671350b9ab7e60756ef291e0,b0f88d7d8a14fbb580795a037aa777eae261a595938ecdf6ac7269fe8bd528ad
6a1fed0091996e05c0ff0bf0,9efaf781fdfc04199d7767a356f50e1ee6a82ebc9ffd7c4646572c6120f2c561
6a1fecbc91996e05c0fdc882,2b7950baeb3d131fd1789c7f7cba296b80ed913293258b091af9cb666877cbac
69d0aad091996e05c052ba6a,9f863dc3e7b012b04fe8049c2ddbc4e341ae0dc52a62f858a5fcd9dfb1dd3676
6a1fefb691996e05c00c31ee,652166c2ac0f49b431386dcbf65d21fcab1a35ad776125c779dba6b929ecaa7b
6a1fe96491996e05c0ec4d85,e5df4672e4fdc304db386f6d467997f69cdd907c63501ae9dd0c885a37565f0b
6a1fedf891996e05c003df6a,2a0a66a0905f80f9f58d501021266b1f521baa78904016536e57333bd9eebf0a
6298d88953c65bae2e643e34,c06e815a8ad64e4cd3b1e0991b0dffa895fceda85eb95d34d799ce028672eaf2
6a1fede691996e05c0038562,eea892ade3da0caa2b2d9f237a8ed2cc390df8639ebe8f0c36493267dc68d1e5
6a1fef3591996e05c009dba6,ced0719d3c544f583a677d0fbf6486b5da9873458d89ea45c5fe3d3e90f4a4a5
6a1fee8991996e05c00697fa,3a2486f1bebfa32aaee9b656bad14ef2b049a3e1d5657e31443b87eedbf62bdf
641ae7977bee9c5d5a3549f5,7182796e7df95ffe335dae261fcb92e2fc7c845e73a732a318f657c1053b26fb
6a1fee6291996e05c005eda2,5a5efe81226e06a158d92041db02951723c206303182645c07432033c0aee58c
67ea3a13ab7e60756e9acb9b,a48111c5cdac11f734629b424571731886202bcce7d2e7a0d40da8b4e04f07e7
6a563b8c91996e05c023d1a5,ca78423ef0f882245f86394420b315b72898daf44020bf9e4c5d23498a7aa50a
6298e9cd53c65bae2e7399c3,8fcab3244416679610b5d4d13e2ac2be18ce5c1dab5e0c0e28a56eff92dd179e
6298fdec53c65bae2e803c19,f8838b9b51883a2c991d7ab1b1562428e771ed106745e80401c595ff85d0f8a8
67ee6945ab7e60756e8c9914,471f3c6c1756de6d32f96241e10b78a28d7eeb44ad17e0b9191513abd0c082e6
6298fb7553c65bae2e7eeef3,24923f48e670cab88a03ea5572a97eb4f75bbff704f42b1b280c557d2d99b35d
6a1fec4891996e05c0fb98da,b9ce0164b20c8e227c77faa215582773f6e80aeafa38157251c06178a1706bbb
68c90575e3ec279a55bca756,bf2b4d7586b3b3c7d6cb73dddcd26622d97e906272a87f7f6eec1fa38c3bba14
628f3da47bee9c5d5a81cffc,0fc117a2921b919aab1b57efa2a708f0f9c6dc7d00daa0480cbe4f3cbcc5a74f
6a1fef9291996e05c00b858e,4132b9e082d597c4c94b705a72a380e1e6572b19e24c115aa5173f2d62a4eab0
69d00fae91996e05c04c974a,9ce1d5e142ad0544b9da1890d07800b61d4c9fba520c2b269a301617c038880f
6299103053c65bae2e881173,623a6c79e70334d2a7b1dacc85ca7daea7ce0827899cd214ff049ec2f8dc5b98
6a1fed8691996e05c0019e36,1eba768e44c6c427ea2d4a83c1652283abd9670322a746a2c5801fbfd4756303
6a1fefd191996e05c00cbc87,416add5119714e417bc426ea30ad4a647520ce31fbb01a180fa80def44d91cff
69d1f73491996e05c00fc701,036717db727e0308c802e6386c2a50b97d08bd327aa58e101b8421ca68ce0d05
6a1feae091996e05c0f45b62,9d5cb0531538ce1b415a8e0b8f7be17545fb942ff5d56c4e9b7c7cdebeab032f
6a1fedbb91996e05c002ac32,c43cbcfabcf80dddd57db39e8f9076bc2403f5d9972c5951fde08246e893103f
6a1e0c9291996e05c021831f,b135b77d2ca8d6d734967fa198790f0e155ccb3ca5237ab27f6294467a3cfee9
64f00162cf21b2948dbe053d,d74b90e80cceb1a3c4763d6df09dc6fb7009e51c00d90ba37983ecae5901d32b
641ae7be7bee9c5d5a35a5a0,c7297332d042bad8b7cac23c54bbd528bcbea831f84110123f3cfb9c436421ea
6298c8ad53c65bae2e555637,47622e9981943d5f1f9564d55b818ad6a9d7aada4c5154f81fbbf3cf66312822
6a1fec7f91996e05c0fc99c0,3dbef5916a6773d9f8a979a5daf72589ccdabb7a64039d5eb2c9ab85ea5ec9b3
6a1fed7b91996e05c00163e8,09ad12ffa8a8f99d2217122d97b456331706cf95d8b54bea356f22fea7d96d25
6a1fecb591996e05c0fda430,13aba7c93bd01a4fa3bd96de33e1f888f78175e7dacb0f802e64bfe82a71cf2d
669788c4ab7e60756eeecf33,6a09f97039570696d8318dff8a3e808bea2c6190098c776ac3d9efa27498593d
629910bb53c65bae2e88430e,5c9a1f7e793287615ae73a6ee4184ff600017e496904d9e30156f162bbc3dcd6
67ea3727ab7e60756e94f05b,4a75976f3b333d10115ae2054d41d39b6c5e5c5f9821fac36df4c5f588f7d808
6874ea25e3ec279a55e5bacd,820a04f917812030708c0dcb3df98cc9fbb9f180eea3fa98c2e667c32185e7aa
67135c32ab7e60756e06c9aa,8d0843c1f2a6ff9b08fef95318347b6918ca994328366f23548d5ee527d060e7
6a1fef9791996e05c00b9fbc,572776a70c328cecc147989c81493035a10ffd6b632c065edf63aecac4384366
6a1fee8291996e05c0067775,e506d816dfc4bac643aa909822ba7e2c15bff8c1d652b9c69a14e40e241ac5c7
6a1feb7b91996e05c0f7874a,c6866d5b139847bd3a2e79a9f483ed436f781aeca869d3473966b2bee2014e58
67ea38d5ab7e60756e983d15,a217626467858451e6325b667ef4a2aba6140505ba7facef47ad0330f9df6a43
6a1fed1391996e05c0ff6595,39785a73ecc5b1f54030cd2759b1b8f1ae8b5cb657231be053bde6045e4a3ff2
6a5f2dbc91996e05c0ea4a77,9c3159a9ff123f14e1a497a64d270f215f1f29f38b9ff58c21fc23ef1dda90fc
62e8e1627bee9c5d5ab2cca8,7134322b7f234e5eac1ae95165ee80654fd17f7756756cbfd6be8a7a744dc460
65dc84a9cf21b2948d5d70c9,54a1c6bd66f4214b90f97db52621cad929be41b652d5b8af9b991c9afe89813a
6874eacee3ec279a55e6d573,8e512a60beec48150beab959c5e1495c9f020a9282539467f50cc1766754f5a6
62444c1b7bee9c5d5a096068,b0b58c8569f24cf72d42d029e21854d911331b1a6fcd0480a097ca78b3ead849
63cadea07bee9c5d5a738eb8,27334d3ee8b3da0fb66ee025cc47c3849e5dd9768cd5b8e2db4adcc2b457d711
6a1feda491996e05c00237b6,d2336f6815e12ab1398cd9a186828b2db3b23f87fab32a1a2be434c4dc50afb7
67ea379fab7e60756e95db87,fa759f9d3ace307e5f256e3c8697d3110a948ff490aceb798992b10f5c42f4cf
6a1ff00791996e05c00dbd88,d2979d7821826709e02f55ad5f1b6deafbb6ef0a044893e93008aaefcca1f2d7
6a1feda291996e05c0022fd9,2457b555daf4814f9a7f79ab367be2dc69b1aee6c0be070a174e44fec0a32e7b
6874ea78e3ec279a55e644ee,90d75269d27ab7d416fc6900ef0a494a68ae49a7fb397b16864b84d6f019a2fe
6a1feb2591996e05c0f5b83f,b63c9c8f825bfc72dbac92bd0f763fdcd62d9b1304642f629b969f00522a50d5
61f530ddee3b0993ea9c1506,c7aa57c4b300c58d91557bc15f1258458a18386edfe88fbbd025422808545e56
6a1fedbc91996e05c002b0ba,6c6763b446bc68e4c1883e14c830174b9e687971d9648eb3b5f0b2f2a663882c
6a1fede591996e05c0037f6c,749843aa0f5603826c81df74b34c619fc45ad0ebf6ea6717459701ad4e25cf1f
67134f70ab7e60756ef03132,d514ba46480dbf87bcab7f9bcbea3846d26716e6330fc099fb2f3b8f5fa6538c
6a1fed9891996e05c001f706,68c71d26badbc2fa530f7551f30863cd0db7db972873ed8ac8e0bd64229f3864
69d0a43b91996e05c034090d,2bd022e0faf458f1969a27d35a28a792734abbcea5f979d6b11204056f30f3d9
670dfb26ab7e60756e2eb83b,69f622191d0d7f5b9ad0743d2f8efadc0f431440398272181950899162844fa2
64afe44bcf21b2948d6252c1,269839b94a4848e5330f860b4ed66ea13e82b4556ebe2706c3debf3d6e36a7fa
60767e7cd5cc35459035e4dd,99d1284e6f14432423f9d6fbc4b0f509849c6ba9d41a009b0e5bc4ebe6c7c269
63caea267bee9c5d5a7957c5,ef4b058047ec71a446b3a68a67b09f08b6f77519cf4e1feea66ceaac073132ed
6a1fef5491996e05c00a6ad3,d0b40516b52bc6e73b761f453148e2971b1aa5a4e218ef77560249fac5c5c81e
6a1fed3491996e05c0ffff64,1901dada92790b75c602d597a514f9fea9493b6748fb4941ff4d31bd94ef17a6
67f115c1ab7e60756ed82a26,cdfc44986593328c3516516cd5d1629dd8ee1b7a061f2864b98bd3a7a578bb8e
62a1b19353c65bae2ed5437d,bcf496005df785a9035ce266a840da26bf58b2e90338dba6bae04c35eec6f3cc
67134f5aab7e60756eefea95,f8733d87682b5185485b8a171bdcaf5bd885c1b1dfcf653cf80f20d0771d6e33
6a1fee6e91996e05c0061eaa,1751be69f241e149e324ceeb086c7d0966fa4e091edfb55285b13c0d5298af63
693cfe66e3ec279a5500fc89,971967c81439e9d9836cee3d2341b09b5c315cc497479c5e7a6402b5a0b88daa
6713581dab7e60756efeac04,eaeeb7f302ce63039a0870099ee6472b2a3533212fae76e4f75af11962e11c95
6298bc9d53c65bae2e47e5e7,03e5a10eb43a49508dc73240e02b4f63f460853d61ffe31e055aefec9c63c0fd
6a1fedee91996e05c003ae6d,7d8398bbb49d33619f80dfb69ebb6e4b80438af8ec2d05d0ae4b60b7ad39625c
69d0a5a891996e05c03b296e,4ba36b086f70ae2d9dc7c7371595891d123de8cb679a0767ff9819bf0de26a36
6a1fed3c91996e05c0002535,80a67350c5f48748d0f1be909337755916e67624f5afaa192c608f93d65d4c44
628f3b107bee9c5d5a7ffc5a,335f97444c937378c53f649ff15bdb1b3b71596b53998c8087edfc1657f729d9
67f11640ab7e60756ed8f5ca,a509cbbea8e7153137187f59d93066ff0c215ced45f0d3d3e416d7979845fdf6
65dc6c8ecf21b2948d2a6f6a,f61f4e03fb96722435a177ecf7c7b0d8658287ac81444e62afb4b9b62203f171
6a1fed0191996e05c0ff0e8e,9d34e47f02230fed2d8bf3d0173ae8174df0ea838f46528ed7becba6bada078e
6561d7398c12ebd66fc27d93,406f00465db3a5bea868a94820367d167ef707150d9678881c6e29e2deff1e6a
6a1feef691996e05c008b0c1,8ecfcb274b51eb5e6bc68e418712f47bf9fd35407a3221a6565087659c0330b7
65df36d4cf21b2948d3b9130,841b374bdc7e554add7a1cc04d10ca68dcbaf75c7aded1da5e2dcb8cd85a8d5e
60cadca1ee3b0993ea0dd838,42ac7cc6f43a42ead050e541d40d1034e604bbbff6a33e5795a3f0b3e066985d
69bd532991996e05c0658369,feec904640b8e0a41e6d23d60013a29aa14f254bdd68c789500bdd197cdfd33e
68878f4ae3ec279a55090dbd,69eb0ddd5b97afee3ad8ac40948e949ffe63fb142e50758d8c1623406e7b6300
6298d4a153c65bae2e6078dd,25635d1598f5c72b48d851216ea83dbf38d75d95cf8ddb8b09c1d611d4baf7c5
6298e8b553c65bae2e72d643,dba9c846e01ebc92082e4250840cffe2b7657c3095f2a8f6e05b38a58296328f
680609c2ab7e60756e51aede,839fea986e396228466375a7a3ecd4c8659f8c72abcba4b4e143e1660356651f
6294de1b7bee9c5d5a639c70,23b4155f82f9e522c200e7542bc457b9ca19604d15aa879401ffe9631d8fbe3b
6a5f287991996e05c0d90977,c13395cf4795de3961c0e85bb6c5a35ebacf25b3dd69a86bcf235e55226f574b
67ea39f4ab7e60756e9a8c8b,c503401b1c6a9b3f841df5ca1bfe25db32d7b13ebe9205fa54f51a3cdad21315
641aea137bee9c5d5a395b1c,c65638b82e96b5e63b20997ef061abcd1b82137b14563a037456e34cee0400ac
63cae86e7bee9c5d5a787dfe,6d0c51dea048de5c980cfb2692f0d3ef105ccdfd3b1a599b32dbdfd09e4c31d3
680609beab7e60756e51a351,0cdb7ed110f37bf0ea6f7e940e5b5dc8f2f52d1001ab31a5f60a1de7b14fb6d7
65df51a8cf21b2948d7f36c3,671f0853b6c919c788b98eb3d4505b8ab742fac46a808e2e26abc9c54880bf75
6a1fecae91996e05c0fd825c,18c7477b89dd877f7987d04695c21d4d357d216448fcf51500ed5eaad1538993
5f69e812146a9f17ffce73ed,99469ecb222a1d9bb7585f84efd061dcbc308da604cd1ea7662d60f864dec5c5
6142d813ee3b0993eacdd067,23eb75c2999f82dbaca83ef893b76088c9a2da2889bfc0e7895628ff6e5a125f
68db70a6e3ec279a55b484da,b837af1fab4047ee48d5efc432d9fced8c3c8743c761c01f28687e043035361f
6a2d3ef291996e05c0501617,ff72915c0df03f8c20e136944b4069e5b5db41fcb8908868f433bfb236637d47
6a1fef9491996e05c00b8f3e,ac057a61c150334a676a93a9295627b0dc0a85ad3e3f49b3020b6678b05c588c
6a1fedd991996e05c0034aa9,6ba5b5b643652dc68b02bfe87c86da5f774a4627ae29e1624e7962bb0ea06d22
689afed5e3ec279a55409554,275c6e0272d10a78017ba8e74dc3440ed0b33ac80cabbfcf4065ebb612c21bee
697cd60091996e05c0e4afa3,e3421e531869021742866db2811e10aceeead34923ed84c9743af81982406610
64e48620cf21b2948d07e26d,b2ddb8baa3c7601c4919a2136afc35331ee2bc158f3e11c55799d011adfd8238
6a1fec3791996e05c0fb4184,c847687cf72df6043cb33254e4c33362455c56c74fccec36f8ab83ea7e534a45
65dca053cf21b2948da11ffd,66807c3933ab180188883db2a4f0e185f486c293867719e428e3a0cb9672fa9a
6298b18f53c65bae2e3c58d0,894330d1d8bdd2ca6d0661ab618113f0ee8deaa7363266b3856a536edf680152
6a1feff791996e05c00d712c,435ccc675f256ce12aaa0d45546a4ed547e7110303ebdc856750410e65e5ddfc
6a1fed4591996e05c0005036,fb9a3bdc5756f9b4714173f0f31e5b390026ecd2ca485dfdcb42a8a4821a1f09
66978678ab7e60756eebac01,006f5423c21d8da02fcf86f88ab99b5b1a7e27c4a9d42a996bf0decc05428a04
6a1feb1491996e05c0f564a5,2c192d507f83ff7699b322ae6670b1724ef6f459db41045b6397f69cccc05adc
6294e7537bee9c5d5a6c554c,2637e1abb87664049d50a55eb726dc7d310e458074802d8acd05888149b601da
69cfb4df91996e05c03bf2cc,42713ce0fc8dc20c7a2dca1e26c65cff2b9f19eefbe3eb964310b83e77ba4535
69bdf50091996e05c046c75f,7230ab9f44404c380c50d09d5dd44b58c15744df69e4966b32c7cc5a28894519
6298fa5353c65bae2e7e54bf,ffa0da11a8d8f754e4f292d9c419f33ce1efc3f13be456d8ee46511912112bb5
68878f11e3ec279a55088553,6be0c1e99da17f7765a43810097ff3e3c6913400d0709b630924cbdcd2151a5c
67ea2b71ab7e60756e803a9b,b1e87871b264494d7f181a952384d4c257923b7564d090a7175f9bde26226ee6
6298ed8e53c65bae2e765b85,0dd02c291609d17ed9e853c293d39d0435f279bdbfdffca464da557ed635432e
6a1fed3991996e05c0001739,5131d0f5ffc594ed43588c875266a8452ff5b2463f2194fb3d620c9806223e6c
69d1f58791996e05c0090cdb,d460d9d7e5f394459c8a83b9870623ce4ab283ab0565c36543eb583da098d772
65df257ccf21b2948d11f848,2eff19b5d7f91444aba075aa646f3d30f7e12fb9a17936e082a62f036cac3281
6294ddb67bee9c5d5a633901,d56fe044a21ecea4a8d8fe953614836b7b70326d1519f478c58d69f35f9a0348
641aeb107bee9c5d5a3b29e8,b55f12207f7ab2c2ae08d41109708010fcb2def488296339bf721faabedf0b57
641aed497bee9c5d5a3f2590,11469b2c90d820f94caf82decc0970085476dc9ecae5d4e7db9ef74eeea8bd98
6a5f33c891996e05c0fd225b,2694b11b82f5013a282e43814a199f231f05a3fef5a6d73f4a3501c8835512ac
6a1fef2c91996e05c009b782,f20a02bf49cc6212e4b98d18a31c98b0125db8f1e2440d5307f84c07e9642fd8
660a886dcf21b2948dac2b93,fdc77d5317bed74719cfcd1cc9c41249019ee488fea15172e5724f97574df352
6a1fef7e91996e05c00b2c43,56f6e0dae9d9121acb1282eb88e49dc30a8a1679c3e450df7873eef9d3425ad2
6a1ff02391996e05c00e3e45,5f51838ad52785ef099d750b33b6ca7deb0a16b032b87cd4577b766c91fbad14
6a45fb2291996e05c0589535,373ed30dfa0bdecdd6aa4f2572ebe0a39ca3224a841394d3ef57ebe6e563d0fe
6a1feff891996e05c00d795c,709363c5607ebb43366b8bc732cd5f4934b51efedd0d09198e1ca94b7e95d57f
6a1ddc0391996e05c0f7a9f0,72c5d0af478e17eefd286ad3deb7017686c80816c03e89e2e129d28eb15e09e6
6120eea1ee3b0993eaed15d0,11ee7a29d5e17ce868136a94d4fcc8c365e6da95b3b5e9e7e0b533db8a07909d
6199f255813bb28a90abd7d6,53af382e7d8bc1af742116d3ba0446628a40526403ea4f7b9a0f11593781c7d0
61ee78ceee3b0993ea820dfc,fb254bacf6f565f7fd3b46c00cce30134631cabb0ac7470938c4175b6ed9f4a2
6a1fefbf91996e05c00c603c,52405ffbbeb8760e6597453d4039d36c20e32c93f934c3704d5e683947519baf
6a1feea291996e05c00713ac,3af6da13464aa973bd73e1d338bedc275edc20eb16d8e61fd1ecd0fa34ab867c
6298eb8653c65bae2e74d439,0e256020c25bd817db9c20b58a949454c47fbc35f1962ad3d4ddb75d641c1675
685bfa37e3ec279a5528834c,74e19c2ae6216c29d50769b310b46239bdc08a272bf0a064ee4366b33baef443
5fe969917e23857eea466050,5d2066322820ee2eac031e6a95241606d19128f23b6d9b6729810bbda8123fd0
65df13f0cf21b2948de8da6c,90413008b0c6f39153b9c869a13d78013ea5082baf15cc7e4ca705c2c2549fa1
671350b5ab7e60756ef2843e,0a3dbf779b707e341297d6d99b24d901eba724abf2d5fe8ca3e4e047e0dd7d63
6a1fec6391996e05c0fc123a,e3398a1c974a2685c8e9ca62fb71d98d5fc97fddbce10a33ce298d6cc10b3fdd
6a1fed7f91996e05c00172ef,c6f07a3d1870d8c1554b78edb3cc92c326ea47544f7f3cb7ddafe18195d1bae4
641aebf57bee9c5d5a3cbae7,2ba895623ef015699266a148fbbb7d5b9b233b1608a999b399e3b14d852309f0
63ca8c717bee9c5d5a0d2aff,f095ad6cabfb1e620fa38c284b30b29de3f1b182adb9b39bc12c31019dc9c808
65df29fccf21b2948d1be8c2,aca427b9a9daf6b560c62480bd7787c755f93c89ada45605006e922009101253
6835b3f6ab7e60756eaeae83,8e8ffa4105576c57e6a1a5d1ad1ff412bab5110a3eea6d14f4be392e0be3ecdd
686662a6e3ec279a553a9689,b04a65146e5136fda07d7fa1312dd1e29b347de59fec3cf20bf3ef28e6051cc2
628f47707bee9c5d5a89c949,3216d52e37fb3ddbd59ae03db31b50f1d90fcbe04d52aad3a3cf6e6bf73de6a5
689afebce3ec279a554055e2,60567cedcb92408af70983f73f4f93f6d738aecd8d14a67db3ce88fc0209a48f
69d0be3691996e05c0a0aa2e,fe02c9dafdaefd9214af0ffe5b04491ccc706339a7db551282cbe92be99a373b
67134f4bab7e60756eefb28a,db722b6e16f80633a620f35ab1dc71b23109f2ea1ccfde6a901445aec44ae919
67ee848cab7e60756ed89710,2673994889412ce16c169d52652ba03d21a4370885b848aca030d6139224e4cd
628f42a47bee9c5d5a85ce29,7e09fcf1987cd358f1b0699e3a0b4476c3443ddab01d6a1d7284db3cb09a67fd
62e8df837bee9c5d5ab07d8f,873c2083a01045f8382c3d57d9dcff1fc6c9434f3b14f4faea5fb0aeb28b8e14
69e08be391996e05c0ecedd4,9f1ecf6ca12da35b854aea5f374951ddbbf33f91c3ff5b4a4bdbde104f666427
6a1fedeb91996e05c0039f34,198ef40100d304833773c8b6513679f5c78d531d2a9bca6d65b2373cc416911f
6294dca97bee9c5d5a624e36,e764ebe0688fd8a4732bbb918e4b2d750f49fa09a076bba714175a96da47a235
6a1fec1191996e05c0fa885f,7cfac101363139413ed03cd207b1c60f193d2a96caffe58dce3c3a785e587104
6a1feeee91996e05c00884b4,40a7e63783fa6952c05368c565c4d35071a852ffbf3a9c71ca7538e64e93ccb6
6a1feee791996e05c008636f,0bd3c0775bc89ae0821e3f122a2721d9fcb34ebda227e455c7dc75844418e58d
6a1de06f91996e05c0fcbece,739e76a3cfa288cbd5fd8354b580fda2e105980b9f88c7db3e69eff0af648e77
6a1feeeb91996e05c00874ca,54a3ab38b972308ad7c735b49de3e9f788f0cbe0f691c6b3439daebc9547a00d
67135beaab7e60756e05ce61,83b154b5a8db54408759c945fd479ca9b41201b8c6a1e23ff4345b93ab558003
6a1fec5991996e05c0fbe5d1,1fd8f3861ab2e3a461b2c6b26045b2132ccaaf1ef51e6cbaa17bd47fdbb8112d
6a5f2b5a91996e05c0e2e781,b3cf25fc2677418e50a06be4fc881e066713afbf1d1bd314987dce1334f63815
69bd579591996e05c077e51f,659ef9a32bfab2185d49393793062ffef8d93051b8dd956515a7d5ccfc2c15a6
6874ea0de3ec279a55e59242,d056987857d734bf8d7b48f8f7c2785b53285c36ab597c86b10d91083e36a4d9
6a031f1091996e05c00620c9,435a785511ae8acd647ae5224c929d41415d61a6cf38c52f90692c3b8a5fb4ef
69d0a2cc91996e05c02d8169,0ab4e04d71fe02facfd3c6cf1c54376c38210299b99675a4e6981536e11e16a2
68ea5180e3ec279a5542ace0,d2c00a1655035700294c845c025d0ee98cfd020e68cfa549dd38fbedb7c0ef00
64afe3f0cf21b2948d616e0b,1d073107c7b98e508fbf1af335c41ef5b6938010d3021195ab51723df6b4b640
6a1fed4b91996e05c0006d09,d866da9e8cd236d8ec51f81495f49b104d361d852b5c30d70a588d47b3c26542
624f8b6e7bee9c5d5aba7a6a,429bebc13df37991a1d5ff701d0ef36a7eb2f04309f7684a89f80ef16f185d17
69d0b55d91996e05c07f1b69,bd8a3423543127698f8be381951f72a178d02102d03b6575e366ccaae3799a0d
69cfb91291996e05c04e24de,c19a66155f2f3f40f88955713d36f7186b4527581c6a57a3a0c594d257fe4b62
628f48b07bee9c5d5a8ae066,ae3050f3dadb51df78e1f7f3b7f31ad95ecd791814d06517ec567eb4e9a9b082
65df446dcf21b2948d5e9b00,6ef31bd4791c9239bf56fbf66eec3f2ab4f21888b52e02341089f69b15488025
6815eef0ab7e60756ea3cdbb,61b6f6cf8a19195340e8b1ef5073f62b2d9b146de3c5acec6922576631d44a73
67d91122ab7e60756e99b053,8f6c223d19240a13d83aaed09c7d7ecf9c55b72205b019a3f7a0e243e3755f89
6713583fab7e60756eff1a1c,288fedc382a0ef4dd3a3f7a419e57fa5960207b0879ea4983fb203b052e18f9c
641aeca97bee9c5d5a3df24e,9ed42b8148c87a5a847fef223ac4ce16f047258ddbd0bc50db8635b970a76e87
6a1fedaf91996e05c00270b5,b09784afd88a315712b7b1ad1e5ab6c83f4490cae90d2477a3e870abf821932b
6a1ff02591996e05c00e45f5,dae9c7ae171a119711fa3b6ecee1e6503c9a04890345a64a88770475d63a8130
6a5f25ae91996e05c0cfd985,c2d5233b22fa3744620f4f2527ca74943c01ea06a0c1c19942dc25612a796702
6a1fec6591996e05c0fc1ae3,16b74a756a52c896c26f21747f8ee2dacccf1cc05fa98f2ab27878c19502d72f
6a1fef1d91996e05c00972b5,95449a1c8e7f6c45828372fb67900bd323317924769e53901860df79f0d15581
6a1fed9191996e05c001d599,5a2f44acecaba01949f500f60dade0db37b3ab6fb405af111ce60040f857cf35
69df95f691996e05c0557a2f,7b81d8741a03aa9a72ad78276690a1a22735136522e03d70a4bba54a23e3282c
6a1ddf2291996e05c0fb3d64,d42c362f5899debdf03e19dca5258e8654da03a27e901da01385b43456fb0320
64e48608cf21b2948d076536,a8132f74e3f7f18df0e3ec43d55c594bec2b0d3671b1bbabcf478bac3c8eca14
62991e4b53c65bae2e8c9bda,ca94d586f9f08db16ea1ef502b25e4a75217e17a3d7e2b67c05d9c7ed418c3ea
62990cca53c65bae2e86c5ce,ce405cd3114c84176759fa6b70445440aabc9804079ba79721d782682369227f
6a1febb791996e05c0f8bc21,518efefed2c08813b8b501d782cf3acccfd4a6ff3c52c23d3ca781666fa7331b
6a49024b91996e05c0484b3a,4f72f9a7852980331d8d4109a61b007a594e19e884799a3245b8fc293045c854
6298dbf953c65bae2e675cc4,06c0b7c55567b52b6a8017cf904188f77482b5c2444d6a37a033b5cde77028e2
641aeeb17bee9c5d5a41bd77,1b094b6d43f31bd2100f9538136559da6c19d70e568ee28271233ae9925d7bab
6298f9d153c65bae2e7e1337,96363004a82acc8a6d8ab45364eaa5adc034ced91251d47f240c33d50da62afb
69d0163191996e05c053cdc2,098940435d23e384aa736e50aef52bf434ba04c33223b2b3f869455ab421d8f4
63cad7cb7bee9c5d5a6f16d8,cb980310bc1baee46e56986ae0e5048f398016e00537461c161a5ec50f6f6e41
61cb0e69813bb28a90671183,921a55e2a1f43dba7e06c3be7f16fe1d19960c8d50fd8b01195e1ca7ef2647f6
65df342bcf21b2948d350c5b,d897f3b47352f97c909cc351800883d19cf20b8e762177fbc3465a97600d55b8
6a1feeba91996e05c0078c80,9e4a0df33103752f8556572c1ebed9d84ef307b610678299679b1a6d50a67165
6298f27953c65bae2e79d795,cfcdbe6dc702ef4fd3597ab25fd1f23adfe800942391709a3e1edfd1adcfa70f
6a1fede091996e05c0036449,26dc10f1da7cb5b6bceaf3529ca270a1af58b570543f34367e6251521f53de49
6a1fefcc91996e05c00ca448,9bedc0d3f0425b97942263b4f37f7c7688e88124ed08a39041ca465a96f7ca57
6a1fed2c91996e05c0ffd898,17c958fdf248809826dc80620b21251c44171a58a9c82f712600aa17eb98f942
67ea3a23ab7e60756e9aee1a,93933a2f188423283c54b343dc9601b68e7994d764925d10279dcab0ee2d1ccd
6a1fead591996e05c0f41fb1,66718f3fb7974f4ff0f507fa21a7b20babc6b96b3ae359cde228d5385f0d1b2e
6a1fecfb91996e05c0fef6cd,adfab403bc1b6d2989573f1808f6302f1e1bfab3a7c73f6adc883b8fa5206c07
62e8e6637bee9c5d5abab82e,76f25b6ad7a6b44de2834e4b22381e5cfebac71d248b095622f2a8e4f4633ba7
6a5f2e8a91996e05c0ece2a7,e923d14dfbbec2a29dcfc1276ac53a9f2e62359f7d9bd41008dd3b8d75d4345c
6298ea8b53c65bae2e743012,0c79c2217ca66a7288bc7272869d6d824371882605f1c78ee52df642eeea6673
6298c5f253c65bae2e529adb,a2c5a6168d4767f2d469391d5fb420c623efa9159f28373f6cfe25f7321558bb
6a1fee1491996e05c0047432,71f7f92f23019582ab09ebe14a1c6741da4fbaa75cd1f5bc4de93225da3c4187
6a1fec0b91996e05c0fa6b29,505cf758b395f240407473dc0882ccbe6f3099cc525fb705b8a32887568b73ce
68db7014e3ec279a55b322d6,6ccefdf8d75b282f61a3d8309bf5980a933e71efac4603ed2edad53afe472691
623d82df7bee9c5d5aaa7675,91858202e28cd62a0202b6d62382f7e682edd161f199ea74e92f9128f82210cd
64d23408cf21b2948dfff41b,642f1e66d32b1a8efa5af26133eb20c32f7803bf0d1c0aa142bfc675aaa4e9c8
6a1fee9491996e05c006ce89,ce3bbdb253d2854c411555469f82704c33ebdf4bd3c8d6a8bd85170a0754e6a5
6a1fee4791996e05c00565d7,97464a4eb7da2c072e5f86bf955e7236f2da4662bf1ddc4fc408e9b91a46455c
69e1368e91996e05c08461d9,e62254995834aa9759c968f3bc8a290de9af4676371bb17215e5b00cc11725de
60f909d4ee3b0993eae228bd,773076669c522621fd2e77d31849093f1ae4b99d2bbb083a1768303645edc24e
6126479dee3b0993eacdd228,b51344ed907692b0aff580ed8ceaee1d4df8e25f49762653f44a8b5c6dc6b382
65df4855cf21b2948d68e477,27b95f4ff26829a3c2efaddb30b5944ea534fe99f5388415e20db735c0ee977f
6874ea24e3ec279a55e5baa1,a9ead2e0eb7dd97cccb1e26797283a3c3c8cf98313c67e1bebaff4bc8085a518
6a1fefe991996e05c00d27f6,3e44329cb454d6e54de915f62b909ddbbed84aa0fa4912ee70ce1729c3b3bdc5
6a1fea0691996e05c0efd0dd,78d6a3152d5fcd19610d7d6b3fab940328eada55463ae28834f702f04bbf9c9c
6a1fee2b91996e05c004e0cc,70addb5b93b5b1433817c47eaf439cb93ab682b182701d9b0f6877bad4b78865
68527af7ab7e60756ef869b9,44c6e2df60b9b39c5c860eda3b78db34569c11ab6a96377d570ea1d84ef9455f
6815ef14ab7e60756ea41fe1,9b1fac23dc8b68e0d126d6a471af8e76297d5eec0c24347e66f9c648aa8a0fe2
606b176ad5cc3545901b862e,4933ad7eb5faa50b08fd7e6bf82b34fb3f83fa208f9f3bafc48760f1d3283ae2
6a1febed91996e05c0f9d4b9,6b93411c666c13331ca20b9fc64aad94d7152c4f7b1b6ed3b24345cc17d01f8a
6720d972ab7e60756e79fed4,27215ae1a27e82f491884a3949668c4feeaf5da1cabe0e8e887e29b41a49fe35
624c06007bee9c5d5a254590,8bf98beef30662d762cdc6d5aaf689873228556febb1153eb23903c5150483be
641aec277bee9c5d5a3d1187,6d8b4cc826a7b67a59c628d1e6dfef52b5011a29f4934951c2108ad26bab9c72
6a1fec5191996e05c0fbc10c,694c78c1483750ee8d8e5601568d431dfd8e4c2dd38a27f38b29ec57a0b82cfd
68ca8321e3ec279a55f4f87b,ed08dbea9f4f0314840ae3debb0e2ea772d27eed3bb1fb16a683bc3b0927a2ef
64f00160cf21b2948dbdf729,be36c3230fbc4cd8968198a6a321bc524f3233c51e325e3eab8c2628bff6b9d6
6800aaf2ab7e60756e17867f,0a4f9f77bfc46a106199b13bea3fdd911c5478418f8d4da9b03a80a27625e170
628f48577bee9c5d5a8a936b,c67b05de50e2780004ad7c148420db2304b1883cd806019f48a2d3d0769014e7
6a1feff991996e05c00d7ec7,c0684b5c6ab91507bafff4c50464b6f762589814985451bbfb8be935ec771310
6a1feb8291996e05c0f7a955,9f9948cfdf8a45f6dbce3c6c636942675455d9ce9b74693979d792e1f3ab8695
6713596bab7e60756e01a374,7befe0dca9bc4865b47db1acb7f7cae27ebbc0192feff914c10a3b93ad2e1b8a
6a1feedf91996e05c0083f2b,9c76de0aa9c638addf50a10befe47d8ee8f490855166f0e22303846d27f735bd
6a1fef1991996e05c009659c,7b62c96018dd958b2585453fba160921eb8177be7d94cbb94375d5b3bc021300
6a1fef4891996e05c00a3184,a919ec6acff1db7171c577a4cabb8e87ae6c306bb52687ba900d4f468bac61d9
6a1feb6b91996e05c0f731c1,4d0e4b1f7fea3753b2577708c23b0a63ece8b06b9aa5bc3e6693678ae1da0912
69be3d7091996e05c0f2830a,6fc85c8501f2700ab509b20b0346ab581ceac2dd794a1ed54b8ac74819b79ce5
641aeafb7bee9c5d5a3b0868,093041e2fb6385000677c705bb73e06f5c5ae72a853685479ffb67a7989b45c6
628f48257bee9c5d5a8a676b,978509a7655f87731c29d4cb8e90a4576001e2c28be6b42b0b3c4b765caf88f4
68c414b9e3ec279a55efe466,112b605685ec6eaf0755cdac3135b56778ac6ec9445ff8138fa7da6d9aea71a2
6a1ff01c91996e05c00e1e02,74b76215b9d9c34f792421a230ae0d06e085f22b429b5a26a1a8791932c6cc04
69bdcc4691996e05c02ebf40,653473465349fc00f29e6cb6df4cc407ca848bb066ca80c395ff371c9c32a738
6a1fefa991996e05c00bf42f,b60a61f1499f64ac1c6b49402f543f66baa88ef6026f1753ab65bcc19f72437b
67ea3a18ab7e60756e9ad41b,13c0e7bd138867b6b6b24ee6a77bc69378857c9c0fad81ef7ba91bde59153bdf
6a1fe91491996e05c0ea90db,36eebce7fed478b9b3bb6117b6147c5699a937ade51793c482cc2b0c9f4b88fb
6a1fee8991996e05c0069841,a5095f97f44e22764cdef8b8ad2980f0e73a5c7bca5d3d624d66b2bf431a5f0b
687e2654e3ec279a5567f255,35800594cff6b0b742d3b761151a05f7c804f68f9be5bee232e8d51b319e97f6
654bd632cf21b2948d63a812,8d1311febb75fb4b3d3d85a89bb8919ba086237a445ba9307cea429daa309d26
628f40867bee9c5d5a841399,b87ed76546067a0501015f8b079bbb70a0e076af0ea2763bb0eef1f79dc3c015
6a5f2b5591996e05c0e2d637,abe8928872141e9ce23b1ea683a584c8cf1325ea05466daa9957d57d633468f8
69f8cbb491996e05c05d6604,c19c6c8b550f0d9fc25502a5f4d160378b7eb266cd378b527c6e8b6308cea56b
608d1cf5d5cc354590852570,f8bfdfe2c5ab1f9702cba8e39978c3a40703a1169b725174645907e7fa165f05
671357b3ab7e60756efd4198,f257e7baef205debfddb6e674497e28ee069152f71b36399ef68ae267e44db07
628f3bc37bee9c5d5a807e74,edbf4c8ad982c250a655033e6fa8652dd572539435f82b13f08c7afd869a86e6
65df3026cf21b2948d2b0135,747a3215f04e5569c479923a23054e00f1b19250f143e7f78d2c90af182b7c3a
67fdf668ab7e60756ebc6831,e7b134e993f167e34b9d1119306749ecda7aee20eb28148b07eddb826b73b661
6a1febbc91996e05c0f8d6a4,21b9aedffed7bc2d1c1062465eb5dd9fd1d231acf41eea364b3bef30ac9e0b85
6a5f309c91996e05c0f319a1,74f882c2216f283e4fa6fdbc1894deba6c1394dd0218ed83008a0c6ec5dd3334
68c9060ce3ec279a55be22c0,ed27428c8a142b3a7be912c0958305a9e0f46980d2372b8e742c3c2819c8a001
6a1fea6291996e05c0f1d2ee,7de068a35e6ece069188a0f9dce2d77bc07e969c901a8eba24d57dee4abc8c97
6a1fee6791996e05c00601b1,1f5744c0419dbe70b63d8b9c89afa9c04bf86d0d46e6d0c4dab4afa6e033f954
65dcb57ccf21b2948dd0494a,fb21e4501e7fe80e73317d8520901b3a02e9f4485e7f00cd194f9a698a6bf46d
6a1fec8191996e05c0fca446,4f36026676eef5a2a71fa192cfe23de04cf9aa3a5c3faf5a320bb030f91e145e
67f10c2eab7e60756ec9be86,79cacafa61234b210dcfdda27812374d72934156eed0171c7921a6855745bf07
61408a4aee3b0993ea201951,ae466d987edaef43407fbf45a5c8e71b610a8070db6ff4fa98ed99d5fcac9da4
6a1ddc6091996e05c0f8225f,56c941b6374b4c0ea5b0ad9f32f3ba948896a7afaf8677713313dd1a4191fa3b
6a1fec6591996e05c0fc19bc,7fca48e382b39ef74c04e1a360fe988e9393b40bf48421ee89b8da6d1b6493b0
6a1fec0591996e05c0fa4c5f,6302075f46bf284dedb0396f488f7d181c4dd9c28c48d5905ac52985708436eb
6a1febc891996e05c0f91884,186caec6d59cdd223cc49d4d96599e62de157255f8868c03a2d2f23ccec43a42
6a1febd591996e05c0f95913,98b5b190d17be61dba32c725a45c435b3ed061919244530e6f6f13a0404826eb
67f11783ab7e60756edb040c,36102f554a39672868af302d633213c40cf230fb2edd203760159dec20fe48a8
6a1febb191996e05c0f89efb,be4672dd1c2078a59d19a24ba8d6f713358d3ea788c27b0216dc92dc7c6f6e47
64afe4b2cf21b2948d63adc3,e96adc53232c5e2a3912a4de9f0b71a0e94a75ad8849fb9e93b82941aa60b97c
6a1feabf91996e05c0f3ab3e,7b333f4aad493f1893087512192dc7d947986f08351711991356d70004cbca8f
6a1fed2e91996e05c0ffe3c4,327584bd3a088775ba9b7cb734582277f6668ce86ea8568dc51d71ef094cd30c
67ea3a3cab7e60756e9b2656,3851a305a0b4a2f6b72653784571a243d583ec336827c8335d16a658e1dbfce2
6a1fef5291996e05c00a5f51,717dcea6a6a9dd4a6362be638143eaac4562c7bff977ff0f2a52a389bbe4c9fe
6a1fed4891996e05c0005fce,a5b9c75ba4999233fa0bbeb23ac3e4bbc43c4da7340d4cf1da21b49f72eb7549
69d208cd91996e05c0487fdc,320cd79cbc95972efdcfd18d55c7872399957d9756fa0547af7ddd544afa8e3e
6a1ff0fb91996e05c01227bb,80133ee5d5d0261ac04ab086ae630f27567a9de7e48266421b1d3cd757cd0f9a
624bff5f7bee9c5d5a1f7286,0e8abd2ae50fae7099653e2c547fbf5a04cd0779bad1965bcfa7d5b8deca7f95
69bdaec291996e05c01d646f,e71e2f71fa3ab476350405d08eef43eed08835ea7dcd7db0fde1187e2c3ff58e
6a1fecb391996e05c0fd9e2c,e4a58dc2fb8fa0f1a783551d5cba1d533648c8b4adf6afdd2d86b9840426bc35
63b682537bee9c5d5a65de73,2a5db507ee34ee45a2fcba4d648b7a8c3a211dec5188b1340dd917aa2dd352db
6a1ff0e691996e05c011c645,91c886348fe36cb53096814aacab0b2ed7d74fe8127fd79bd29a07875a02043c
6a1fef9691996e05c00b9906,24604c938d1a41f13388d230dc73511849cda57dabe33fbeac50fa9d2c73cc55
68527a42ab7e60756ef6ba22,1c5a59c8bd0383b3738e6d822b2d0d6e3546bf09bec03ba19c1915b82ae44879
69dfb21691996e05c0a0121d,ec0e355523346a12144899a8f182b4856ae6017465b27b80b765c8dd89b51879
67f61f80ab7e60756e6f0c8a,a6fd0c2546071f81b837ca441e585d5f5cc71cddd5c63ccaadd011185e4b6b30
6298f2c953c65bae2e7a0777,f421c030c67dd36d6c1cf18fbc55b3196b116993c137cd12ea1984ddbba22116
64afe6a8cf21b2948d692fba,2082b4e736c70d51a1b44d616b30637fe37819daaa49913ee6d7e5ba54124563
6603ddcbcf21b2948d544d57,6a1d7b3e636a42b252480c9ce4845a982717e35fa496930e6b41ff4c80d2e5c8
6a1fec6091996e05c0fc050b,24690d8570571abe5b3fe846dc07b0afce894b66ee6448fd1f6dd70e2131b460
6a1fec6a91996e05c0fc3182,ef6ba267de1a366ffab98bb32be2357a335327a5a0b5555c877d99e67c26dac1
682f1c50ab7e60756e313a8c,1a9e27f23dafb5b6831ab33e40b82abc46208b9769ce896d2a6516ff2b202d33
6a1fef0591996e05c008fe8e,7e5444f7422683f41420d6402d73bbee9b41dce63030a559dfc1ceae15624865
6a1fed1191996e05c0ff5bdb,1f7d49f55a2317f5bd64ee09d7ac3739f2391a26840420b9230d788d06696509
628f42177bee9c5d5a8556c8,7e4049cde8d0a6de2399a75dba30d92861386d964eff01493753486a73f86639
65dcb254cf21b2948dca6ddb,d1f17bfe9cbc4eb33b84052b8cb90405fe27548e476b786641d89742726e0a6f
6a1ff07091996e05c00f9da5,0969361b7ac4657c2d8cba34e10cffe9c9e0ae8056a98b8ca703fc4c14841d72
6859488ae3ec279a551cf744,0a2e9bfb7b0106ac81fc7a7d4f266908926ed7e4ea26fbb28976718a7de02f4f
6a1fed1e91996e05c0ff98ba,3c8562cdcdf2691aeac301aee84f231ea85385a7099e2026b3d52774e67a6404
6a1fef0391996e05c008f57d,a2721c6a69edc9047445ded9d46674e51ccb6af882f7bf0fb279b9477fd88adf
6a1fee0591996e05c00426be,d2697e8661fd5349f4dfc212588553bfdcce2764f2a6e13a4d5e7f62f653ff92
6294debc7bee9c5d5a643aff,2860b78d1af811abaff0b65f4f3273f050548c11c05107caf90cf4c1e85a41a8
6a5f300c91996e05c0f1629f,66ab8d07b44f32320411bdf0f371a657193e039418a3aa0f905877f5ebc0731d
6a1feca991996e05c0fd6c8b,04b0f9e16d7dd952272747b7150d844b5861ef52db9e431c6b44756e081ddf95
6a1fef1c91996e05c0096f04,7fddd50a94c080fe5294ef223f8e270bc0cbf114ae74fc576f419ee76cd1ee06
68c2f41de3ec279a5587a918,8f80416bd0635cb04d1567a66de0cd1f9e17d37145293b60905d34d272f0e490
69bd70e191996e05c0c35cf4,03a90706a7a6394d82be9e2fddf7a0a58ff628f53e23c087d843814d668e6f0d
6a1fef8d91996e05c00b6e89,0db5853b9321ba048ef60629c019bb6e082c2ec11cd5585000951cf312a9ba27
60a27b26d5cc3545907a0773,b702f20f16ed06e27456367f58cfab694c9610ed68c34470268c3ba3a875fb32
6a5f2d0f91996e05c0e84a0b,60d8452471a00539bfff038b8008b45b103598c9b60517af7dbcf78f128869ff
64afe6abcf21b2948d694a47,f8066c748d0dfd04d72fd124f4e2718659764e13289559c0679b837c0122ee61
6298dbb353c65bae2e672460,ba7b4edca9574c38cd44b45b0648f49b03b05223313a2a79000a71dd9fe22472
6298d89453c65bae2e64468d,b9fabd17b9c9ed272f95583482e5760db3822ce6c555be6676864e69c061214b
67ee85d3ab7e60756edc5798,97446e6e2abafb70e17e9bc706eb4dd2b425ca9e37fdf1b4de62d17a40e014d7
6294e43d7bee9c5d5a69939a,7a9e81929afa0db1fed2b25e09e904d650f7289189cd05b3bf666b02714edfb4
65aa50978c12ebd66f359ea5,a2b6a2a6fa12faf9dc006b892d6f4fa34f8f04600616db4aca18c428634d4a9a
67f1182dab7e60756edc1feb,2c0d1426f27306cbd75016a95ed7b46ea3096448ac9fcefe589e98836c0a0316
6a1fed6391996e05c000e605,8e49aa515ef86910d9098642eeb1dbc68ab1847eeb6ed42443cc3a3056780894
65df18b1cf21b2948df3f203,21a9e98f50a48ba5de92a0062234fa20be13366ac8ec615c1f8325cf23329c71
6a1fef9c91996e05c00bb523,059636a4d8243ebf99e71ddac02bd20342251b25c366fa22c56772f69f117417
6a1fed3391996e05c0fffd08,c0c1a0d8033aa4c540ec4aae17e3638af73f51a020910edc6c2d6b3200eacc54
6a1feeb291996e05c00765da,2cdf8970c2e87d45cb6ef4804ddbdce462f3f15983cc815851542f28973670cf
6294dda37bee9c5d5a6327a5,778cc82dda547fd891452fe8bd8cc1462c3bac387200b7385e77da9f1d16d653
6a1fef5b91996e05c00a8eee,ac61fedb41a67c6c28f98310a001d6e50c68bbcbaf75cb902960ca1e6f6b5386
69d20cdc91996e05c055c99a,6b8ab007a44aefe1cee22fd9be0bbed76be381c84344a88627ff88c2669ef4c1
69d0110b91996e05c04e3e4b,c874f3b19eed629bd17448703430f7ba33df44a5cfd676fc10d3624130f4d7da
628f4cd57bee9c5d5a8e4f69,162f675cffb0f55854164fcfa17cb315552e468a54931e2c4befdc230541a3f1
65df42c8cf21b2948d5aa13d,876d8768e4babc87597d2879537d4d3c059da370c644462d6fb697c323c126cf
6a1ff04191996e05c00ecb72,8614f9d19bc884048c9342ce6d46d3ea47f0250a932ceb2d8f9716049ef51401
6a5f283491996e05c0d83475,a863ac3fb16f5547760876858fadc1b787a2efa5857ce400a1f320fa539e7905
6298f1a753c65bae2e79539b,5e0df295677dbf5a869f73e6eecb0c9ebeddbaa0b9666a6372013fbcc58cdda8
65df4842cf21b2948d68b424,321c19d1eb716e51fbdf2d8220cc522e31c0d623e8242e2e533ba81cfaa3988a
6a1feb4d91996e05c0f68f41,aee2f139bda71df9d96b70c377c11827d55d059e6cf55fb7b19be9710c068274
6a1fed5491996e05c00097c3,0bd2ce76759338657aa451a71a3107bdd27205ed505dfa488d2441b292b89b27
67ee82b3ab7e60756ed30d34,2e281bf2c6ab85d8bf93089c4547e120bc638fcbaa99d9187ec611136ab5319f
6a1febcd91996e05c0f93405,a3087860e3e245de818c0a8d6b7654199f4f6ae64b0d5cb2ba151862c5a44aaa
6a1fed2191996e05c0ffa757,894d623b08e642443e450c700c4e2cf969f8de416719eddaabf9c2da30ae0b25
6294deb17bee9c5d5a642fbe,b0e31d6de248b8b23fd272be4e2d5de5a07bcdf529b7be611f2ae24cac344bfb
65dc75efcf21b2948d3d55f5,beedd68f077360fbad23c9de35d6e56c550ccad6770e8a2578c15ec17720c7d0
65dcad1bcf21b2948dbf6664,a3cb96516540c7ae1edc827e12a17f8cca7127b8b5b50313edf3e4d8ea80368e
65dc698ccf21b2948d23f0a6,ad2d3ac1d7376d5ff44662337582297a9a0801d3a0504e241fa76ab003a0417b
65dcaa52cf21b2948db8cc5c,bda114df3714c00f9915498d6ffa915556214dfab7656a112757acb23c4e7a79
6071e2add5cc354590d8ec6b,b3bac656347f468fb986d2daa96a7f9d538d42b88e2ee7d0d6d0fd7062ea593b
6298ea4f53c65bae2e740302,12908d448738b3cb6e13d0c5bd403262a529bf6aa1f91f18627b58e1f8bbf121
6a1fefed91996e05c00d3f7d,c38e42e9dc50022eec4a5590743c21b4b6c3d028774d455799fc3da0928775d5
6298e43753c65bae2e6f5a4b,99e1ec6264e271e493e078b2ae38f3469dbc59d583942fc8c2fb7f1053863612
62e8e11c7bee9c5d5ab2774a,bae8d88c1469d62e64e5f4dff67a878f72f06dae3d855a584930d88a021df369
65dcaf14cf21b2948dc3e6b8,450126fc1229c6c501476d30f78a7dd4bd96a010283e6dbc54f95a8b97adf6c8
689afeb6e3ec279a55404702,94a8437a3e824db16011297896e408405c9bf963fa1e839dc256f0993eb2be44
63cb09167bee9c5d5a86f6e7,04586d7230f73da294db24c36dd200a2b5a6461bc2749d4d903bee01b58bb47c
6a1fee8f91996e05c006b9a2,43b64d393888455854f00500fc24f18c922eec8b719257fcb614aa4524d5f7e1
6a1fedc091996e05c002c8fb,f21b7314a2902892f2fa7ec81d784d55acc33104736a563860bec9564b863ad3
65dcaedacf21b2948dc36a44,c475a94d16518e6d0b8e314f0999c12db49449bc8cf2bd1e172150602a39362f
6298e91953c65bae2e73209e,c778ba34a27f4ca07db3e41e46057f5d879548bf4913896dd9c36c559e72f50d
623d98627bee9c5d5ab46cec,f703101ed9e9e7715b7dacdd4b5da0711e29b9b835fede7eb73340d642bf2d9b
628f3f517bee9c5d5a831349,d2dd207cb4aeb756ec168b6c7dbf56ba4a95efd1e5c01f3dd76465521ca76f12
69d011dc91996e05c04f302b,8b313ad98c0a39243144875f4da5749e5eaf23e0604bbec9e742655a630f25bc
68bece8de3ec279a558c831c,304a7a132056340027c3c223e1596adfa67c3486caa485167b053d444ce65ad0
6294db737bee9c5d5a610fb6,b39166414a3d5c5736bd499544330898a512e5dc65880b1efdfe1ea86e17b689
6a1ff08891996e05c0100ff3,f86bcb1f8731ff1d26bb7f56b8c63ba1ad4eeeec923c541a302a381a3fc619bb
67ee849dab7e60756ed8c39f,2fbe355193818ba71cd746a3b693dc75b4f89d711b264855c8ba30e2de22baa2
65df39b9cf21b2948d432f1b,d33f5acb78c4b1a5d9d7e4b9ded8d08c5907c3373f6d0dd70138a0ea227d645c
6a5f28e891996e05c0da8d6b,f2b6eeea51066573d651d6b519b0f0dc6b8db9c83eb685512d9e4c027d6b4ae6
6a1fed9d91996e05c00210b0,56a8eb18b2504f14292d8783b60adfbf0ec843f70d6543d13d8a0712a239ce1b
65dc9a2acf21b2948d8fa001,a39bc9387b2b57e05f191df2789476323bfdd58766319896467710c9c3211c25
64afe3a9cf21b2948d60bad6,8a75bef99a4f488f8515f5856e6f57f9954b5c4a7093cd8dca42511705172d66
6a5f278f91996e05c0d606d8,7117c809967840df267946d1e9a4c34e2797d8fc738d1dadb60b3350e07e56e4
6a1fee5391996e05c005a914,c3b3e019ee0c57c3928c1b41e71b23348c90e38ad8307596e779a44973774676
624d3b897bee9c5d5aac059a,02cbb4f8d777b37471c49b1c29332de2be6d5ddd0205778b2db8c00bce00fb49
6197732c813bb28a901c01f3,3f64ea8fa6bf872ea49a305999140c86882b0812767a9c73f7d61375034b816b
6298fb1b53c65bae2e7ebdd1,f7b9646c970148969a8814dda67cd8e86092156c9ad03fbb54534beb49782651
6a1fed5791996e05c000a505,208bfe8961289a857d2f12adfa549a95ea7895fe9e43913209277b806ee9de72
69bd86ec91996e05c0f01ae2,01854c21b520ea43757a68f5a9ff8bc33246566987e7431c7034991fdfa6e872
6298b04d53c65bae2e3b2999,640c3a7cdc31d07644f6eeff81e1f7df8d22f1984ba1d7f329d4728a694edc26
6a1ff08091996e05c00feb55,fda211f89eaec1142764ec2e3751d849f8bad71835cdbaea62c6485baf083c81
64afe49acf21b2948d631caf,ee003cfd9fe0c1ce313891a5ecd6f7b81676bec4c27b0750797ee6a3913697e5
6a1ff03791996e05c00e9c39,df1210bc5dc31db651a042f377b998e92a317d575992a62467c467f639f64fd8
69d0110791996e05c04e397b,f58e116fa4328160ac56819ecdb60f7f1cf2ed6c30d0ac74d3a440be45eff83b
624127177bee9c5d5ac59687,e120ef298a9c5f0f805107ee3d204b5f0fac619a391b86d505077a74c9aa7c0f
67ea393aab7e60756e99037d,cc06c116ef5a3892d31c0e930954d663624c0139c46ce286c70f5f8d8bf1d681
69e0797991996e05c0a935f8,4c74080731f1e63b1a755255453dc1b2ccc2f1f11510e715e5464bf0859efabe
64afe4aecf21b2948d63886b,bf44dd844bf320d894389505b9e7c0277f638a8988b921cb7a9f22e7850d6176
69bd7bed91996e05c0dc1261,a0398a41bc2b2d6e9e4c6e4c27faa32f59305f945aecc82cc52db26527ec2f93
68c4143ce3ec279a55eec447,2d44889707667af279a316cc56ed4dfd4a94204e22f39af1b7b232e9041b3116
68db6ff1e3ec279a55b2c967,9194761846e6c7ee043ebd1ffa5409c42e6fae7abd55a7c29f4e090225d1a2a5
6a1ff01a91996e05c00e1227,7cefebba5e148cdb7e1d0e1eeb7b1f0dc098a39906f05ecad71b617ad49af89c
6294e0687bee9c5d5a65e832,b9d522c27de4f85164449ac9da6a0588c212183a7fd83f92b7362df9fbfefd75
6a1fee4191996e05c0054741,aa3b62b3a248f603ad3e164366280270ebbe3b946ada6dd4340215299f32e40f
64afe4a9cf21b2948d6359e8,dd4bc4ead5136815c1885aec98ac18b9c14647d2200f7119efd8c59c81e3db62
6a1fed8091996e05c00178cf,0cfec353dd9bfa9a9a385c7f6f9276ae209ade21a0a3d0fe9c461980a8c088f1
6a1feef991996e05c008c387,c06cb4ce2410e4fb8e9d05962ad39a6e516a3b15330c146a8c754f8d4dba4053
6a1feef991996e05c008c025,1a568c55821fd3abc692d3d6426f7d2eb776bb2534052be3598724e483cac744
69bd873291996e05c0f07f77,605e4442cfb340cd7d7e01955d31b9bedf3ffa251a1ecde98752d417775a25ba
65dca0a0cf21b2948da1ddb9,b7d625151975d1a8c8263ee55f8513544e5c8f6ca6c7d536071a5c18e2d69793
6a1feee591996e05c0085bdf,225c9bf8e021b14fa26ca21e4aa153623bc94c778ffd7b25e70fb558b850ca73
6a5f284791996e05c0d86ac3,b39b1158c42c9d1e53ff0d88123b12535636710bfd9e3445e194c02e48984fc0
641aede97bee9c5d5a405760,a1f5724926889d40d9793e35b98d787b3075f9201ae56e583e69c6ba279c055b
6a1fef4991996e05c00a3462,42ae13d8677a4e0483888ba3b799b051f0cfe5cd692ad688a9202876492d0e20
68db7084e3ec279a55b43a05,6166eaf74bf409dbca96a87e717711f96e5cccc77958826ad057599c9898fd99
64afe4a8cf21b2948d634d7f,8b5cfbebe82f69ba22f0060dd621c564a0f0def4249dfdecadb6330d137b0a80
69a947e891996e05c0b78015,87726e2df459b5ec5acea6ad0475d020f338c868856f6e93933d4100b7a330ff
69e0c52591996e05c085f862,dcc5ea6c6eee747c05efeea3ef0483f5bb967cf195ae3c50a98138fd54b838ed
6a1fefb391996e05c00c24fd,76e0f5822fdde505b9d552d3842a45e5a710b22cd3e11ac33211484db9c8307f
65df473bcf21b2948d662013,78809fb7c6c2e0f4b51e19e7c85fa7824998c004dafaf84f072a51461ff519ec
6a1fecf291996e05c0fec622,7c290aa38feffce399e630680babfbf725e238ae82ae012089419a4ef0a21712
6a1fee7f91996e05c0066c2c,0af85de0d6f9ea662564a452d14bf3835e34d40e49aa52cae324450551ecc411
6294db737bee9c5d5a610fda,65a62ed8cdcf62c1c4f6ff16bb8b74e57a51e7869dd43893c455e59cc4b46759
63cae2607bee9c5d5a75b058,9ce53d3181c9f2273e9b9571d86bb4182cda315487e531ad5a696bd80d858b97
6a1fec4091996e05c0fb6bd7,6aee71635d4933e6459069647ca50c4efef5d330e35943673d85bb893bf77e23
628f376f7bee9c5d5a7d1ad5,bbda226dc85bbbe798342164f77dacadf2032b62a82444cd0cb67b76c66c94e7
64f00160cf21b2948dbdf642,e24cba8a26e4315c9330a543efc64a425ea598dea8c7b70f4adf40981ae7f711
6a1ff02b91996e05c00e5fa8,499eaa2d37668719479a502aec9aac522d985ea4e2a9f9b166d5bfc84522ac6a
67ee86d7ab7e60756edf523e,3c308492a83de732d923db2b3db3bb8a2e9844de58a9305ec0cfd7f1881b731d
6a1febb291996e05c0f8a34c,38ee5cf92e859a87957bbccab0c0e9e17ceb2b5f6156a0c794382f079826dee4
62991cc253c65bae2e8c318c,c645d875d958a1380caf5805ffa92d315971d7e4ef61ca4e05f99699b3ee6f84
63cadce87bee9c5d5a726a06,70194dbcd46bbf764dd6f9664ba0b8ada9d260cb7dfef485f1945bb3256070f1
6a1fec9691996e05c0fd11f5,ca921370901640fffe3ee52baad874c127bc2605fb24a0fdc3f98819a8669b6d
6a1fee3591996e05c0050e6f,311b6703cc77aa8029904727f9cb4ea807c7f4d9a038a31bd0dfe32ac0b424f4
67ee83ebab7e60756ed6ac35,8729c3d9dab3647b49e88539b41cf2c163c43aa26f03788934463f950d3f3abb
6294dc597bee9c5d5a61fe1c,81aa1b75c4d0c427283d2d8f353c9e3284d5f34a67b858f34f34bd00ee5f8202
63cadd107bee9c5d5a7282d4,825a352f98bb05cdc5b9755ae9705406dee06b5c4aab27253802f976dddc3c8c
6a1fefb391996e05c00c2262,72501e897e6a9a859dfe06fe244ef8b24d65de834d7f9405e8c6931c466bb95d
6a5f299e91996e05c0dcf681,2c0b954d2c784c17549b5de5fc52cbff78a7d945d38597984a0dc862e0be7747
65dcac6ccf21b2948dbda8da,c6dc6de35a4b4ac969034b8599eda6e04e74b9896bd9269251b9e63e89ea38a7
6298dda853c65bae2e68d63e,09e35c97abb03ef4cef835d57322a085d9b615e9f8001ba59e7a8978190f8678
673863ceab7e60756e9bb78e,0868f719bfe5aa75f11e5c9a6f48276e3016b9b3b6e07f3179e7783eaf26b0be
6a1fef2891996e05c009a760,2b965386f0da665d35348514ef774e7d36ebb5f7fd25797e9845a25d23d849b3
69bd8bb491996e05c0f795d4,36e06e8577458f52926508e952417214b6603530ad9e50b158df8d9827e26a4c
64afe4afcf21b2948d639479,31e7ea7f81cf67123be7cd1530d050dbafefbcb7ba1f82085edae4bcef6599fe
69d01ef991996e05c05d7323,f9176822f8d82a0a82dd3c6f088bd89ee3ca3a30a4a81a86ad003bb1824be3fc
6a1ff03191996e05c00e7ea3,42ebc032bf633633e364b04436b08619a501d40b9ccedb0b0d195bc3e240547b
62e8df3c7bee9c5d5ab0323b,6854df3e5ac900c494a7f60e34c119c082f64a61a35fdc99e19e807550fad115
6a5f348d91996e05c0ff872f,4d3398aef446a7882f8335c3da225222fe22d5832ce162da83478b32fd34f566
65df3e2bcf21b2948d4ec59a,6e4ee7b9353905c4e1e03d55fb567456a23b03f12a376d704842030ef2b9761a
67fcb68eab7e60756ed4a2cb,e0363186f766790f70decb03b1d3deea740296a5d0e8c96874985c3ae4e22a7d
6a1fed4891996e05c0005cf6,261277eab306635d4a7d5970117305e953edda186f32ed387197dc5d833ede16
641aee757bee9c5d5a416062,23f539a40a85a13f2c1da4d8d7f3a61c9dc42803d07d939c3b33637dfe925ad4
6a26b82e91996e05c0e298f6,3c4328a1e39faed5f175c652d263e24aa20c234e9690e16c9ad66f17a23aad26
6a1fe98a91996e05c0ed1942,f2724133fab379209d134d98ee872ffa92932dbe1b4a86590874d6f183d77a0f
6a1fef4991996e05c00a36d1,3b0a3b16824a3cbaee1450ab931375a998cd947e661ce5c3a90e86e94bf36090
6a1fed5a91996e05c000b6d3,e8fb9ebe42f1dfb20f2d210e3a9aa58cc6e970eedef45eee70b983dc8c97b049
67ea25fcab7e60756e775117,39fa10716e6d61730e4966d7ad71344e85b0532e691a6757be12af25e53bd62b
